route;date;hour;prediction
1;2025-11-01;0;0
1;2025-11-01;1;0
1;2025-11-01;2;0
1;2025-11-01;3;0
1;2025-11-01;4;7
1;2025-11-01;5;126
1;2025-11-01;6;517
1;2025-11-01;7;1421
1;2025-11-01;8;1803
1;2025-11-01;9;1352
1;2025-11-01;10;1211
1;2025-11-01;11;1236
1;2025-11-01;12;1292
1;2025-11-01;13;1277
1;2025-11-01;14;1226
1;2025-11-01;15;1416
1;2025-11-01;16;1425
1;2025-11-01;17;1669
1;2025-11-01;18;1771
1;2025-11-01;19;1364
1;2025-11-01;20;851
1;2025-11-01;21;449
1;2025-11-01;22;219
1;2025-11-01;23;42
1;2025-11-02;0;0
1;2025-11-02;1;0
1;2025-11-02;2;0
1;2025-11-02;3;0
1;2025-11-02;4;1
1;2025-11-02;5;44
1;2025-11-02;6;192
1;2025-11-02;7;465
1;2025-11-02;8;620
1;2025-11-02;9;724
1;2025-11-02;10;780
1;2025-11-02;11;751
1;2025-11-02;12;882
1;2025-11-02;13;902
1;2025-11-02;14;828
1;2025-11-02;15;809
1;2025-11-02;16;768
1;2025-11-02;17;768
1;2025-11-02;18;743
1;2025-11-02;19;610
1;2025-11-02;20;453
1;2025-11-02;21;296
1;2025-11-02;22;137
1;2025-11-02;23;33
1;2025-11-03;0;0
1;2025-11-03;1;0
1;2025-11-03;2;0
1;2025-11-03;3;0
1;2025-11-03;4;1
1;2025-11-03;5;44
1;2025-11-03;6;192
1;2025-11-03;7;465
1;2025-11-03;8;620
1;2025-11-03;9;724
1;2025-11-03;10;780
1;2025-11-03;11;751
1;2025-11-03;12;882
1;2025-11-03;13;902
1;2025-11-03;14;828
1;2025-11-03;15;809
1;2025-11-03;16;768
1;2025-11-03;17;768
1;2025-11-03;18;743
1;2025-11-03;19;610
1;2025-11-03;20;453
1;2025-11-03;21;296
1;2025-11-03;22;137
1;2025-11-03;23;33
1;2025-11-04;0;0
1;2025-11-04;1;0
1;2025-11-04;2;0
1;2025-11-04;3;0
1;2025-11-04;4;1
1;2025-11-04;5;44
1;2025-11-04;6;192
1;2025-11-04;7;465
1;2025-11-04;8;620
1;2025-11-04;9;724
1;2025-11-04;10;780
1;2025-11-04;11;751
1;2025-11-04;12;882
1;2025-11-04;13;902
1;2025-11-04;14;828
1;2025-11-04;15;809
1;2025-11-04;16;768
1;2025-11-04;17;768
1;2025-11-04;18;743
1;2025-11-04;19;610
1;2025-11-04;20;453
1;2025-11-04;21;296
1;2025-11-04;22;137
1;2025-11-04;23;33
1;2025-11-05;0;4
1;2025-11-05;1;0
1;2025-11-05;2;0
1;2025-11-05;3;0
1;2025-11-05;4;7
1;2025-11-05;5;133
1;2025-11-05;6;542
1;2025-11-05;7;1434
1;2025-11-05;8;1826
1;2025-11-05;9;1425
1;2025-11-05;10;1262
1;2025-11-05;11;1298
1;2025-11-05;12;1316
1;2025-11-05;13;1365
1;2025-11-05;14;1306
1;2025-11-05;15;1414
1;2025-11-05;16;1416
1;2025-11-05;17;1693
1;2025-11-05;18;1699
1;2025-11-05;19;1322
1;2025-11-05;20;848
1;2025-11-05;21;462
1;2025-11-05;22;251
1;2025-11-05;23;43
1;2025-11-06;0;4
1;2025-11-06;1;0
1;2025-11-06;2;0
1;2025-11-06;3;0
1;2025-11-06;4;7
1;2025-11-06;5;123
1;2025-11-06;6;514
1;2025-11-06;7;1449
1;2025-11-06;8;1845
1;2025-11-06;9;1432
1;2025-11-06;10;1283
1;2025-11-06;11;1316
1;2025-11-06;12;1333
1;2025-11-06;13;1377
1;2025-11-06;14;1295
1;2025-11-06;15;1451
1;2025-11-06;16;1463
1;2025-11-06;17;1699
1;2025-11-06;18;1707
1;2025-11-06;19;1321
1;2025-11-06;20;859
1;2025-11-06;21;469
1;2025-11-06;22;237
1;2025-11-06;23;51
1;2025-11-07;0;4
1;2025-11-07;1;0
1;2025-11-07;2;0
1;2025-11-07;3;0
1;2025-11-07;4;7
1;2025-11-07;5;130
1;2025-11-07;6;510
1;2025-11-07;7;1453
1;2025-11-07;8;1776
1;2025-11-07;9;1382
1;2025-11-07;10;1255
1;2025-11-07;11;1323
1;2025-11-07;12;1317
1;2025-11-07;13;1380
1;2025-11-07;14;1304
1;2025-11-07;15;1428
1;2025-11-07;16;1496
1;2025-11-07;17;1642
1;2025-11-07;18;1514
1;2025-11-07;19;1158
1;2025-11-07;20;786
1;2025-11-07;21;485
1;2025-11-07;22;247
1;2025-11-07;23;47
1;2025-11-08;0;4
1;2025-11-08;1;0
1;2025-11-08;2;0
1;2025-11-08;3;0
1;2025-11-08;4;1
1;2025-11-08;5;50
1;2025-11-08;6;230
1;2025-11-08;7;519
1;2025-11-08;8;690
1;2025-11-08;9;822
1;2025-11-08;10;858
1;2025-11-08;11;804
1;2025-11-08;12;958
1;2025-11-08;13;985
1;2025-11-08;14;897
1;2025-11-08;15;840
1;2025-11-08;16;841
1;2025-11-08;17;856
1;2025-11-08;18;791
1;2025-11-08;19;676
1;2025-11-08;20;482
1;2025-11-08;21;321
1;2025-11-08;22;149
1;2025-11-08;23;34
1;2025-11-09;0;0
1;2025-11-09;1;0
1;2025-11-09;2;0
1;2025-11-09;3;0
1;2025-11-09;4;1
1;2025-11-09;5;44
1;2025-11-09;6;192
1;2025-11-09;7;465
1;2025-11-09;8;620
1;2025-11-09;9;724
1;2025-11-09;10;780
1;2025-11-09;11;751
1;2025-11-09;12;882
1;2025-11-09;13;902
1;2025-11-09;14;828
1;2025-11-09;15;809
1;2025-11-09;16;768
1;2025-11-09;17;768
1;2025-11-09;18;743
1;2025-11-09;19;610
1;2025-11-09;20;453
1;2025-11-09;21;296
1;2025-11-09;22;137
1;2025-11-09;23;33
1;2025-11-10;0;0
1;2025-11-10;1;0
1;2025-11-10;2;0
1;2025-11-10;3;0
1;2025-11-10;4;7
1;2025-11-10;5;126
1;2025-11-10;6;517
1;2025-11-10;7;1421
1;2025-11-10;8;1803
1;2025-11-10;9;1352
1;2025-11-10;10;1211
1;2025-11-10;11;1236
1;2025-11-10;12;1292
1;2025-11-10;13;1277
1;2025-11-10;14;1226
1;2025-11-10;15;1416
1;2025-11-10;16;1425
1;2025-11-10;17;1669
1;2025-11-10;18;1771
1;2025-11-10;19;1364
1;2025-11-10;20;851
1;2025-11-10;21;449
1;2025-11-10;22;219
1;2025-11-10;23;42
1;2025-11-11;0;3
1;2025-11-11;1;0
1;2025-11-11;2;0
1;2025-11-11;3;0
1;2025-11-11;4;6
1;2025-11-11;5;134
1;2025-11-11;6;536
1;2025-11-11;7;1479
1;2025-11-11;8;1840
1;2025-11-11;9;1441
1;2025-11-11;10;1301
1;2025-11-11;11;1299
1;2025-11-11;12;1334
1;2025-11-11;13;1349
1;2025-11-11;14;1257
1;2025-11-11;15;1407
1;2025-11-11;16;1450
1;2025-11-11;17;1694
1;2025-11-11;18;1727
1;2025-11-11;19;1358
1;2025-11-11;20;885
1;2025-11-11;21;470
1;2025-11-11;22;233
1;2025-11-11;23;42
1;2025-11-12;0;4
1;2025-11-12;1;0
1;2025-11-12;2;0
1;2025-11-12;3;0
1;2025-11-12;4;7
1;2025-11-12;5;133
1;2025-11-12;6;542
1;2025-11-12;7;1434
1;2025-11-12;8;1826
1;2025-11-12;9;1425
1;2025-11-12;10;1262
1;2025-11-12;11;1298
1;2025-11-12;12;1316
1;2025-11-12;13;1365
1;2025-11-12;14;1306
1;2025-11-12;15;1414
1;2025-11-12;16;1416
1;2025-11-12;17;1693
1;2025-11-12;18;1699
1;2025-11-12;19;1322
1;2025-11-12;20;848
1;2025-11-12;21;462
1;2025-11-12;22;251
1;2025-11-12;23;43
1;2025-11-13;0;4
1;2025-11-13;1;0
1;2025-11-13;2;0
1;2025-11-13;3;0
1;2025-11-13;4;7
1;2025-11-13;5;123
1;2025-11-13;6;514
1;2025-11-13;7;1449
1;2025-11-13;8;1845
1;2025-11-13;9;1432
1;2025-11-13;10;1283
1;2025-11-13;11;1316
1;2025-11-13;12;1333
1;2025-11-13;13;1377
1;2025-11-13;14;1295
1;2025-11-13;15;1451
1;2025-11-13;16;1463
1;2025-11-13;17;1699
1;2025-11-13;18;1707
1;2025-11-13;19;1321
1;2025-11-13;20;859
1;2025-11-13;21;469
1;2025-11-13;22;237
1;2025-11-13;23;51
1;2025-11-14;0;4
1;2025-11-14;1;0
1;2025-11-14;2;0
1;2025-11-14;3;0
1;2025-11-14;4;7
1;2025-11-14;5;130
1;2025-11-14;6;510
1;2025-11-14;7;1453
1;2025-11-14;8;1776
1;2025-11-14;9;1382
1;2025-11-14;10;1255
1;2025-11-14;11;1323
1;2025-11-14;12;1317
1;2025-11-14;13;1380
1;2025-11-14;14;1304
1;2025-11-14;15;1428
1;2025-11-14;16;1496
1;2025-11-14;17;1642
1;2025-11-14;18;1514
1;2025-11-14;19;1158
1;2025-11-14;20;786
1;2025-11-14;21;485
1;2025-11-14;22;247
1;2025-11-14;23;47
1;2025-11-15;0;4
1;2025-11-15;1;0
1;2025-11-15;2;0
1;2025-11-15;3;0
1;2025-11-15;4;1
1;2025-11-15;5;50
1;2025-11-15;6;230
1;2025-11-15;7;519
1;2025-11-15;8;690
1;2025-11-15;9;822
1;2025-11-15;10;858
1;2025-11-15;11;804
1;2025-11-15;12;958
1;2025-11-15;13;985
1;2025-11-15;14;897
1;2025-11-15;15;840
1;2025-11-15;16;841
1;2025-11-15;17;856
1;2025-11-15;18;791
1;2025-11-15;19;676
1;2025-11-15;20;482
1;2025-11-15;21;321
1;2025-11-15;22;149
1;2025-11-15;23;34
1;2025-11-16;0;0
1;2025-11-16;1;0
1;2025-11-16;2;0
1;2025-11-16;3;0
1;2025-11-16;4;1
1;2025-11-16;5;44
1;2025-11-16;6;192
1;2025-11-16;7;465
1;2025-11-16;8;620
1;2025-11-16;9;724
1;2025-11-16;10;780
1;2025-11-16;11;751
1;2025-11-16;12;882
1;2025-11-16;13;902
1;2025-11-16;14;828
1;2025-11-16;15;809
1;2025-11-16;16;768
1;2025-11-16;17;768
1;2025-11-16;18;743
1;2025-11-16;19;610
1;2025-11-16;20;453
1;2025-11-16;21;296
1;2025-11-16;22;137
1;2025-11-16;23;33
1;2025-11-17;0;0
1;2025-11-17;1;0
1;2025-11-17;2;0
1;2025-11-17;3;0
1;2025-11-17;4;7
1;2025-11-17;5;126
1;2025-11-17;6;517
1;2025-11-17;7;1421
1;2025-11-17;8;1803
1;2025-11-17;9;1352
1;2025-11-17;10;1211
1;2025-11-17;11;1236
1;2025-11-17;12;1292
1;2025-11-17;13;1277
1;2025-11-17;14;1226
1;2025-11-17;15;1416
1;2025-11-17;16;1425
1;2025-11-17;17;1669
1;2025-11-17;18;1771
1;2025-11-17;19;1364
1;2025-11-17;20;851
1;2025-11-17;21;449
1;2025-11-17;22;219
1;2025-11-17;23;42
1;2025-11-18;0;3
1;2025-11-18;1;0
1;2025-11-18;2;0
1;2025-11-18;3;0
1;2025-11-18;4;6
1;2025-11-18;5;134
1;2025-11-18;6;536
1;2025-11-18;7;1479
1;2025-11-18;8;1840
1;2025-11-18;9;1441
1;2025-11-18;10;1301
1;2025-11-18;11;1299
1;2025-11-18;12;1334
1;2025-11-18;13;1349
1;2025-11-18;14;1257
1;2025-11-18;15;1407
1;2025-11-18;16;1450
1;2025-11-18;17;1694
1;2025-11-18;18;1727
1;2025-11-18;19;1358
1;2025-11-18;20;885
1;2025-11-18;21;470
1;2025-11-18;22;233
1;2025-11-18;23;42
1;2025-11-19;0;4
1;2025-11-19;1;0
1;2025-11-19;2;0
1;2025-11-19;3;0
1;2025-11-19;4;7
1;2025-11-19;5;133
1;2025-11-19;6;542
1;2025-11-19;7;1434
1;2025-11-19;8;1826
1;2025-11-19;9;1425
1;2025-11-19;10;1262
1;2025-11-19;11;1298
1;2025-11-19;12;1316
1;2025-11-19;13;1365
1;2025-11-19;14;1306
1;2025-11-19;15;1414
1;2025-11-19;16;1416
1;2025-11-19;17;1693
1;2025-11-19;18;1699
1;2025-11-19;19;1322
1;2025-11-19;20;848
1;2025-11-19;21;462
1;2025-11-19;22;251
1;2025-11-19;23;43
1;2025-11-20;0;4
1;2025-11-20;1;0
1;2025-11-20;2;0
1;2025-11-20;3;0
1;2025-11-20;4;7
1;2025-11-20;5;123
1;2025-11-20;6;514
1;2025-11-20;7;1449
1;2025-11-20;8;1845
1;2025-11-20;9;1432
1;2025-11-20;10;1283
1;2025-11-20;11;1316
1;2025-11-20;12;1333
1;2025-11-20;13;1377
1;2025-11-20;14;1295
1;2025-11-20;15;1451
1;2025-11-20;16;1463
1;2025-11-20;17;1699
1;2025-11-20;18;1707
1;2025-11-20;19;1321
1;2025-11-20;20;859
1;2025-11-20;21;469
1;2025-11-20;22;237
1;2025-11-20;23;51
1;2025-11-21;0;4
1;2025-11-21;1;0
1;2025-11-21;2;0
1;2025-11-21;3;0
1;2025-11-21;4;7
1;2025-11-21;5;130
1;2025-11-21;6;510
1;2025-11-21;7;1453
1;2025-11-21;8;1776
1;2025-11-21;9;1382
1;2025-11-21;10;1255
1;2025-11-21;11;1323
1;2025-11-21;12;1317
1;2025-11-21;13;1380
1;2025-11-21;14;1304
1;2025-11-21;15;1428
1;2025-11-21;16;1496
1;2025-11-21;17;1642
1;2025-11-21;18;1514
1;2025-11-21;19;1158
1;2025-11-21;20;786
1;2025-11-21;21;485
1;2025-11-21;22;247
1;2025-11-21;23;47
1;2025-11-22;0;4
1;2025-11-22;1;0
1;2025-11-22;2;0
1;2025-11-22;3;0
1;2025-11-22;4;1
1;2025-11-22;5;50
1;2025-11-22;6;230
1;2025-11-22;7;519
1;2025-11-22;8;690
1;2025-11-22;9;822
1;2025-11-22;10;858
1;2025-11-22;11;804
1;2025-11-22;12;958
1;2025-11-22;13;985
1;2025-11-22;14;897
1;2025-11-22;15;840
1;2025-11-22;16;841
1;2025-11-22;17;856
1;2025-11-22;18;791
1;2025-11-22;19;676
1;2025-11-22;20;482
1;2025-11-22;21;321
1;2025-11-22;22;149
1;2025-11-22;23;34
1;2025-11-23;0;0
1;2025-11-23;1;0
1;2025-11-23;2;0
1;2025-11-23;3;0
1;2025-11-23;4;1
1;2025-11-23;5;44
1;2025-11-23;6;192
1;2025-11-23;7;465
1;2025-11-23;8;620
1;2025-11-23;9;724
1;2025-11-23;10;780
1;2025-11-23;11;751
1;2025-11-23;12;882
1;2025-11-23;13;902
1;2025-11-23;14;828
1;2025-11-23;15;809
1;2025-11-23;16;768
1;2025-11-23;17;768
1;2025-11-23;18;743
1;2025-11-23;19;610
1;2025-11-23;20;453
1;2025-11-23;21;296
1;2025-11-23;22;137
1;2025-11-23;23;33
1;2025-11-24;0;0
1;2025-11-24;1;0
1;2025-11-24;2;0
1;2025-11-24;3;0
1;2025-11-24;4;7
1;2025-11-24;5;126
1;2025-11-24;6;517
1;2025-11-24;7;1421
1;2025-11-24;8;1803
1;2025-11-24;9;1352
1;2025-11-24;10;1211
1;2025-11-24;11;1236
1;2025-11-24;12;1292
1;2025-11-24;13;1277
1;2025-11-24;14;1226
1;2025-11-24;15;1416
1;2025-11-24;16;1425
1;2025-11-24;17;1669
1;2025-11-24;18;1771
1;2025-11-24;19;1364
1;2025-11-24;20;851
1;2025-11-24;21;449
1;2025-11-24;22;219
1;2025-11-24;23;42
1;2025-11-25;0;3
1;2025-11-25;1;0
1;2025-11-25;2;0
1;2025-11-25;3;0
1;2025-11-25;4;6
1;2025-11-25;5;134
1;2025-11-25;6;536
1;2025-11-25;7;1479
1;2025-11-25;8;1840
1;2025-11-25;9;1441
1;2025-11-25;10;1301
1;2025-11-25;11;1299
1;2025-11-25;12;1334
1;2025-11-25;13;1349
1;2025-11-25;14;1257
1;2025-11-25;15;1407
1;2025-11-25;16;1450
1;2025-11-25;17;1694
1;2025-11-25;18;1727
1;2025-11-25;19;1358
1;2025-11-25;20;885
1;2025-11-25;21;470
1;2025-11-25;22;233
1;2025-11-25;23;42
1;2025-11-26;0;4
1;2025-11-26;1;0
1;2025-11-26;2;0
1;2025-11-26;3;0
1;2025-11-26;4;7
1;2025-11-26;5;133
1;2025-11-26;6;542
1;2025-11-26;7;1434
1;2025-11-26;8;1826
1;2025-11-26;9;1425
1;2025-11-26;10;1262
1;2025-11-26;11;1298
1;2025-11-26;12;1316
1;2025-11-26;13;1365
1;2025-11-26;14;1306
1;2025-11-26;15;1414
1;2025-11-26;16;1416
1;2025-11-26;17;1693
1;2025-11-26;18;1699
1;2025-11-26;19;1322
1;2025-11-26;20;848
1;2025-11-26;21;462
1;2025-11-26;22;251
1;2025-11-26;23;43
1;2025-11-27;0;4
1;2025-11-27;1;0
1;2025-11-27;2;0
1;2025-11-27;3;0
1;2025-11-27;4;7
1;2025-11-27;5;123
1;2025-11-27;6;514
1;2025-11-27;7;1449
1;2025-11-27;8;1845
1;2025-11-27;9;1432
1;2025-11-27;10;1283
1;2025-11-27;11;1316
1;2025-11-27;12;1333
1;2025-11-27;13;1377
1;2025-11-27;14;1295
1;2025-11-27;15;1451
1;2025-11-27;16;1463
1;2025-11-27;17;1699
1;2025-11-27;18;1707
1;2025-11-27;19;1321
1;2025-11-27;20;859
1;2025-11-27;21;469
1;2025-11-27;22;237
1;2025-11-27;23;51
1;2025-11-28;0;4
1;2025-11-28;1;0
1;2025-11-28;2;0
1;2025-11-28;3;0
1;2025-11-28;4;7
1;2025-11-28;5;130
1;2025-11-28;6;510
1;2025-11-28;7;1453
1;2025-11-28;8;1776
1;2025-11-28;9;1382
1;2025-11-28;10;1255
1;2025-11-28;11;1323
1;2025-11-28;12;1317
1;2025-11-28;13;1380
1;2025-11-28;14;1304
1;2025-11-28;15;1428
1;2025-11-28;16;1496
1;2025-11-28;17;1642
1;2025-11-28;18;1514
1;2025-11-28;19;1158
1;2025-11-28;20;786
1;2025-11-28;21;485
1;2025-11-28;22;247
1;2025-11-28;23;47
1;2025-11-29;0;4
1;2025-11-29;1;0
1;2025-11-29;2;0
1;2025-11-29;3;0
1;2025-11-29;4;1
1;2025-11-29;5;50
1;2025-11-29;6;230
1;2025-11-29;7;519
1;2025-11-29;8;690
1;2025-11-29;9;822
1;2025-11-29;10;858
1;2025-11-29;11;804
1;2025-11-29;12;958
1;2025-11-29;13;985
1;2025-11-29;14;897
1;2025-11-29;15;840
1;2025-11-29;16;841
1;2025-11-29;17;856
1;2025-11-29;18;791
1;2025-11-29;19;676
1;2025-11-29;20;482
1;2025-11-29;21;321
1;2025-11-29;22;149
1;2025-11-29;23;34
1;2025-11-30;0;0
1;2025-11-30;1;0
1;2025-11-30;2;0
1;2025-11-30;3;0
1;2025-11-30;4;1
1;2025-11-30;5;44
1;2025-11-30;6;192
1;2025-11-30;7;465
1;2025-11-30;8;620
1;2025-11-30;9;724
1;2025-11-30;10;780
1;2025-11-30;11;751
1;2025-11-30;12;882
1;2025-11-30;13;902
1;2025-11-30;14;828
1;2025-11-30;15;809
1;2025-11-30;16;768
1;2025-11-30;17;768
1;2025-11-30;18;743
1;2025-11-30;19;610
1;2025-11-30;20;453
1;2025-11-30;21;296
1;2025-11-30;22;137
1;2025-11-30;23;33
1;2025-12-01;0;0
1;2025-12-01;1;0
1;2025-12-01;2;0
1;2025-12-01;3;0
1;2025-12-01;4;7
1;2025-12-01;5;126
1;2025-12-01;6;517
1;2025-12-01;7;1421
1;2025-12-01;8;1803
1;2025-12-01;9;1352
1;2025-12-01;10;1211
1;2025-12-01;11;1236
1;2025-12-01;12;1292
1;2025-12-01;13;1277
1;2025-12-01;14;1226
1;2025-12-01;15;1416
1;2025-12-01;16;1425
1;2025-12-01;17;1669
1;2025-12-01;18;1771
1;2025-12-01;19;1364
1;2025-12-01;20;851
1;2025-12-01;21;449
1;2025-12-01;22;219
1;2025-12-01;23;42
1;2025-12-02;0;3
1;2025-12-02;1;0
1;2025-12-02;2;0
1;2025-12-02;3;0
1;2025-12-02;4;6
1;2025-12-02;5;134
1;2025-12-02;6;536
1;2025-12-02;7;1479
1;2025-12-02;8;1840
1;2025-12-02;9;1441
1;2025-12-02;10;1301
1;2025-12-02;11;1299
1;2025-12-02;12;1334
1;2025-12-02;13;1349
1;2025-12-02;14;1257
1;2025-12-02;15;1407
1;2025-12-02;16;1450
1;2025-12-02;17;1694
1;2025-12-02;18;1727
1;2025-12-02;19;1358
1;2025-12-02;20;885
1;2025-12-02;21;470
1;2025-12-02;22;233
1;2025-12-02;23;42
1;2025-12-03;0;4
1;2025-12-03;1;0
1;2025-12-03;2;0
1;2025-12-03;3;0
1;2025-12-03;4;7
1;2025-12-03;5;133
1;2025-12-03;6;542
1;2025-12-03;7;1434
1;2025-12-03;8;1826
1;2025-12-03;9;1425
1;2025-12-03;10;1262
1;2025-12-03;11;1298
1;2025-12-03;12;1316
1;2025-12-03;13;1365
1;2025-12-03;14;1306
1;2025-12-03;15;1414
1;2025-12-03;16;1416
1;2025-12-03;17;1693
1;2025-12-03;18;1699
1;2025-12-03;19;1322
1;2025-12-03;20;848
1;2025-12-03;21;462
1;2025-12-03;22;251
1;2025-12-03;23;43
1;2025-12-04;0;4
1;2025-12-04;1;0
1;2025-12-04;2;0
1;2025-12-04;3;0
1;2025-12-04;4;7
1;2025-12-04;5;123
1;2025-12-04;6;514
1;2025-12-04;7;1449
1;2025-12-04;8;1845
1;2025-12-04;9;1432
1;2025-12-04;10;1283
1;2025-12-04;11;1316
1;2025-12-04;12;1333
1;2025-12-04;13;1377
1;2025-12-04;14;1295
1;2025-12-04;15;1451
1;2025-12-04;16;1463
1;2025-12-04;17;1699
1;2025-12-04;18;1707
1;2025-12-04;19;1321
1;2025-12-04;20;859
1;2025-12-04;21;469
1;2025-12-04;22;237
1;2025-12-04;23;51
1;2025-12-05;0;4
1;2025-12-05;1;0
1;2025-12-05;2;0
1;2025-12-05;3;0
1;2025-12-05;4;7
1;2025-12-05;5;130
1;2025-12-05;6;510
1;2025-12-05;7;1453
1;2025-12-05;8;1776
1;2025-12-05;9;1382
1;2025-12-05;10;1255
1;2025-12-05;11;1323
1;2025-12-05;12;1317
1;2025-12-05;13;1380
1;2025-12-05;14;1304
1;2025-12-05;15;1428
1;2025-12-05;16;1496
1;2025-12-05;17;1642
1;2025-12-05;18;1514
1;2025-12-05;19;1158
1;2025-12-05;20;786
1;2025-12-05;21;485
1;2025-12-05;22;247
1;2025-12-05;23;47
1;2025-12-06;0;4
1;2025-12-06;1;0
1;2025-12-06;2;0
1;2025-12-06;3;0
1;2025-12-06;4;1
1;2025-12-06;5;50
1;2025-12-06;6;230
1;2025-12-06;7;519
1;2025-12-06;8;690
1;2025-12-06;9;822
1;2025-12-06;10;858
1;2025-12-06;11;804
1;2025-12-06;12;958
1;2025-12-06;13;985
1;2025-12-06;14;897
1;2025-12-06;15;840
1;2025-12-06;16;841
1;2025-12-06;17;856
1;2025-12-06;18;791
1;2025-12-06;19;676
1;2025-12-06;20;482
1;2025-12-06;21;321
1;2025-12-06;22;149
1;2025-12-06;23;34
1;2025-12-07;0;0
1;2025-12-07;1;0
1;2025-12-07;2;0
1;2025-12-07;3;0
1;2025-12-07;4;1
1;2025-12-07;5;44
1;2025-12-07;6;192
1;2025-12-07;7;465
1;2025-12-07;8;620
1;2025-12-07;9;724
1;2025-12-07;10;780
1;2025-12-07;11;751
1;2025-12-07;12;882
1;2025-12-07;13;902
1;2025-12-07;14;828
1;2025-12-07;15;809
1;2025-12-07;16;768
1;2025-12-07;17;768
1;2025-12-07;18;743
1;2025-12-07;19;610
1;2025-12-07;20;453
1;2025-12-07;21;296
1;2025-12-07;22;137
1;2025-12-07;23;33
1;2025-12-08;0;0
1;2025-12-08;1;0
1;2025-12-08;2;0
1;2025-12-08;3;0
1;2025-12-08;4;7
1;2025-12-08;5;126
1;2025-12-08;6;517
1;2025-12-08;7;1421
1;2025-12-08;8;1803
1;2025-12-08;9;1352
1;2025-12-08;10;1211
1;2025-12-08;11;1236
1;2025-12-08;12;1292
1;2025-12-08;13;1277
1;2025-12-08;14;1226
1;2025-12-08;15;1416
1;2025-12-08;16;1425
1;2025-12-08;17;1669
1;2025-12-08;18;1771
1;2025-12-08;19;1364
1;2025-12-08;20;851
1;2025-12-08;21;449
1;2025-12-08;22;219
1;2025-12-08;23;42
1;2025-12-09;0;3
1;2025-12-09;1;0
1;2025-12-09;2;0
1;2025-12-09;3;0
1;2025-12-09;4;6
1;2025-12-09;5;134
1;2025-12-09;6;536
1;2025-12-09;7;1479
1;2025-12-09;8;1840
1;2025-12-09;9;1441
1;2025-12-09;10;1301
1;2025-12-09;11;1299
1;2025-12-09;12;1334
1;2025-12-09;13;1349
1;2025-12-09;14;1257
1;2025-12-09;15;1407
1;2025-12-09;16;1450
1;2025-12-09;17;1694
1;2025-12-09;18;1727
1;2025-12-09;19;1358
1;2025-12-09;20;885
1;2025-12-09;21;470
1;2025-12-09;22;233
1;2025-12-09;23;42
1;2025-12-10;0;4
1;2025-12-10;1;0
1;2025-12-10;2;0
1;2025-12-10;3;0
1;2025-12-10;4;7
1;2025-12-10;5;133
1;2025-12-10;6;542
1;2025-12-10;7;1434
1;2025-12-10;8;1826
1;2025-12-10;9;1425
1;2025-12-10;10;1262
1;2025-12-10;11;1298
1;2025-12-10;12;1316
1;2025-12-10;13;1365
1;2025-12-10;14;1306
1;2025-12-10;15;1414
1;2025-12-10;16;1416
1;2025-12-10;17;1693
1;2025-12-10;18;1699
1;2025-12-10;19;1322
1;2025-12-10;20;848
1;2025-12-10;21;462
1;2025-12-10;22;251
1;2025-12-10;23;43
1;2025-12-11;0;4
1;2025-12-11;1;0
1;2025-12-11;2;0
1;2025-12-11;3;0
1;2025-12-11;4;7
1;2025-12-11;5;123
1;2025-12-11;6;514
1;2025-12-11;7;1449
1;2025-12-11;8;1845
1;2025-12-11;9;1432
1;2025-12-11;10;1283
1;2025-12-11;11;1316
1;2025-12-11;12;1333
1;2025-12-11;13;1377
1;2025-12-11;14;1295
1;2025-12-11;15;1451
1;2025-12-11;16;1463
1;2025-12-11;17;1699
1;2025-12-11;18;1707
1;2025-12-11;19;1321
1;2025-12-11;20;859
1;2025-12-11;21;469
1;2025-12-11;22;237
1;2025-12-11;23;51
1;2025-12-12;0;4
1;2025-12-12;1;0
1;2025-12-12;2;0
1;2025-12-12;3;0
1;2025-12-12;4;7
1;2025-12-12;5;130
1;2025-12-12;6;510
1;2025-12-12;7;1453
1;2025-12-12;8;1776
1;2025-12-12;9;1382
1;2025-12-12;10;1255
1;2025-12-12;11;1323
1;2025-12-12;12;1317
1;2025-12-12;13;1380
1;2025-12-12;14;1304
1;2025-12-12;15;1428
1;2025-12-12;16;1496
1;2025-12-12;17;1642
1;2025-12-12;18;1514
1;2025-12-12;19;1158
1;2025-12-12;20;786
1;2025-12-12;21;485
1;2025-12-12;22;247
1;2025-12-12;23;47
1;2025-12-13;0;4
1;2025-12-13;1;0
1;2025-12-13;2;0
1;2025-12-13;3;0
1;2025-12-13;4;1
1;2025-12-13;5;50
1;2025-12-13;6;230
1;2025-12-13;7;519
1;2025-12-13;8;690
1;2025-12-13;9;822
1;2025-12-13;10;858
1;2025-12-13;11;804
1;2025-12-13;12;958
1;2025-12-13;13;985
1;2025-12-13;14;897
1;2025-12-13;15;840
1;2025-12-13;16;841
1;2025-12-13;17;856
1;2025-12-13;18;791
1;2025-12-13;19;676
1;2025-12-13;20;482
1;2025-12-13;21;321
1;2025-12-13;22;149
1;2025-12-13;23;34
1;2025-12-14;0;0
1;2025-12-14;1;0
1;2025-12-14;2;0
1;2025-12-14;3;0
1;2025-12-14;4;1
1;2025-12-14;5;44
1;2025-12-14;6;192
1;2025-12-14;7;465
1;2025-12-14;8;620
1;2025-12-14;9;724
1;2025-12-14;10;780
1;2025-12-14;11;751
1;2025-12-14;12;882
1;2025-12-14;13;902
1;2025-12-14;14;828
1;2025-12-14;15;809
1;2025-12-14;16;768
1;2025-12-14;17;768
1;2025-12-14;18;743
1;2025-12-14;19;610
1;2025-12-14;20;453
1;2025-12-14;21;296
1;2025-12-14;22;137
1;2025-12-14;23;33
1;2025-12-15;0;0
1;2025-12-15;1;0
1;2025-12-15;2;0
1;2025-12-15;3;0
1;2025-12-15;4;7
1;2025-12-15;5;126
1;2025-12-15;6;517
1;2025-12-15;7;1421
1;2025-12-15;8;1803
1;2025-12-15;9;1352
1;2025-12-15;10;1211
1;2025-12-15;11;1236
1;2025-12-15;12;1292
1;2025-12-15;13;1277
1;2025-12-15;14;1226
1;2025-12-15;15;1416
1;2025-12-15;16;1425
1;2025-12-15;17;1669
1;2025-12-15;18;1771
1;2025-12-15;19;1364
1;2025-12-15;20;851
1;2025-12-15;21;449
1;2025-12-15;22;219
1;2025-12-15;23;42
1;2025-12-16;0;3
1;2025-12-16;1;0
1;2025-12-16;2;0
1;2025-12-16;3;0
1;2025-12-16;4;6
1;2025-12-16;5;134
1;2025-12-16;6;536
1;2025-12-16;7;1479
1;2025-12-16;8;1840
1;2025-12-16;9;1441
1;2025-12-16;10;1301
1;2025-12-16;11;1299
1;2025-12-16;12;1334
1;2025-12-16;13;1349
1;2025-12-16;14;1257
1;2025-12-16;15;1407
1;2025-12-16;16;1450
1;2025-12-16;17;1694
1;2025-12-16;18;1727
1;2025-12-16;19;1358
1;2025-12-16;20;885
1;2025-12-16;21;470
1;2025-12-16;22;233
1;2025-12-16;23;42
1;2025-12-17;0;4
1;2025-12-17;1;0
1;2025-12-17;2;0
1;2025-12-17;3;0
1;2025-12-17;4;7
1;2025-12-17;5;133
1;2025-12-17;6;542
1;2025-12-17;7;1434
1;2025-12-17;8;1826
1;2025-12-17;9;1425
1;2025-12-17;10;1262
1;2025-12-17;11;1298
1;2025-12-17;12;1316
1;2025-12-17;13;1365
1;2025-12-17;14;1306
1;2025-12-17;15;1414
1;2025-12-17;16;1416
1;2025-12-17;17;1693
1;2025-12-17;18;1699
1;2025-12-17;19;1322
1;2025-12-17;20;848
1;2025-12-17;21;462
1;2025-12-17;22;251
1;2025-12-17;23;43
1;2025-12-18;0;4
1;2025-12-18;1;0
1;2025-12-18;2;0
1;2025-12-18;3;0
1;2025-12-18;4;7
1;2025-12-18;5;123
1;2025-12-18;6;514
1;2025-12-18;7;1449
1;2025-12-18;8;1845
1;2025-12-18;9;1432
1;2025-12-18;10;1283
1;2025-12-18;11;1316
1;2025-12-18;12;1333
1;2025-12-18;13;1377
1;2025-12-18;14;1295
1;2025-12-18;15;1451
1;2025-12-18;16;1463
1;2025-12-18;17;1699
1;2025-12-18;18;1707
1;2025-12-18;19;1321
1;2025-12-18;20;859
1;2025-12-18;21;469
1;2025-12-18;22;237
1;2025-12-18;23;51
1;2025-12-19;0;4
1;2025-12-19;1;0
1;2025-12-19;2;0
1;2025-12-19;3;0
1;2025-12-19;4;7
1;2025-12-19;5;130
1;2025-12-19;6;510
1;2025-12-19;7;1453
1;2025-12-19;8;1776
1;2025-12-19;9;1382
1;2025-12-19;10;1255
1;2025-12-19;11;1323
1;2025-12-19;12;1317
1;2025-12-19;13;1380
1;2025-12-19;14;1304
1;2025-12-19;15;1428
1;2025-12-19;16;1496
1;2025-12-19;17;1642
1;2025-12-19;18;1514
1;2025-12-19;19;1158
1;2025-12-19;20;786
1;2025-12-19;21;485
1;2025-12-19;22;247
1;2025-12-19;23;47
1;2025-12-20;0;4
1;2025-12-20;1;0
1;2025-12-20;2;0
1;2025-12-20;3;0
1;2025-12-20;4;1
1;2025-12-20;5;50
1;2025-12-20;6;230
1;2025-12-20;7;519
1;2025-12-20;8;690
1;2025-12-20;9;822
1;2025-12-20;10;858
1;2025-12-20;11;804
1;2025-12-20;12;958
1;2025-12-20;13;985
1;2025-12-20;14;897
1;2025-12-20;15;840
1;2025-12-20;16;841
1;2025-12-20;17;856
1;2025-12-20;18;791
1;2025-12-20;19;676
1;2025-12-20;20;482
1;2025-12-20;21;321
1;2025-12-20;22;149
1;2025-12-20;23;34
1;2025-12-21;0;0
1;2025-12-21;1;0
1;2025-12-21;2;0
1;2025-12-21;3;0
1;2025-12-21;4;1
1;2025-12-21;5;44
1;2025-12-21;6;192
1;2025-12-21;7;465
1;2025-12-21;8;620
1;2025-12-21;9;724
1;2025-12-21;10;780
1;2025-12-21;11;751
1;2025-12-21;12;882
1;2025-12-21;13;902
1;2025-12-21;14;828
1;2025-12-21;15;809
1;2025-12-21;16;768
1;2025-12-21;17;768
1;2025-12-21;18;743
1;2025-12-21;19;610
1;2025-12-21;20;453
1;2025-12-21;21;296
1;2025-12-21;22;137
1;2025-12-21;23;33
1;2025-12-22;0;0
1;2025-12-22;1;0
1;2025-12-22;2;0
1;2025-12-22;3;0
1;2025-12-22;4;7
1;2025-12-22;5;126
1;2025-12-22;6;517
1;2025-12-22;7;1421
1;2025-12-22;8;1803
1;2025-12-22;9;1352
1;2025-12-22;10;1211
1;2025-12-22;11;1236
1;2025-12-22;12;1292
1;2025-12-22;13;1277
1;2025-12-22;14;1226
1;2025-12-22;15;1416
1;2025-12-22;16;1425
1;2025-12-22;17;1669
1;2025-12-22;18;1771
1;2025-12-22;19;1364
1;2025-12-22;20;851
1;2025-12-22;21;449
1;2025-12-22;22;219
1;2025-12-22;23;42
1;2025-12-23;0;3
1;2025-12-23;1;0
1;2025-12-23;2;0
1;2025-12-23;3;0
1;2025-12-23;4;6
1;2025-12-23;5;134
1;2025-12-23;6;536
1;2025-12-23;7;1479
1;2025-12-23;8;1840
1;2025-12-23;9;1441
1;2025-12-23;10;1301
1;2025-12-23;11;1299
1;2025-12-23;12;1334
1;2025-12-23;13;1349
1;2025-12-23;14;1257
1;2025-12-23;15;1407
1;2025-12-23;16;1450
1;2025-12-23;17;1694
1;2025-12-23;18;1727
1;2025-12-23;19;1358
1;2025-12-23;20;885
1;2025-12-23;21;470
1;2025-12-23;22;233
1;2025-12-23;23;42
1;2025-12-24;0;4
1;2025-12-24;1;0
1;2025-12-24;2;0
1;2025-12-24;3;0
1;2025-12-24;4;7
1;2025-12-24;5;133
1;2025-12-24;6;542
1;2025-12-24;7;1434
1;2025-12-24;8;1826
1;2025-12-24;9;1425
1;2025-12-24;10;1262
1;2025-12-24;11;1298
1;2025-12-24;12;1316
1;2025-12-24;13;1365
1;2025-12-24;14;1306
1;2025-12-24;15;1414
1;2025-12-24;16;1416
1;2025-12-24;17;1693
1;2025-12-24;18;1699
1;2025-12-24;19;1322
1;2025-12-24;20;848
1;2025-12-24;21;462
1;2025-12-24;22;251
1;2025-12-24;23;43
1;2025-12-25;0;4
1;2025-12-25;1;0
1;2025-12-25;2;0
1;2025-12-25;3;0
1;2025-12-25;4;7
1;2025-12-25;5;123
1;2025-12-25;6;514
1;2025-12-25;7;1449
1;2025-12-25;8;1845
1;2025-12-25;9;1432
1;2025-12-25;10;1283
1;2025-12-25;11;1316
1;2025-12-25;12;1333
1;2025-12-25;13;1377
1;2025-12-25;14;1295
1;2025-12-25;15;1451
1;2025-12-25;16;1463
1;2025-12-25;17;1699
1;2025-12-25;18;1707
1;2025-12-25;19;1321
1;2025-12-25;20;859
1;2025-12-25;21;469
1;2025-12-25;22;237
1;2025-12-25;23;51
1;2025-12-26;0;4
1;2025-12-26;1;0
1;2025-12-26;2;0
1;2025-12-26;3;0
1;2025-12-26;4;7
1;2025-12-26;5;130
1;2025-12-26;6;510
1;2025-12-26;7;1453
1;2025-12-26;8;1776
1;2025-12-26;9;1382
1;2025-12-26;10;1255
1;2025-12-26;11;1323
1;2025-12-26;12;1317
1;2025-12-26;13;1380
1;2025-12-26;14;1304
1;2025-12-26;15;1428
1;2025-12-26;16;1496
1;2025-12-26;17;1642
1;2025-12-26;18;1514
1;2025-12-26;19;1158
1;2025-12-26;20;786
1;2025-12-26;21;485
1;2025-12-26;22;247
1;2025-12-26;23;47
1;2025-12-27;0;4
1;2025-12-27;1;0
1;2025-12-27;2;0
1;2025-12-27;3;0
1;2025-12-27;4;1
1;2025-12-27;5;50
1;2025-12-27;6;230
1;2025-12-27;7;519
1;2025-12-27;8;690
1;2025-12-27;9;822
1;2025-12-27;10;858
1;2025-12-27;11;804
1;2025-12-27;12;958
1;2025-12-27;13;985
1;2025-12-27;14;897
1;2025-12-27;15;840
1;2025-12-27;16;841
1;2025-12-27;17;856
1;2025-12-27;18;791
1;2025-12-27;19;676
1;2025-12-27;20;482
1;2025-12-27;21;321
1;2025-12-27;22;149
1;2025-12-27;23;34
1;2025-12-28;0;0
1;2025-12-28;1;0
1;2025-12-28;2;0
1;2025-12-28;3;0
1;2025-12-28;4;1
1;2025-12-28;5;44
1;2025-12-28;6;192
1;2025-12-28;7;465
1;2025-12-28;8;620
1;2025-12-28;9;724
1;2025-12-28;10;780
1;2025-12-28;11;751
1;2025-12-28;12;882
1;2025-12-28;13;902
1;2025-12-28;14;828
1;2025-12-28;15;809
1;2025-12-28;16;768
1;2025-12-28;17;768
1;2025-12-28;18;743
1;2025-12-28;19;610
1;2025-12-28;20;453
1;2025-12-28;21;296
1;2025-12-28;22;137
1;2025-12-28;23;33
1;2025-12-29;0;0
1;2025-12-29;1;0
1;2025-12-29;2;0
1;2025-12-29;3;0
1;2025-12-29;4;7
1;2025-12-29;5;126
1;2025-12-29;6;517
1;2025-12-29;7;1421
1;2025-12-29;8;1803
1;2025-12-29;9;1352
1;2025-12-29;10;1211
1;2025-12-29;11;1236
1;2025-12-29;12;1292
1;2025-12-29;13;1277
1;2025-12-29;14;1226
1;2025-12-29;15;1416
1;2025-12-29;16;1425
1;2025-12-29;17;1669
1;2025-12-29;18;1771
1;2025-12-29;19;1364
1;2025-12-29;20;851
1;2025-12-29;21;449
1;2025-12-29;22;219
1;2025-12-29;23;42
1;2025-12-30;0;3
1;2025-12-30;1;0
1;2025-12-30;2;0
1;2025-12-30;3;0
1;2025-12-30;4;6
1;2025-12-30;5;134
1;2025-12-30;6;536
1;2025-12-30;7;1479
1;2025-12-30;8;1840
1;2025-12-30;9;1441
1;2025-12-30;10;1301
1;2025-12-30;11;1299
1;2025-12-30;12;1334
1;2025-12-30;13;1349
1;2025-12-30;14;1257
1;2025-12-30;15;1407
1;2025-12-30;16;1450
1;2025-12-30;17;1694
1;2025-12-30;18;1727
1;2025-12-30;19;1358
1;2025-12-30;20;885
1;2025-12-30;21;470
1;2025-12-30;22;233
1;2025-12-30;23;42
1;2025-12-31;0;0
1;2025-12-31;1;0
1;2025-12-31;2;0
1;2025-12-31;3;0
1;2025-12-31;4;1
1;2025-12-31;5;44
1;2025-12-31;6;192
1;2025-12-31;7;465
1;2025-12-31;8;620
1;2025-12-31;9;724
1;2025-12-31;10;780
1;2025-12-31;11;751
1;2025-12-31;12;882
1;2025-12-31;13;902
1;2025-12-31;14;828
1;2025-12-31;15;809
1;2025-12-31;16;768
1;2025-12-31;17;768
1;2025-12-31;18;743
1;2025-12-31;19;610
1;2025-12-31;20;453
1;2025-12-31;21;296
1;2025-12-31;22;137
1;2025-12-31;23;33
5;2025-11-01;0;0
5;2025-11-01;1;0
5;2025-11-01;2;0
5;2025-11-01;3;0
5;2025-11-01;4;0
5;2025-11-01;5;0
5;2025-11-01;6;0
5;2025-11-01;7;0
5;2025-11-01;8;0
5;2025-11-01;9;0
5;2025-11-01;10;0
5;2025-11-01;11;0
5;2025-11-01;12;0
5;2025-11-01;13;0
5;2025-11-01;14;0
5;2025-11-01;15;0
5;2025-11-01;16;0
5;2025-11-01;17;0
5;2025-11-01;18;0
5;2025-11-01;19;0
5;2025-11-01;20;0
5;2025-11-01;21;0
5;2025-11-01;22;0
5;2025-11-01;23;0
5;2025-11-02;0;0
5;2025-11-02;1;0
5;2025-11-02;2;0
5;2025-11-02;3;0
5;2025-11-02;4;0
5;2025-11-02;5;0
5;2025-11-02;6;0
5;2025-11-02;7;0
5;2025-11-02;8;0
5;2025-11-02;9;0
5;2025-11-02;10;0
5;2025-11-02;11;0
5;2025-11-02;12;0
5;2025-11-02;13;0
5;2025-11-02;14;0
5;2025-11-02;15;0
5;2025-11-02;16;0
5;2025-11-02;17;0
5;2025-11-02;18;0
5;2025-11-02;19;0
5;2025-11-02;20;0
5;2025-11-02;21;0
5;2025-11-02;22;0
5;2025-11-02;23;0
5;2025-11-03;0;0
5;2025-11-03;1;0
5;2025-11-03;2;0
5;2025-11-03;3;0
5;2025-11-03;4;0
5;2025-11-03;5;0
5;2025-11-03;6;0
5;2025-11-03;7;0
5;2025-11-03;8;0
5;2025-11-03;9;0
5;2025-11-03;10;0
5;2025-11-03;11;0
5;2025-11-03;12;0
5;2025-11-03;13;0
5;2025-11-03;14;0
5;2025-11-03;15;0
5;2025-11-03;16;0
5;2025-11-03;17;0
5;2025-11-03;18;0
5;2025-11-03;19;0
5;2025-11-03;20;0
5;2025-11-03;21;0
5;2025-11-03;22;0
5;2025-11-03;23;0
5;2025-11-04;0;0
5;2025-11-04;1;0
5;2025-11-04;2;0
5;2025-11-04;3;0
5;2025-11-04;4;0
5;2025-11-04;5;0
5;2025-11-04;6;0
5;2025-11-04;7;0
5;2025-11-04;8;0
5;2025-11-04;9;0
5;2025-11-04;10;0
5;2025-11-04;11;0
5;2025-11-04;12;0
5;2025-11-04;13;0
5;2025-11-04;14;0
5;2025-11-04;15;0
5;2025-11-04;16;0
5;2025-11-04;17;0
5;2025-11-04;18;0
5;2025-11-04;19;0
5;2025-11-04;20;0
5;2025-11-04;21;0
5;2025-11-04;22;0
5;2025-11-04;23;0
5;2025-11-05;0;0
5;2025-11-05;1;0
5;2025-11-05;2;0
5;2025-11-05;3;0
5;2025-11-05;4;0
5;2025-11-05;5;0
5;2025-11-05;6;0
5;2025-11-05;7;0
5;2025-11-05;8;0
5;2025-11-05;9;0
5;2025-11-05;10;0
5;2025-11-05;11;0
5;2025-11-05;12;0
5;2025-11-05;13;0
5;2025-11-05;14;0
5;2025-11-05;15;0
5;2025-11-05;16;0
5;2025-11-05;17;0
5;2025-11-05;18;0
5;2025-11-05;19;0
5;2025-11-05;20;0
5;2025-11-05;21;0
5;2025-11-05;22;0
5;2025-11-05;23;0
5;2025-11-06;0;0
5;2025-11-06;1;0
5;2025-11-06;2;0
5;2025-11-06;3;0
5;2025-11-06;4;0
5;2025-11-06;5;0
5;2025-11-06;6;0
5;2025-11-06;7;0
5;2025-11-06;8;0
5;2025-11-06;9;0
5;2025-11-06;10;0
5;2025-11-06;11;0
5;2025-11-06;12;0
5;2025-11-06;13;0
5;2025-11-06;14;0
5;2025-11-06;15;0
5;2025-11-06;16;0
5;2025-11-06;17;0
5;2025-11-06;18;0
5;2025-11-06;19;0
5;2025-11-06;20;0
5;2025-11-06;21;0
5;2025-11-06;22;0
5;2025-11-06;23;0
5;2025-11-07;0;0
5;2025-11-07;1;0
5;2025-11-07;2;0
5;2025-11-07;3;0
5;2025-11-07;4;0
5;2025-11-07;5;0
5;2025-11-07;6;0
5;2025-11-07;7;0
5;2025-11-07;8;0
5;2025-11-07;9;0
5;2025-11-07;10;0
5;2025-11-07;11;0
5;2025-11-07;12;0
5;2025-11-07;13;0
5;2025-11-07;14;0
5;2025-11-07;15;0
5;2025-11-07;16;0
5;2025-11-07;17;0
5;2025-11-07;18;0
5;2025-11-07;19;0
5;2025-11-07;20;0
5;2025-11-07;21;0
5;2025-11-07;22;0
5;2025-11-07;23;0
5;2025-11-08;0;0
5;2025-11-08;1;0
5;2025-11-08;2;0
5;2025-11-08;3;0
5;2025-11-08;4;0
5;2025-11-08;5;0
5;2025-11-08;6;0
5;2025-11-08;7;0
5;2025-11-08;8;0
5;2025-11-08;9;0
5;2025-11-08;10;0
5;2025-11-08;11;0
5;2025-11-08;12;0
5;2025-11-08;13;0
5;2025-11-08;14;0
5;2025-11-08;15;0
5;2025-11-08;16;0
5;2025-11-08;17;0
5;2025-11-08;18;0
5;2025-11-08;19;0
5;2025-11-08;20;0
5;2025-11-08;21;0
5;2025-11-08;22;0
5;2025-11-08;23;0
5;2025-11-09;0;0
5;2025-11-09;1;0
5;2025-11-09;2;0
5;2025-11-09;3;0
5;2025-11-09;4;0
5;2025-11-09;5;0
5;2025-11-09;6;0
5;2025-11-09;7;0
5;2025-11-09;8;0
5;2025-11-09;9;0
5;2025-11-09;10;0
5;2025-11-09;11;0
5;2025-11-09;12;0
5;2025-11-09;13;0
5;2025-11-09;14;0
5;2025-11-09;15;0
5;2025-11-09;16;0
5;2025-11-09;17;0
5;2025-11-09;18;0
5;2025-11-09;19;0
5;2025-11-09;20;0
5;2025-11-09;21;0
5;2025-11-09;22;0
5;2025-11-09;23;0
5;2025-11-10;0;0
5;2025-11-10;1;0
5;2025-11-10;2;0
5;2025-11-10;3;0
5;2025-11-10;4;0
5;2025-11-10;5;0
5;2025-11-10;6;0
5;2025-11-10;7;0
5;2025-11-10;8;0
5;2025-11-10;9;0
5;2025-11-10;10;0
5;2025-11-10;11;0
5;2025-11-10;12;0
5;2025-11-10;13;0
5;2025-11-10;14;0
5;2025-11-10;15;0
5;2025-11-10;16;0
5;2025-11-10;17;0
5;2025-11-10;18;0
5;2025-11-10;19;0
5;2025-11-10;20;0
5;2025-11-10;21;0
5;2025-11-10;22;0
5;2025-11-10;23;0
5;2025-11-11;0;0
5;2025-11-11;1;0
5;2025-11-11;2;0
5;2025-11-11;3;0
5;2025-11-11;4;0
5;2025-11-11;5;0
5;2025-11-11;6;0
5;2025-11-11;7;0
5;2025-11-11;8;0
5;2025-11-11;9;0
5;2025-11-11;10;0
5;2025-11-11;11;0
5;2025-11-11;12;0
5;2025-11-11;13;0
5;2025-11-11;14;0
5;2025-11-11;15;0
5;2025-11-11;16;0
5;2025-11-11;17;0
5;2025-11-11;18;0
5;2025-11-11;19;0
5;2025-11-11;20;0
5;2025-11-11;21;0
5;2025-11-11;22;0
5;2025-11-11;23;0
5;2025-11-12;0;0
5;2025-11-12;1;0
5;2025-11-12;2;0
5;2025-11-12;3;0
5;2025-11-12;4;0
5;2025-11-12;5;0
5;2025-11-12;6;0
5;2025-11-12;7;0
5;2025-11-12;8;0
5;2025-11-12;9;0
5;2025-11-12;10;0
5;2025-11-12;11;0
5;2025-11-12;12;0
5;2025-11-12;13;0
5;2025-11-12;14;0
5;2025-11-12;15;0
5;2025-11-12;16;0
5;2025-11-12;17;0
5;2025-11-12;18;0
5;2025-11-12;19;0
5;2025-11-12;20;0
5;2025-11-12;21;0
5;2025-11-12;22;0
5;2025-11-12;23;0
5;2025-11-13;0;0
5;2025-11-13;1;0
5;2025-11-13;2;0
5;2025-11-13;3;0
5;2025-11-13;4;0
5;2025-11-13;5;0
5;2025-11-13;6;0
5;2025-11-13;7;0
5;2025-11-13;8;0
5;2025-11-13;9;0
5;2025-11-13;10;0
5;2025-11-13;11;0
5;2025-11-13;12;0
5;2025-11-13;13;0
5;2025-11-13;14;0
5;2025-11-13;15;0
5;2025-11-13;16;0
5;2025-11-13;17;0
5;2025-11-13;18;0
5;2025-11-13;19;0
5;2025-11-13;20;0
5;2025-11-13;21;0
5;2025-11-13;22;0
5;2025-11-13;23;0
5;2025-11-14;0;0
5;2025-11-14;1;0
5;2025-11-14;2;0
5;2025-11-14;3;0
5;2025-11-14;4;0
5;2025-11-14;5;0
5;2025-11-14;6;0
5;2025-11-14;7;0
5;2025-11-14;8;0
5;2025-11-14;9;0
5;2025-11-14;10;0
5;2025-11-14;11;0
5;2025-11-14;12;0
5;2025-11-14;13;0
5;2025-11-14;14;0
5;2025-11-14;15;0
5;2025-11-14;16;0
5;2025-11-14;17;0
5;2025-11-14;18;0
5;2025-11-14;19;0
5;2025-11-14;20;0
5;2025-11-14;21;0
5;2025-11-14;22;0
5;2025-11-14;23;0
5;2025-11-15;0;0
5;2025-11-15;1;0
5;2025-11-15;2;0
5;2025-11-15;3;0
5;2025-11-15;4;0
5;2025-11-15;5;0
5;2025-11-15;6;0
5;2025-11-15;7;0
5;2025-11-15;8;0
5;2025-11-15;9;0
5;2025-11-15;10;0
5;2025-11-15;11;0
5;2025-11-15;12;0
5;2025-11-15;13;0
5;2025-11-15;14;0
5;2025-11-15;15;0
5;2025-11-15;16;0
5;2025-11-15;17;0
5;2025-11-15;18;0
5;2025-11-15;19;0
5;2025-11-15;20;0
5;2025-11-15;21;0
5;2025-11-15;22;0
5;2025-11-15;23;0
5;2025-11-16;0;0
5;2025-11-16;1;0
5;2025-11-16;2;0
5;2025-11-16;3;0
5;2025-11-16;4;0
5;2025-11-16;5;0
5;2025-11-16;6;0
5;2025-11-16;7;0
5;2025-11-16;8;0
5;2025-11-16;9;0
5;2025-11-16;10;0
5;2025-11-16;11;0
5;2025-11-16;12;0
5;2025-11-16;13;0
5;2025-11-16;14;0
5;2025-11-16;15;0
5;2025-11-16;16;0
5;2025-11-16;17;0
5;2025-11-16;18;0
5;2025-11-16;19;0
5;2025-11-16;20;0
5;2025-11-16;21;0
5;2025-11-16;22;0
5;2025-11-16;23;0
5;2025-11-17;0;0
5;2025-11-17;1;0
5;2025-11-17;2;0
5;2025-11-17;3;0
5;2025-11-17;4;0
5;2025-11-17;5;0
5;2025-11-17;6;0
5;2025-11-17;7;0
5;2025-11-17;8;0
5;2025-11-17;9;0
5;2025-11-17;10;0
5;2025-11-17;11;0
5;2025-11-17;12;0
5;2025-11-17;13;0
5;2025-11-17;14;0
5;2025-11-17;15;0
5;2025-11-17;16;0
5;2025-11-17;17;0
5;2025-11-17;18;0
5;2025-11-17;19;0
5;2025-11-17;20;0
5;2025-11-17;21;0
5;2025-11-17;22;0
5;2025-11-17;23;0
5;2025-11-18;0;0
5;2025-11-18;1;0
5;2025-11-18;2;0
5;2025-11-18;3;0
5;2025-11-18;4;0
5;2025-11-18;5;0
5;2025-11-18;6;0
5;2025-11-18;7;0
5;2025-11-18;8;0
5;2025-11-18;9;0
5;2025-11-18;10;0
5;2025-11-18;11;0
5;2025-11-18;12;0
5;2025-11-18;13;0
5;2025-11-18;14;0
5;2025-11-18;15;0
5;2025-11-18;16;0
5;2025-11-18;17;0
5;2025-11-18;18;0
5;2025-11-18;19;0
5;2025-11-18;20;0
5;2025-11-18;21;0
5;2025-11-18;22;0
5;2025-11-18;23;0
5;2025-11-19;0;0
5;2025-11-19;1;0
5;2025-11-19;2;0
5;2025-11-19;3;0
5;2025-11-19;4;0
5;2025-11-19;5;0
5;2025-11-19;6;0
5;2025-11-19;7;0
5;2025-11-19;8;0
5;2025-11-19;9;0
5;2025-11-19;10;0
5;2025-11-19;11;0
5;2025-11-19;12;0
5;2025-11-19;13;0
5;2025-11-19;14;0
5;2025-11-19;15;0
5;2025-11-19;16;0
5;2025-11-19;17;0
5;2025-11-19;18;0
5;2025-11-19;19;0
5;2025-11-19;20;0
5;2025-11-19;21;0
5;2025-11-19;22;0
5;2025-11-19;23;0
5;2025-11-20;0;0
5;2025-11-20;1;0
5;2025-11-20;2;0
5;2025-11-20;3;0
5;2025-11-20;4;0
5;2025-11-20;5;0
5;2025-11-20;6;0
5;2025-11-20;7;0
5;2025-11-20;8;0
5;2025-11-20;9;0
5;2025-11-20;10;0
5;2025-11-20;11;0
5;2025-11-20;12;0
5;2025-11-20;13;0
5;2025-11-20;14;0
5;2025-11-20;15;0
5;2025-11-20;16;0
5;2025-11-20;17;0
5;2025-11-20;18;0
5;2025-11-20;19;0
5;2025-11-20;20;0
5;2025-11-20;21;0
5;2025-11-20;22;0
5;2025-11-20;23;0
5;2025-11-21;0;0
5;2025-11-21;1;0
5;2025-11-21;2;0
5;2025-11-21;3;0
5;2025-11-21;4;0
5;2025-11-21;5;0
5;2025-11-21;6;0
5;2025-11-21;7;0
5;2025-11-21;8;0
5;2025-11-21;9;0
5;2025-11-21;10;0
5;2025-11-21;11;0
5;2025-11-21;12;0
5;2025-11-21;13;0
5;2025-11-21;14;0
5;2025-11-21;15;0
5;2025-11-21;16;0
5;2025-11-21;17;0
5;2025-11-21;18;0
5;2025-11-21;19;0
5;2025-11-21;20;0
5;2025-11-21;21;0
5;2025-11-21;22;0
5;2025-11-21;23;0
5;2025-11-22;0;0
5;2025-11-22;1;0
5;2025-11-22;2;0
5;2025-11-22;3;0
5;2025-11-22;4;0
5;2025-11-22;5;0
5;2025-11-22;6;0
5;2025-11-22;7;0
5;2025-11-22;8;0
5;2025-11-22;9;0
5;2025-11-22;10;0
5;2025-11-22;11;0
5;2025-11-22;12;0
5;2025-11-22;13;0
5;2025-11-22;14;0
5;2025-11-22;15;0
5;2025-11-22;16;0
5;2025-11-22;17;0
5;2025-11-22;18;0
5;2025-11-22;19;0
5;2025-11-22;20;0
5;2025-11-22;21;0
5;2025-11-22;22;0
5;2025-11-22;23;0
5;2025-11-23;0;0
5;2025-11-23;1;0
5;2025-11-23;2;0
5;2025-11-23;3;0
5;2025-11-23;4;0
5;2025-11-23;5;0
5;2025-11-23;6;0
5;2025-11-23;7;0
5;2025-11-23;8;0
5;2025-11-23;9;0
5;2025-11-23;10;0
5;2025-11-23;11;0
5;2025-11-23;12;0
5;2025-11-23;13;0
5;2025-11-23;14;0
5;2025-11-23;15;0
5;2025-11-23;16;0
5;2025-11-23;17;0
5;2025-11-23;18;0
5;2025-11-23;19;0
5;2025-11-23;20;0
5;2025-11-23;21;0
5;2025-11-23;22;0
5;2025-11-23;23;0
5;2025-11-24;0;0
5;2025-11-24;1;0
5;2025-11-24;2;0
5;2025-11-24;3;0
5;2025-11-24;4;0
5;2025-11-24;5;0
5;2025-11-24;6;0
5;2025-11-24;7;0
5;2025-11-24;8;0
5;2025-11-24;9;0
5;2025-11-24;10;0
5;2025-11-24;11;0
5;2025-11-24;12;0
5;2025-11-24;13;0
5;2025-11-24;14;0
5;2025-11-24;15;0
5;2025-11-24;16;0
5;2025-11-24;17;0
5;2025-11-24;18;0
5;2025-11-24;19;0
5;2025-11-24;20;0
5;2025-11-24;21;0
5;2025-11-24;22;0
5;2025-11-24;23;0
5;2025-11-25;0;0
5;2025-11-25;1;0
5;2025-11-25;2;0
5;2025-11-25;3;0
5;2025-11-25;4;0
5;2025-11-25;5;0
5;2025-11-25;6;0
5;2025-11-25;7;0
5;2025-11-25;8;0
5;2025-11-25;9;0
5;2025-11-25;10;0
5;2025-11-25;11;0
5;2025-11-25;12;0
5;2025-11-25;13;0
5;2025-11-25;14;0
5;2025-11-25;15;0
5;2025-11-25;16;0
5;2025-11-25;17;0
5;2025-11-25;18;0
5;2025-11-25;19;0
5;2025-11-25;20;0
5;2025-11-25;21;0
5;2025-11-25;22;0
5;2025-11-25;23;0
5;2025-11-26;0;0
5;2025-11-26;1;0
5;2025-11-26;2;0
5;2025-11-26;3;0
5;2025-11-26;4;0
5;2025-11-26;5;0
5;2025-11-26;6;0
5;2025-11-26;7;0
5;2025-11-26;8;0
5;2025-11-26;9;0
5;2025-11-26;10;0
5;2025-11-26;11;0
5;2025-11-26;12;0
5;2025-11-26;13;0
5;2025-11-26;14;0
5;2025-11-26;15;0
5;2025-11-26;16;0
5;2025-11-26;17;0
5;2025-11-26;18;0
5;2025-11-26;19;0
5;2025-11-26;20;0
5;2025-11-26;21;0
5;2025-11-26;22;0
5;2025-11-26;23;0
5;2025-11-27;0;0
5;2025-11-27;1;0
5;2025-11-27;2;0
5;2025-11-27;3;0
5;2025-11-27;4;0
5;2025-11-27;5;0
5;2025-11-27;6;0
5;2025-11-27;7;0
5;2025-11-27;8;0
5;2025-11-27;9;0
5;2025-11-27;10;0
5;2025-11-27;11;0
5;2025-11-27;12;0
5;2025-11-27;13;0
5;2025-11-27;14;0
5;2025-11-27;15;0
5;2025-11-27;16;0
5;2025-11-27;17;0
5;2025-11-27;18;0
5;2025-11-27;19;0
5;2025-11-27;20;0
5;2025-11-27;21;0
5;2025-11-27;22;0
5;2025-11-27;23;0
5;2025-11-28;0;0
5;2025-11-28;1;0
5;2025-11-28;2;0
5;2025-11-28;3;0
5;2025-11-28;4;0
5;2025-11-28;5;0
5;2025-11-28;6;0
5;2025-11-28;7;0
5;2025-11-28;8;0
5;2025-11-28;9;0
5;2025-11-28;10;0
5;2025-11-28;11;0
5;2025-11-28;12;0
5;2025-11-28;13;0
5;2025-11-28;14;0
5;2025-11-28;15;0
5;2025-11-28;16;0
5;2025-11-28;17;0
5;2025-11-28;18;0
5;2025-11-28;19;0
5;2025-11-28;20;0
5;2025-11-28;21;0
5;2025-11-28;22;0
5;2025-11-28;23;0
5;2025-11-29;0;0
5;2025-11-29;1;0
5;2025-11-29;2;0
5;2025-11-29;3;0
5;2025-11-29;4;0
5;2025-11-29;5;0
5;2025-11-29;6;0
5;2025-11-29;7;0
5;2025-11-29;8;0
5;2025-11-29;9;0
5;2025-11-29;10;0
5;2025-11-29;11;0
5;2025-11-29;12;0
5;2025-11-29;13;0
5;2025-11-29;14;0
5;2025-11-29;15;0
5;2025-11-29;16;0
5;2025-11-29;17;0
5;2025-11-29;18;0
5;2025-11-29;19;0
5;2025-11-29;20;0
5;2025-11-29;21;0
5;2025-11-29;22;0
5;2025-11-29;23;0
5;2025-11-30;0;0
5;2025-11-30;1;0
5;2025-11-30;2;0
5;2025-11-30;3;0
5;2025-11-30;4;0
5;2025-11-30;5;0
5;2025-11-30;6;0
5;2025-11-30;7;0
5;2025-11-30;8;0
5;2025-11-30;9;0
5;2025-11-30;10;0
5;2025-11-30;11;0
5;2025-11-30;12;0
5;2025-11-30;13;0
5;2025-11-30;14;0
5;2025-11-30;15;0
5;2025-11-30;16;0
5;2025-11-30;17;0
5;2025-11-30;18;0
5;2025-11-30;19;0
5;2025-11-30;20;0
5;2025-11-30;21;0
5;2025-11-30;22;0
5;2025-11-30;23;0
5;2025-12-01;0;0
5;2025-12-01;1;0
5;2025-12-01;2;0
5;2025-12-01;3;0
5;2025-12-01;4;0
5;2025-12-01;5;0
5;2025-12-01;6;0
5;2025-12-01;7;0
5;2025-12-01;8;0
5;2025-12-01;9;0
5;2025-12-01;10;0
5;2025-12-01;11;0
5;2025-12-01;12;0
5;2025-12-01;13;0
5;2025-12-01;14;0
5;2025-12-01;15;0
5;2025-12-01;16;0
5;2025-12-01;17;0
5;2025-12-01;18;0
5;2025-12-01;19;0
5;2025-12-01;20;0
5;2025-12-01;21;0
5;2025-12-01;22;0
5;2025-12-01;23;0
5;2025-12-02;0;0
5;2025-12-02;1;0
5;2025-12-02;2;0
5;2025-12-02;3;0
5;2025-12-02;4;0
5;2025-12-02;5;0
5;2025-12-02;6;0
5;2025-12-02;7;0
5;2025-12-02;8;0
5;2025-12-02;9;0
5;2025-12-02;10;0
5;2025-12-02;11;0
5;2025-12-02;12;0
5;2025-12-02;13;0
5;2025-12-02;14;0
5;2025-12-02;15;0
5;2025-12-02;16;0
5;2025-12-02;17;0
5;2025-12-02;18;0
5;2025-12-02;19;0
5;2025-12-02;20;0
5;2025-12-02;21;0
5;2025-12-02;22;0
5;2025-12-02;23;0
5;2025-12-03;0;0
5;2025-12-03;1;0
5;2025-12-03;2;0
5;2025-12-03;3;0
5;2025-12-03;4;0
5;2025-12-03;5;0
5;2025-12-03;6;0
5;2025-12-03;7;0
5;2025-12-03;8;0
5;2025-12-03;9;0
5;2025-12-03;10;0
5;2025-12-03;11;0
5;2025-12-03;12;0
5;2025-12-03;13;0
5;2025-12-03;14;0
5;2025-12-03;15;0
5;2025-12-03;16;0
5;2025-12-03;17;0
5;2025-12-03;18;0
5;2025-12-03;19;0
5;2025-12-03;20;0
5;2025-12-03;21;0
5;2025-12-03;22;0
5;2025-12-03;23;0
5;2025-12-04;0;0
5;2025-12-04;1;0
5;2025-12-04;2;0
5;2025-12-04;3;0
5;2025-12-04;4;0
5;2025-12-04;5;0
5;2025-12-04;6;0
5;2025-12-04;7;0
5;2025-12-04;8;0
5;2025-12-04;9;0
5;2025-12-04;10;0
5;2025-12-04;11;0
5;2025-12-04;12;0
5;2025-12-04;13;0
5;2025-12-04;14;0
5;2025-12-04;15;0
5;2025-12-04;16;0
5;2025-12-04;17;0
5;2025-12-04;18;0
5;2025-12-04;19;0
5;2025-12-04;20;0
5;2025-12-04;21;0
5;2025-12-04;22;0
5;2025-12-04;23;0
5;2025-12-05;0;0
5;2025-12-05;1;0
5;2025-12-05;2;0
5;2025-12-05;3;0
5;2025-12-05;4;0
5;2025-12-05;5;0
5;2025-12-05;6;0
5;2025-12-05;7;0
5;2025-12-05;8;0
5;2025-12-05;9;0
5;2025-12-05;10;0
5;2025-12-05;11;0
5;2025-12-05;12;0
5;2025-12-05;13;0
5;2025-12-05;14;0
5;2025-12-05;15;0
5;2025-12-05;16;0
5;2025-12-05;17;0
5;2025-12-05;18;0
5;2025-12-05;19;0
5;2025-12-05;20;0
5;2025-12-05;21;0
5;2025-12-05;22;0
5;2025-12-05;23;0
5;2025-12-06;0;0
5;2025-12-06;1;0
5;2025-12-06;2;0
5;2025-12-06;3;0
5;2025-12-06;4;0
5;2025-12-06;5;0
5;2025-12-06;6;0
5;2025-12-06;7;0
5;2025-12-06;8;0
5;2025-12-06;9;0
5;2025-12-06;10;0
5;2025-12-06;11;0
5;2025-12-06;12;0
5;2025-12-06;13;0
5;2025-12-06;14;0
5;2025-12-06;15;0
5;2025-12-06;16;0
5;2025-12-06;17;0
5;2025-12-06;18;0
5;2025-12-06;19;0
5;2025-12-06;20;0
5;2025-12-06;21;0
5;2025-12-06;22;0
5;2025-12-06;23;0
5;2025-12-07;0;0
5;2025-12-07;1;0
5;2025-12-07;2;0
5;2025-12-07;3;0
5;2025-12-07;4;0
5;2025-12-07;5;0
5;2025-12-07;6;0
5;2025-12-07;7;0
5;2025-12-07;8;0
5;2025-12-07;9;0
5;2025-12-07;10;0
5;2025-12-07;11;0
5;2025-12-07;12;0
5;2025-12-07;13;0
5;2025-12-07;14;0
5;2025-12-07;15;0
5;2025-12-07;16;0
5;2025-12-07;17;0
5;2025-12-07;18;0
5;2025-12-07;19;0
5;2025-12-07;20;0
5;2025-12-07;21;0
5;2025-12-07;22;0
5;2025-12-07;23;0
5;2025-12-08;0;0
5;2025-12-08;1;0
5;2025-12-08;2;0
5;2025-12-08;3;0
5;2025-12-08;4;0
5;2025-12-08;5;0
5;2025-12-08;6;0
5;2025-12-08;7;0
5;2025-12-08;8;0
5;2025-12-08;9;0
5;2025-12-08;10;0
5;2025-12-08;11;0
5;2025-12-08;12;0
5;2025-12-08;13;0
5;2025-12-08;14;0
5;2025-12-08;15;0
5;2025-12-08;16;0
5;2025-12-08;17;0
5;2025-12-08;18;0
5;2025-12-08;19;0
5;2025-12-08;20;0
5;2025-12-08;21;0
5;2025-12-08;22;0
5;2025-12-08;23;0
5;2025-12-09;0;0
5;2025-12-09;1;0
5;2025-12-09;2;0
5;2025-12-09;3;0
5;2025-12-09;4;0
5;2025-12-09;5;0
5;2025-12-09;6;0
5;2025-12-09;7;0
5;2025-12-09;8;0
5;2025-12-09;9;0
5;2025-12-09;10;0
5;2025-12-09;11;0
5;2025-12-09;12;0
5;2025-12-09;13;0
5;2025-12-09;14;0
5;2025-12-09;15;0
5;2025-12-09;16;0
5;2025-12-09;17;0
5;2025-12-09;18;0
5;2025-12-09;19;0
5;2025-12-09;20;0
5;2025-12-09;21;0
5;2025-12-09;22;0
5;2025-12-09;23;0
5;2025-12-10;0;0
5;2025-12-10;1;0
5;2025-12-10;2;0
5;2025-12-10;3;0
5;2025-12-10;4;0
5;2025-12-10;5;0
5;2025-12-10;6;0
5;2025-12-10;7;0
5;2025-12-10;8;0
5;2025-12-10;9;0
5;2025-12-10;10;0
5;2025-12-10;11;0
5;2025-12-10;12;0
5;2025-12-10;13;0
5;2025-12-10;14;0
5;2025-12-10;15;0
5;2025-12-10;16;0
5;2025-12-10;17;0
5;2025-12-10;18;0
5;2025-12-10;19;0
5;2025-12-10;20;0
5;2025-12-10;21;0
5;2025-12-10;22;0
5;2025-12-10;23;0
5;2025-12-11;0;0
5;2025-12-11;1;0
5;2025-12-11;2;0
5;2025-12-11;3;0
5;2025-12-11;4;0
5;2025-12-11;5;0
5;2025-12-11;6;0
5;2025-12-11;7;0
5;2025-12-11;8;0
5;2025-12-11;9;0
5;2025-12-11;10;0
5;2025-12-11;11;0
5;2025-12-11;12;0
5;2025-12-11;13;0
5;2025-12-11;14;0
5;2025-12-11;15;0
5;2025-12-11;16;0
5;2025-12-11;17;0
5;2025-12-11;18;0
5;2025-12-11;19;0
5;2025-12-11;20;0
5;2025-12-11;21;0
5;2025-12-11;22;0
5;2025-12-11;23;0
5;2025-12-12;0;0
5;2025-12-12;1;0
5;2025-12-12;2;0
5;2025-12-12;3;0
5;2025-12-12;4;0
5;2025-12-12;5;0
5;2025-12-12;6;0
5;2025-12-12;7;0
5;2025-12-12;8;0
5;2025-12-12;9;0
5;2025-12-12;10;0
5;2025-12-12;11;0
5;2025-12-12;12;0
5;2025-12-12;13;0
5;2025-12-12;14;0
5;2025-12-12;15;0
5;2025-12-12;16;0
5;2025-12-12;17;0
5;2025-12-12;18;0
5;2025-12-12;19;0
5;2025-12-12;20;0
5;2025-12-12;21;0
5;2025-12-12;22;0
5;2025-12-12;23;0
5;2025-12-13;0;0
5;2025-12-13;1;0
5;2025-12-13;2;0
5;2025-12-13;3;0
5;2025-12-13;4;0
5;2025-12-13;5;0
5;2025-12-13;6;0
5;2025-12-13;7;0
5;2025-12-13;8;0
5;2025-12-13;9;0
5;2025-12-13;10;0
5;2025-12-13;11;0
5;2025-12-13;12;0
5;2025-12-13;13;0
5;2025-12-13;14;0
5;2025-12-13;15;0
5;2025-12-13;16;0
5;2025-12-13;17;0
5;2025-12-13;18;0
5;2025-12-13;19;0
5;2025-12-13;20;0
5;2025-12-13;21;0
5;2025-12-13;22;0
5;2025-12-13;23;0
5;2025-12-14;0;0
5;2025-12-14;1;0
5;2025-12-14;2;0
5;2025-12-14;3;0
5;2025-12-14;4;0
5;2025-12-14;5;0
5;2025-12-14;6;0
5;2025-12-14;7;0
5;2025-12-14;8;0
5;2025-12-14;9;0
5;2025-12-14;10;0
5;2025-12-14;11;0
5;2025-12-14;12;0
5;2025-12-14;13;0
5;2025-12-14;14;0
5;2025-12-14;15;0
5;2025-12-14;16;0
5;2025-12-14;17;0
5;2025-12-14;18;0
5;2025-12-14;19;0
5;2025-12-14;20;0
5;2025-12-14;21;0
5;2025-12-14;22;0
5;2025-12-14;23;0
5;2025-12-15;0;0
5;2025-12-15;1;0
5;2025-12-15;2;0
5;2025-12-15;3;0
5;2025-12-15;4;0
5;2025-12-15;5;0
5;2025-12-15;6;0
5;2025-12-15;7;0
5;2025-12-15;8;0
5;2025-12-15;9;0
5;2025-12-15;10;0
5;2025-12-15;11;0
5;2025-12-15;12;0
5;2025-12-15;13;0
5;2025-12-15;14;0
5;2025-12-15;15;0
5;2025-12-15;16;0
5;2025-12-15;17;0
5;2025-12-15;18;0
5;2025-12-15;19;0
5;2025-12-15;20;0
5;2025-12-15;21;0
5;2025-12-15;22;0
5;2025-12-15;23;0
5;2025-12-16;0;0
5;2025-12-16;1;0
5;2025-12-16;2;0
5;2025-12-16;3;0
5;2025-12-16;4;0
5;2025-12-16;5;0
5;2025-12-16;6;0
5;2025-12-16;7;0
5;2025-12-16;8;0
5;2025-12-16;9;0
5;2025-12-16;10;0
5;2025-12-16;11;0
5;2025-12-16;12;0
5;2025-12-16;13;0
5;2025-12-16;14;0
5;2025-12-16;15;0
5;2025-12-16;16;0
5;2025-12-16;17;0
5;2025-12-16;18;0
5;2025-12-16;19;0
5;2025-12-16;20;0
5;2025-12-16;21;0
5;2025-12-16;22;0
5;2025-12-16;23;0
5;2025-12-17;0;0
5;2025-12-17;1;0
5;2025-12-17;2;0
5;2025-12-17;3;0
5;2025-12-17;4;0
5;2025-12-17;5;0
5;2025-12-17;6;0
5;2025-12-17;7;0
5;2025-12-17;8;0
5;2025-12-17;9;0
5;2025-12-17;10;0
5;2025-12-17;11;0
5;2025-12-17;12;0
5;2025-12-17;13;0
5;2025-12-17;14;0
5;2025-12-17;15;0
5;2025-12-17;16;0
5;2025-12-17;17;0
5;2025-12-17;18;0
5;2025-12-17;19;0
5;2025-12-17;20;0
5;2025-12-17;21;0
5;2025-12-17;22;0
5;2025-12-17;23;0
5;2025-12-18;0;0
5;2025-12-18;1;0
5;2025-12-18;2;0
5;2025-12-18;3;0
5;2025-12-18;4;0
5;2025-12-18;5;0
5;2025-12-18;6;0
5;2025-12-18;7;0
5;2025-12-18;8;0
5;2025-12-18;9;0
5;2025-12-18;10;0
5;2025-12-18;11;0
5;2025-12-18;12;0
5;2025-12-18;13;0
5;2025-12-18;14;0
5;2025-12-18;15;0
5;2025-12-18;16;0
5;2025-12-18;17;0
5;2025-12-18;18;0
5;2025-12-18;19;0
5;2025-12-18;20;0
5;2025-12-18;21;0
5;2025-12-18;22;0
5;2025-12-18;23;0
5;2025-12-19;0;0
5;2025-12-19;1;0
5;2025-12-19;2;0
5;2025-12-19;3;0
5;2025-12-19;4;0
5;2025-12-19;5;0
5;2025-12-19;6;0
5;2025-12-19;7;0
5;2025-12-19;8;0
5;2025-12-19;9;0
5;2025-12-19;10;0
5;2025-12-19;11;0
5;2025-12-19;12;0
5;2025-12-19;13;0
5;2025-12-19;14;0
5;2025-12-19;15;0
5;2025-12-19;16;0
5;2025-12-19;17;0
5;2025-12-19;18;0
5;2025-12-19;19;0
5;2025-12-19;20;0
5;2025-12-19;21;0
5;2025-12-19;22;0
5;2025-12-19;23;0
5;2025-12-20;0;0
5;2025-12-20;1;0
5;2025-12-20;2;0
5;2025-12-20;3;0
5;2025-12-20;4;0
5;2025-12-20;5;0
5;2025-12-20;6;0
5;2025-12-20;7;0
5;2025-12-20;8;0
5;2025-12-20;9;0
5;2025-12-20;10;0
5;2025-12-20;11;0
5;2025-12-20;12;0
5;2025-12-20;13;0
5;2025-12-20;14;0
5;2025-12-20;15;0
5;2025-12-20;16;0
5;2025-12-20;17;0
5;2025-12-20;18;0
5;2025-12-20;19;0
5;2025-12-20;20;0
5;2025-12-20;21;0
5;2025-12-20;22;0
5;2025-12-20;23;0
5;2025-12-21;0;0
5;2025-12-21;1;0
5;2025-12-21;2;0
5;2025-12-21;3;0
5;2025-12-21;4;0
5;2025-12-21;5;0
5;2025-12-21;6;0
5;2025-12-21;7;0
5;2025-12-21;8;0
5;2025-12-21;9;0
5;2025-12-21;10;0
5;2025-12-21;11;0
5;2025-12-21;12;0
5;2025-12-21;13;0
5;2025-12-21;14;0
5;2025-12-21;15;0
5;2025-12-21;16;0
5;2025-12-21;17;0
5;2025-12-21;18;0
5;2025-12-21;19;0
5;2025-12-21;20;0
5;2025-12-21;21;0
5;2025-12-21;22;0
5;2025-12-21;23;0
5;2025-12-22;0;0
5;2025-12-22;1;0
5;2025-12-22;2;0
5;2025-12-22;3;0
5;2025-12-22;4;0
5;2025-12-22;5;0
5;2025-12-22;6;0
5;2025-12-22;7;0
5;2025-12-22;8;0
5;2025-12-22;9;0
5;2025-12-22;10;0
5;2025-12-22;11;0
5;2025-12-22;12;0
5;2025-12-22;13;0
5;2025-12-22;14;0
5;2025-12-22;15;0
5;2025-12-22;16;0
5;2025-12-22;17;0
5;2025-12-22;18;0
5;2025-12-22;19;0
5;2025-12-22;20;0
5;2025-12-22;21;0
5;2025-12-22;22;0
5;2025-12-22;23;0
5;2025-12-23;0;0
5;2025-12-23;1;0
5;2025-12-23;2;0
5;2025-12-23;3;0
5;2025-12-23;4;0
5;2025-12-23;5;0
5;2025-12-23;6;0
5;2025-12-23;7;0
5;2025-12-23;8;0
5;2025-12-23;9;0
5;2025-12-23;10;0
5;2025-12-23;11;0
5;2025-12-23;12;0
5;2025-12-23;13;0
5;2025-12-23;14;0
5;2025-12-23;15;0
5;2025-12-23;16;0
5;2025-12-23;17;0
5;2025-12-23;18;0
5;2025-12-23;19;0
5;2025-12-23;20;0
5;2025-12-23;21;0
5;2025-12-23;22;0
5;2025-12-23;23;0
5;2025-12-24;0;0
5;2025-12-24;1;0
5;2025-12-24;2;0
5;2025-12-24;3;0
5;2025-12-24;4;0
5;2025-12-24;5;0
5;2025-12-24;6;0
5;2025-12-24;7;0
5;2025-12-24;8;0
5;2025-12-24;9;0
5;2025-12-24;10;0
5;2025-12-24;11;0
5;2025-12-24;12;0
5;2025-12-24;13;0
5;2025-12-24;14;0
5;2025-12-24;15;0
5;2025-12-24;16;0
5;2025-12-24;17;0
5;2025-12-24;18;0
5;2025-12-24;19;0
5;2025-12-24;20;0
5;2025-12-24;21;0
5;2025-12-24;22;0
5;2025-12-24;23;0
5;2025-12-25;0;0
5;2025-12-25;1;0
5;2025-12-25;2;0
5;2025-12-25;3;0
5;2025-12-25;4;0
5;2025-12-25;5;0
5;2025-12-25;6;0
5;2025-12-25;7;0
5;2025-12-25;8;0
5;2025-12-25;9;0
5;2025-12-25;10;0
5;2025-12-25;11;0
5;2025-12-25;12;0
5;2025-12-25;13;0
5;2025-12-25;14;0
5;2025-12-25;15;0
5;2025-12-25;16;0
5;2025-12-25;17;0
5;2025-12-25;18;0
5;2025-12-25;19;0
5;2025-12-25;20;0
5;2025-12-25;21;0
5;2025-12-25;22;0
5;2025-12-25;23;0
5;2025-12-26;0;0
5;2025-12-26;1;0
5;2025-12-26;2;0
5;2025-12-26;3;0
5;2025-12-26;4;0
5;2025-12-26;5;0
5;2025-12-26;6;0
5;2025-12-26;7;0
5;2025-12-26;8;0
5;2025-12-26;9;0
5;2025-12-26;10;0
5;2025-12-26;11;0
5;2025-12-26;12;0
5;2025-12-26;13;0
5;2025-12-26;14;0
5;2025-12-26;15;0
5;2025-12-26;16;0
5;2025-12-26;17;0
5;2025-12-26;18;0
5;2025-12-26;19;0
5;2025-12-26;20;0
5;2025-12-26;21;0
5;2025-12-26;22;0
5;2025-12-26;23;0
5;2025-12-27;0;0
5;2025-12-27;1;0
5;2025-12-27;2;0
5;2025-12-27;3;0
5;2025-12-27;4;0
5;2025-12-27;5;0
5;2025-12-27;6;0
5;2025-12-27;7;0
5;2025-12-27;8;0
5;2025-12-27;9;0
5;2025-12-27;10;0
5;2025-12-27;11;0
5;2025-12-27;12;0
5;2025-12-27;13;0
5;2025-12-27;14;0
5;2025-12-27;15;0
5;2025-12-27;16;0
5;2025-12-27;17;0
5;2025-12-27;18;0
5;2025-12-27;19;0
5;2025-12-27;20;0
5;2025-12-27;21;0
5;2025-12-27;22;0
5;2025-12-27;23;0
5;2025-12-28;0;0
5;2025-12-28;1;0
5;2025-12-28;2;0
5;2025-12-28;3;0
5;2025-12-28;4;0
5;2025-12-28;5;0
5;2025-12-28;6;0
5;2025-12-28;7;0
5;2025-12-28;8;0
5;2025-12-28;9;0
5;2025-12-28;10;0
5;2025-12-28;11;0
5;2025-12-28;12;0
5;2025-12-28;13;0
5;2025-12-28;14;0
5;2025-12-28;15;0
5;2025-12-28;16;0
5;2025-12-28;17;0
5;2025-12-28;18;0
5;2025-12-28;19;0
5;2025-12-28;20;0
5;2025-12-28;21;0
5;2025-12-28;22;0
5;2025-12-28;23;0
5;2025-12-29;0;0
5;2025-12-29;1;0
5;2025-12-29;2;0
5;2025-12-29;3;0
5;2025-12-29;4;0
5;2025-12-29;5;0
5;2025-12-29;6;0
5;2025-12-29;7;0
5;2025-12-29;8;0
5;2025-12-29;9;0
5;2025-12-29;10;0
5;2025-12-29;11;0
5;2025-12-29;12;0
5;2025-12-29;13;0
5;2025-12-29;14;0
5;2025-12-29;15;0
5;2025-12-29;16;0
5;2025-12-29;17;0
5;2025-12-29;18;0
5;2025-12-29;19;0
5;2025-12-29;20;0
5;2025-12-29;21;0
5;2025-12-29;22;0
5;2025-12-29;23;0
5;2025-12-30;0;0
5;2025-12-30;1;0
5;2025-12-30;2;0
5;2025-12-30;3;0
5;2025-12-30;4;0
5;2025-12-30;5;0
5;2025-12-30;6;0
5;2025-12-30;7;0
5;2025-12-30;8;0
5;2025-12-30;9;0
5;2025-12-30;10;0
5;2025-12-30;11;0
5;2025-12-30;12;0
5;2025-12-30;13;0
5;2025-12-30;14;0
5;2025-12-30;15;0
5;2025-12-30;16;0
5;2025-12-30;17;0
5;2025-12-30;18;0
5;2025-12-30;19;0
5;2025-12-30;20;0
5;2025-12-30;21;0
5;2025-12-30;22;0
5;2025-12-30;23;0
5;2025-12-31;0;0
5;2025-12-31;1;0
5;2025-12-31;2;0
5;2025-12-31;3;0
5;2025-12-31;4;0
5;2025-12-31;5;0
5;2025-12-31;6;0
5;2025-12-31;7;0
5;2025-12-31;8;0
5;2025-12-31;9;0
5;2025-12-31;10;0
5;2025-12-31;11;0
5;2025-12-31;12;0
5;2025-12-31;13;0
5;2025-12-31;14;0
5;2025-12-31;15;0
5;2025-12-31;16;0
5;2025-12-31;17;0
5;2025-12-31;18;0
5;2025-12-31;19;0
5;2025-12-31;20;0
5;2025-12-31;21;0
5;2025-12-31;22;0
5;2025-12-31;23;0
7;2025-11-01;0;83
7;2025-11-01;1;18
7;2025-11-01;2;0
7;2025-11-01;3;0
7;2025-11-01;4;1
7;2025-11-01;5;129
7;2025-11-01;6;465
7;2025-11-01;7;975
7;2025-11-01;8;1565
7;2025-11-01;9;1232
7;2025-11-01;10;1043
7;2025-11-01;11;982
7;2025-11-01;12;1157
7;2025-11-01;13;1165
7;2025-11-01;14;1186
7;2025-11-01;15;1239
7;2025-11-01;16;1262
7;2025-11-01;17;1476
7;2025-11-01;18;1637
7;2025-11-01;19;1181
7;2025-11-01;20;760
7;2025-11-01;21;488
7;2025-11-01;22;256
7;2025-11-01;23;172
7;2025-11-02;0;93
7;2025-11-02;1;16
7;2025-11-02;2;0
7;2025-11-02;3;0
7;2025-11-02;4;0
7;2025-11-02;5;49
7;2025-11-02;6;209
7;2025-11-02;7;410
7;2025-11-02;8;649
7;2025-11-02;9;693
7;2025-11-02;10;639
7;2025-11-02;11;790
7;2025-11-02;12;846
7;2025-11-02;13;903
7;2025-11-02;14;929
7;2025-11-02;15;919
7;2025-11-02;16;840
7;2025-11-02;17;922
7;2025-11-02;18;915
7;2025-11-02;19;721
7;2025-11-02;20;572
7;2025-11-02;21;431
7;2025-11-02;22;236
7;2025-11-02;23;154
7;2025-11-03;0;94
7;2025-11-03;1;18
7;2025-11-03;2;0
7;2025-11-03;3;0
7;2025-11-03;4;0
7;2025-11-03;5;65
7;2025-11-03;6;270
7;2025-11-03;7;546
7;2025-11-03;8;875
7;2025-11-03;9;834
7;2025-11-03;10;827
7;2025-11-03;11;934
7;2025-11-03;12;1009
7;2025-11-03;13;1118
7;2025-11-03;14;1142
7;2025-11-03;15;1134
7;2025-11-03;16;1068
7;2025-11-03;17;1163
7;2025-11-03;18;1145
7;2025-11-03;19;898
7;2025-11-03;20;701
7;2025-11-03;21;523
7;2025-11-03;22;295
7;2025-11-03;23;171
7;2025-11-04;0;94
7;2025-11-04;1;18
7;2025-11-04;2;0
7;2025-11-04;3;0
7;2025-11-04;4;0
7;2025-11-04;5;65
7;2025-11-04;6;270
7;2025-11-04;7;546
7;2025-11-04;8;875
7;2025-11-04;9;834
7;2025-11-04;10;827
7;2025-11-04;11;934
7;2025-11-04;12;1009
7;2025-11-04;13;1118
7;2025-11-04;14;1142
7;2025-11-04;15;1134
7;2025-11-04;16;1068
7;2025-11-04;17;1163
7;2025-11-04;18;1145
7;2025-11-04;19;898
7;2025-11-04;20;701
7;2025-11-04;21;523
7;2025-11-04;22;295
7;2025-11-04;23;171
7;2025-11-05;0;62
7;2025-11-05;1;13
7;2025-11-05;2;0
7;2025-11-05;3;0
7;2025-11-05;4;2
7;2025-11-05;5;199
7;2025-11-05;6;702
7;2025-11-05;7;1605
7;2025-11-05;8;2557
7;2025-11-05;9;1922
7;2025-11-05;10;1671
7;2025-11-05;11;1462
7;2025-11-05;12;1552
7;2025-11-05;13;1537
7;2025-11-05;14;1618
7;2025-11-05;15;1777
7;2025-11-05;16;1818
7;2025-11-05;17;2320
7;2025-11-05;18;2533
7;2025-11-05;19;1705
7;2025-11-05;20;1077
7;2025-11-05;21;654
7;2025-11-05;22;359
7;2025-11-05;23;213
7;2025-11-06;0;70
7;2025-11-06;1;15
7;2025-11-06;2;0
7;2025-11-06;3;0
7;2025-11-06;4;1
7;2025-11-06;5;190
7;2025-11-06;6;687
7;2025-11-06;7;1609
7;2025-11-06;8;2484
7;2025-11-06;9;1834
7;2025-11-06;10;1570
7;2025-11-06;11;1430
7;2025-11-06;12;1494
7;2025-11-06;13;1503
7;2025-11-06;14;1620
7;2025-11-06;15;1658
7;2025-11-06;16;1795
7;2025-11-06;17;2285
7;2025-11-06;18;2659
7;2025-11-06;19;1674
7;2025-11-06;20;1060
7;2025-11-06;21;659
7;2025-11-06;22;329
7;2025-11-06;23;207
7;2025-11-07;0;70
7;2025-11-07;1;13
7;2025-11-07;2;0
7;2025-11-07;3;0
7;2025-11-07;4;1
7;2025-11-07;5;190
7;2025-11-07;6;619
7;2025-11-07;7;1547
7;2025-11-07;8;2378
7;2025-11-07;9;1760
7;2025-11-07;10;1533
7;2025-11-07;11;1457
7;2025-11-07;12;1554
7;2025-11-07;13;1616
7;2025-11-07;14;1673
7;2025-11-07;15;1760
7;2025-11-07;16;1996
7;2025-11-07;17;2212
7;2025-11-07;18;2103
7;2025-11-07;19;1495
7;2025-11-07;20;1043
7;2025-11-07;21;622
7;2025-11-07;22;363
7;2025-11-07;23;221
7;2025-11-08;0;95
7;2025-11-08;1;22
7;2025-11-08;2;0
7;2025-11-08;3;0
7;2025-11-08;4;1
7;2025-11-08;5;70
7;2025-11-08;6;289
7;2025-11-08;7;523
7;2025-11-08;8;863
7;2025-11-08;9;773
7;2025-11-08;10;784
7;2025-11-08;11;854
7;2025-11-08;12;993
7;2025-11-08;13;1012
7;2025-11-08;14;1046
7;2025-11-08;15;1056
7;2025-11-08;16;972
7;2025-11-08;17;982
7;2025-11-08;18;1026
7;2025-11-08;19;915
7;2025-11-08;20;659
7;2025-11-08;21;501
7;2025-11-08;22;272
7;2025-11-08;23;190
7;2025-11-09;0;93
7;2025-11-09;1;16
7;2025-11-09;2;0
7;2025-11-09;3;0
7;2025-11-09;4;0
7;2025-11-09;5;51
7;2025-11-09;6;216
7;2025-11-09;7;427
7;2025-11-09;8;677
7;2025-11-09;9;710
7;2025-11-09;10;662
7;2025-11-09;11;808
7;2025-11-09;12;866
7;2025-11-09;13;930
7;2025-11-09;14;956
7;2025-11-09;15;945
7;2025-11-09;16;868
7;2025-11-09;17;952
7;2025-11-09;18;943
7;2025-11-09;19;742
7;2025-11-09;20;588
7;2025-11-09;21;443
7;2025-11-09;22;243
7;2025-11-09;23;156
7;2025-11-10;0;70
7;2025-11-10;1;13
7;2025-11-10;2;0
7;2025-11-10;3;0
7;2025-11-10;4;1
7;2025-11-10;5;198
7;2025-11-10;6;692
7;2025-11-10;7;1573
7;2025-11-10;8;2409
7;2025-11-10;9;1812
7;2025-11-10;10;1504
7;2025-11-10;11;1322
7;2025-11-10;12;1476
7;2025-11-10;13;1503
7;2025-11-10;14;1538
7;2025-11-10;15;1643
7;2025-11-10;16;1738
7;2025-11-10;17;2209
7;2025-11-10;18;2485
7;2025-11-10;19;1690
7;2025-11-10;20;1041
7;2025-11-10;21;606
7;2025-11-10;22;312
7;2025-11-10;23;187
7;2025-11-11;0;58
7;2025-11-11;1;13
7;2025-11-11;2;0
7;2025-11-11;3;0
7;2025-11-11;4;2
7;2025-11-11;5;205
7;2025-11-11;6;710
7;2025-11-11;7;1640
7;2025-11-11;8;2443
7;2025-11-11;9;1832
7;2025-11-11;10;1570
7;2025-11-11;11;1461
7;2025-11-11;12;1591
7;2025-11-11;13;1550
7;2025-11-11;14;1597
7;2025-11-11;15;1692
7;2025-11-11;16;1822
7;2025-11-11;17;2259
7;2025-11-11;18;2558
7;2025-11-11;19;1766
7;2025-11-11;20;1098
7;2025-11-11;21;669
7;2025-11-11;22;335
7;2025-11-11;23;184
7;2025-11-12;0;62
7;2025-11-12;1;13
7;2025-11-12;2;0
7;2025-11-12;3;0
7;2025-11-12;4;2
7;2025-11-12;5;199
7;2025-11-12;6;702
7;2025-11-12;7;1605
7;2025-11-12;8;2557
7;2025-11-12;9;1922
7;2025-11-12;10;1671
7;2025-11-12;11;1462
7;2025-11-12;12;1552
7;2025-11-12;13;1537
7;2025-11-12;14;1618
7;2025-11-12;15;1777
7;2025-11-12;16;1818
7;2025-11-12;17;2320
7;2025-11-12;18;2533
7;2025-11-12;19;1705
7;2025-11-12;20;1077
7;2025-11-12;21;654
7;2025-11-12;22;359
7;2025-11-12;23;213
7;2025-11-13;0;70
7;2025-11-13;1;15
7;2025-11-13;2;0
7;2025-11-13;3;0
7;2025-11-13;4;1
7;2025-11-13;5;190
7;2025-11-13;6;687
7;2025-11-13;7;1609
7;2025-11-13;8;2484
7;2025-11-13;9;1834
7;2025-11-13;10;1570
7;2025-11-13;11;1430
7;2025-11-13;12;1494
7;2025-11-13;13;1503
7;2025-11-13;14;1620
7;2025-11-13;15;1658
7;2025-11-13;16;1795
7;2025-11-13;17;2285
7;2025-11-13;18;2659
7;2025-11-13;19;1674
7;2025-11-13;20;1060
7;2025-11-13;21;659
7;2025-11-13;22;329
7;2025-11-13;23;207
7;2025-11-14;0;70
7;2025-11-14;1;13
7;2025-11-14;2;0
7;2025-11-14;3;0
7;2025-11-14;4;1
7;2025-11-14;5;190
7;2025-11-14;6;619
7;2025-11-14;7;1547
7;2025-11-14;8;2378
7;2025-11-14;9;1760
7;2025-11-14;10;1533
7;2025-11-14;11;1457
7;2025-11-14;12;1554
7;2025-11-14;13;1616
7;2025-11-14;14;1673
7;2025-11-14;15;1760
7;2025-11-14;16;1996
7;2025-11-14;17;2212
7;2025-11-14;18;2103
7;2025-11-14;19;1495
7;2025-11-14;20;1043
7;2025-11-14;21;622
7;2025-11-14;22;363
7;2025-11-14;23;221
7;2025-11-15;0;94
7;2025-11-15;1;22
7;2025-11-15;2;0
7;2025-11-15;3;0
7;2025-11-15;4;1
7;2025-11-15;5;72
7;2025-11-15;6;296
7;2025-11-15;7;542
7;2025-11-15;8;884
7;2025-11-15;9;789
7;2025-11-15;10;807
7;2025-11-15;11;878
7;2025-11-15;12;1011
7;2025-11-15;13;1034
7;2025-11-15;14;1070
7;2025-11-15;15;1081
7;2025-11-15;16;994
7;2025-11-15;17;1012
7;2025-11-15;18;1055
7;2025-11-15;19;943
7;2025-11-15;20;679
7;2025-11-15;21;515
7;2025-11-15;22;280
7;2025-11-15;23;193
7;2025-11-16;0;93
7;2025-11-16;1;17
7;2025-11-16;2;0
7;2025-11-16;3;0
7;2025-11-16;4;0
7;2025-11-16;5;53
7;2025-11-16;6;224
7;2025-11-16;7;444
7;2025-11-16;8;704
7;2025-11-16;9;728
7;2025-11-16;10;685
7;2025-11-16;11;825
7;2025-11-16;12;886
7;2025-11-16;13;956
7;2025-11-16;14;982
7;2025-11-16;15;972
7;2025-11-16;16;896
7;2025-11-16;17;981
7;2025-11-16;18;971
7;2025-11-16;19;764
7;2025-11-16;20;604
7;2025-11-16;21;454
7;2025-11-16;22;251
7;2025-11-16;23;158
7;2025-11-17;0;70
7;2025-11-17;1;13
7;2025-11-17;2;0
7;2025-11-17;3;0
7;2025-11-17;4;1
7;2025-11-17;5;198
7;2025-11-17;6;692
7;2025-11-17;7;1573
7;2025-11-17;8;2409
7;2025-11-17;9;1812
7;2025-11-17;10;1504
7;2025-11-17;11;1322
7;2025-11-17;12;1476
7;2025-11-17;13;1503
7;2025-11-17;14;1538
7;2025-11-17;15;1643
7;2025-11-17;16;1738
7;2025-11-17;17;2209
7;2025-11-17;18;2485
7;2025-11-17;19;1690
7;2025-11-17;20;1041
7;2025-11-17;21;606
7;2025-11-17;22;312
7;2025-11-17;23;187
7;2025-11-18;0;58
7;2025-11-18;1;13
7;2025-11-18;2;0
7;2025-11-18;3;0
7;2025-11-18;4;2
7;2025-11-18;5;205
7;2025-11-18;6;710
7;2025-11-18;7;1640
7;2025-11-18;8;2443
7;2025-11-18;9;1832
7;2025-11-18;10;1570
7;2025-11-18;11;1461
7;2025-11-18;12;1591
7;2025-11-18;13;1550
7;2025-11-18;14;1597
7;2025-11-18;15;1692
7;2025-11-18;16;1822
7;2025-11-18;17;2259
7;2025-11-18;18;2558
7;2025-11-18;19;1766
7;2025-11-18;20;1098
7;2025-11-18;21;669
7;2025-11-18;22;335
7;2025-11-18;23;184
7;2025-11-19;0;62
7;2025-11-19;1;13
7;2025-11-19;2;0
7;2025-11-19;3;0
7;2025-11-19;4;2
7;2025-11-19;5;199
7;2025-11-19;6;702
7;2025-11-19;7;1605
7;2025-11-19;8;2557
7;2025-11-19;9;1922
7;2025-11-19;10;1671
7;2025-11-19;11;1462
7;2025-11-19;12;1552
7;2025-11-19;13;1537
7;2025-11-19;14;1618
7;2025-11-19;15;1777
7;2025-11-19;16;1818
7;2025-11-19;17;2320
7;2025-11-19;18;2533
7;2025-11-19;19;1705
7;2025-11-19;20;1077
7;2025-11-19;21;654
7;2025-11-19;22;359
7;2025-11-19;23;213
7;2025-11-20;0;70
7;2025-11-20;1;15
7;2025-11-20;2;0
7;2025-11-20;3;0
7;2025-11-20;4;1
7;2025-11-20;5;190
7;2025-11-20;6;687
7;2025-11-20;7;1609
7;2025-11-20;8;2484
7;2025-11-20;9;1834
7;2025-11-20;10;1570
7;2025-11-20;11;1430
7;2025-11-20;12;1494
7;2025-11-20;13;1503
7;2025-11-20;14;1620
7;2025-11-20;15;1658
7;2025-11-20;16;1795
7;2025-11-20;17;2285
7;2025-11-20;18;2659
7;2025-11-20;19;1674
7;2025-11-20;20;1060
7;2025-11-20;21;659
7;2025-11-20;22;329
7;2025-11-20;23;207
7;2025-11-21;0;70
7;2025-11-21;1;13
7;2025-11-21;2;0
7;2025-11-21;3;0
7;2025-11-21;4;1
7;2025-11-21;5;190
7;2025-11-21;6;619
7;2025-11-21;7;1547
7;2025-11-21;8;2378
7;2025-11-21;9;1760
7;2025-11-21;10;1533
7;2025-11-21;11;1457
7;2025-11-21;12;1554
7;2025-11-21;13;1616
7;2025-11-21;14;1673
7;2025-11-21;15;1760
7;2025-11-21;16;1996
7;2025-11-21;17;2212
7;2025-11-21;18;2103
7;2025-11-21;19;1495
7;2025-11-21;20;1043
7;2025-11-21;21;622
7;2025-11-21;22;363
7;2025-11-21;23;221
7;2025-11-22;0;94
7;2025-11-22;1;22
7;2025-11-22;2;0
7;2025-11-22;3;0
7;2025-11-22;4;1
7;2025-11-22;5;73
7;2025-11-22;6;303
7;2025-11-22;7;561
7;2025-11-22;8;904
7;2025-11-22;9;806
7;2025-11-22;10;831
7;2025-11-22;11;902
7;2025-11-22;12;1029
7;2025-11-22;13;1055
7;2025-11-22;14;1094
7;2025-11-22;15;1106
7;2025-11-22;16;1016
7;2025-11-22;17;1041
7;2025-11-22;18;1085
7;2025-11-22;19;971
7;2025-11-22;20;700
7;2025-11-22;21;530
7;2025-11-22;22;288
7;2025-11-22;23;197
7;2025-11-23;0;93
7;2025-11-23;1;17
7;2025-11-23;2;0
7;2025-11-23;3;0
7;2025-11-23;4;0
7;2025-11-23;5;55
7;2025-11-23;6;232
7;2025-11-23;7;460
7;2025-11-23;8;732
7;2025-11-23;9;745
7;2025-11-23;10;708
7;2025-11-23;11;843
7;2025-11-23;12;906
7;2025-11-23;13;982
7;2025-11-23;14;1008
7;2025-11-23;15;998
7;2025-11-23;16;924
7;2025-11-23;17;1011
7;2025-11-23;18;999
7;2025-11-23;19;786
7;2025-11-23;20;619
7;2025-11-23;21;465
7;2025-11-23;22;258
7;2025-11-23;23;160
7;2025-11-24;0;70
7;2025-11-24;1;13
7;2025-11-24;2;0
7;2025-11-24;3;0
7;2025-11-24;4;1
7;2025-11-24;5;198
7;2025-11-24;6;692
7;2025-11-24;7;1573
7;2025-11-24;8;2409
7;2025-11-24;9;1812
7;2025-11-24;10;1504
7;2025-11-24;11;1322
7;2025-11-24;12;1476
7;2025-11-24;13;1503
7;2025-11-24;14;1538
7;2025-11-24;15;1643
7;2025-11-24;16;1738
7;2025-11-24;17;2209
7;2025-11-24;18;2485
7;2025-11-24;19;1690
7;2025-11-24;20;1041
7;2025-11-24;21;606
7;2025-11-24;22;312
7;2025-11-24;23;187
7;2025-11-25;0;58
7;2025-11-25;1;13
7;2025-11-25;2;0
7;2025-11-25;3;0
7;2025-11-25;4;2
7;2025-11-25;5;205
7;2025-11-25;6;710
7;2025-11-25;7;1640
7;2025-11-25;8;2443
7;2025-11-25;9;1832
7;2025-11-25;10;1570
7;2025-11-25;11;1461
7;2025-11-25;12;1591
7;2025-11-25;13;1550
7;2025-11-25;14;1597
7;2025-11-25;15;1692
7;2025-11-25;16;1822
7;2025-11-25;17;2259
7;2025-11-25;18;2558
7;2025-11-25;19;1766
7;2025-11-25;20;1098
7;2025-11-25;21;669
7;2025-11-25;22;335
7;2025-11-25;23;184
7;2025-11-26;0;62
7;2025-11-26;1;13
7;2025-11-26;2;0
7;2025-11-26;3;0
7;2025-11-26;4;2
7;2025-11-26;5;199
7;2025-11-26;6;702
7;2025-11-26;7;1605
7;2025-11-26;8;2557
7;2025-11-26;9;1922
7;2025-11-26;10;1671
7;2025-11-26;11;1462
7;2025-11-26;12;1552
7;2025-11-26;13;1537
7;2025-11-26;14;1618
7;2025-11-26;15;1777
7;2025-11-26;16;1818
7;2025-11-26;17;2320
7;2025-11-26;18;2533
7;2025-11-26;19;1705
7;2025-11-26;20;1077
7;2025-11-26;21;654
7;2025-11-26;22;359
7;2025-11-26;23;213
7;2025-11-27;0;70
7;2025-11-27;1;15
7;2025-11-27;2;0
7;2025-11-27;3;0
7;2025-11-27;4;1
7;2025-11-27;5;190
7;2025-11-27;6;687
7;2025-11-27;7;1609
7;2025-11-27;8;2484
7;2025-11-27;9;1834
7;2025-11-27;10;1570
7;2025-11-27;11;1430
7;2025-11-27;12;1494
7;2025-11-27;13;1503
7;2025-11-27;14;1620
7;2025-11-27;15;1658
7;2025-11-27;16;1795
7;2025-11-27;17;2285
7;2025-11-27;18;2659
7;2025-11-27;19;1674
7;2025-11-27;20;1060
7;2025-11-27;21;659
7;2025-11-27;22;329
7;2025-11-27;23;207
7;2025-11-28;0;70
7;2025-11-28;1;13
7;2025-11-28;2;0
7;2025-11-28;3;0
7;2025-11-28;4;1
7;2025-11-28;5;190
7;2025-11-28;6;619
7;2025-11-28;7;1547
7;2025-11-28;8;2378
7;2025-11-28;9;1760
7;2025-11-28;10;1533
7;2025-11-28;11;1457
7;2025-11-28;12;1554
7;2025-11-28;13;1616
7;2025-11-28;14;1673
7;2025-11-28;15;1760
7;2025-11-28;16;1996
7;2025-11-28;17;2212
7;2025-11-28;18;2103
7;2025-11-28;19;1495
7;2025-11-28;20;1043
7;2025-11-28;21;622
7;2025-11-28;22;363
7;2025-11-28;23;221
7;2025-11-29;0;94
7;2025-11-29;1;22
7;2025-11-29;2;0
7;2025-11-29;3;0
7;2025-11-29;4;1
7;2025-11-29;5;75
7;2025-11-29;6;310
7;2025-11-29;7;580
7;2025-11-29;8;924
7;2025-11-29;9;822
7;2025-11-29;10;854
7;2025-11-29;11;925
7;2025-11-29;12;1047
7;2025-11-29;13;1076
7;2025-11-29;14;1118
7;2025-11-29;15;1132
7;2025-11-29;16;1039
7;2025-11-29;17;1070
7;2025-11-29;18;1115
7;2025-11-29;19;999
7;2025-11-29;20;720
7;2025-11-29;21;544
7;2025-11-29;22;295
7;2025-11-29;23;200
7;2025-11-30;0;94
7;2025-11-30;1;17
7;2025-11-30;2;0
7;2025-11-30;3;0
7;2025-11-30;4;0
7;2025-11-30;5;57
7;2025-11-30;6;239
7;2025-11-30;7;477
7;2025-11-30;8;760
7;2025-11-30;9;762
7;2025-11-30;10;731
7;2025-11-30;11;861
7;2025-11-30;12;926
7;2025-11-30;13;1009
7;2025-11-30;14;1034
7;2025-11-30;15;1024
7;2025-11-30;16;952
7;2025-11-30;17;1040
7;2025-11-30;18;1028
7;2025-11-30;19;807
7;2025-11-30;20;635
7;2025-11-30;21;477
7;2025-11-30;22;265
7;2025-11-30;23;162
7;2025-12-01;0;70
7;2025-12-01;1;13
7;2025-12-01;2;0
7;2025-12-01;3;0
7;2025-12-01;4;1
7;2025-12-01;5;198
7;2025-12-01;6;692
7;2025-12-01;7;1573
7;2025-12-01;8;2409
7;2025-12-01;9;1812
7;2025-12-01;10;1504
7;2025-12-01;11;1322
7;2025-12-01;12;1476
7;2025-12-01;13;1503
7;2025-12-01;14;1538
7;2025-12-01;15;1643
7;2025-12-01;16;1738
7;2025-12-01;17;2209
7;2025-12-01;18;2485
7;2025-12-01;19;1690
7;2025-12-01;20;1041
7;2025-12-01;21;606
7;2025-12-01;22;312
7;2025-12-01;23;187
7;2025-12-02;0;58
7;2025-12-02;1;13
7;2025-12-02;2;0
7;2025-12-02;3;0
7;2025-12-02;4;2
7;2025-12-02;5;205
7;2025-12-02;6;710
7;2025-12-02;7;1640
7;2025-12-02;8;2443
7;2025-12-02;9;1832
7;2025-12-02;10;1570
7;2025-12-02;11;1461
7;2025-12-02;12;1591
7;2025-12-02;13;1550
7;2025-12-02;14;1597
7;2025-12-02;15;1692
7;2025-12-02;16;1822
7;2025-12-02;17;2259
7;2025-12-02;18;2558
7;2025-12-02;19;1766
7;2025-12-02;20;1098
7;2025-12-02;21;669
7;2025-12-02;22;335
7;2025-12-02;23;184
7;2025-12-03;0;62
7;2025-12-03;1;13
7;2025-12-03;2;0
7;2025-12-03;3;0
7;2025-12-03;4;2
7;2025-12-03;5;199
7;2025-12-03;6;702
7;2025-12-03;7;1605
7;2025-12-03;8;2557
7;2025-12-03;9;1922
7;2025-12-03;10;1671
7;2025-12-03;11;1462
7;2025-12-03;12;1552
7;2025-12-03;13;1537
7;2025-12-03;14;1618
7;2025-12-03;15;1777
7;2025-12-03;16;1818
7;2025-12-03;17;2320
7;2025-12-03;18;2533
7;2025-12-03;19;1705
7;2025-12-03;20;1077
7;2025-12-03;21;654
7;2025-12-03;22;359
7;2025-12-03;23;213
7;2025-12-04;0;70
7;2025-12-04;1;15
7;2025-12-04;2;0
7;2025-12-04;3;0
7;2025-12-04;4;1
7;2025-12-04;5;190
7;2025-12-04;6;687
7;2025-12-04;7;1609
7;2025-12-04;8;2484
7;2025-12-04;9;1834
7;2025-12-04;10;1570
7;2025-12-04;11;1430
7;2025-12-04;12;1494
7;2025-12-04;13;1503
7;2025-12-04;14;1620
7;2025-12-04;15;1658
7;2025-12-04;16;1795
7;2025-12-04;17;2285
7;2025-12-04;18;2659
7;2025-12-04;19;1674
7;2025-12-04;20;1060
7;2025-12-04;21;659
7;2025-12-04;22;329
7;2025-12-04;23;207
7;2025-12-05;0;70
7;2025-12-05;1;13
7;2025-12-05;2;0
7;2025-12-05;3;0
7;2025-12-05;4;1
7;2025-12-05;5;190
7;2025-12-05;6;619
7;2025-12-05;7;1547
7;2025-12-05;8;2378
7;2025-12-05;9;1760
7;2025-12-05;10;1533
7;2025-12-05;11;1457
7;2025-12-05;12;1554
7;2025-12-05;13;1616
7;2025-12-05;14;1673
7;2025-12-05;15;1760
7;2025-12-05;16;1996
7;2025-12-05;17;2212
7;2025-12-05;18;2103
7;2025-12-05;19;1495
7;2025-12-05;20;1043
7;2025-12-05;21;622
7;2025-12-05;22;363
7;2025-12-05;23;221
7;2025-12-06;0;94
7;2025-12-06;1;22
7;2025-12-06;2;0
7;2025-12-06;3;0
7;2025-12-06;4;1
7;2025-12-06;5;76
7;2025-12-06;6;317
7;2025-12-06;7;599
7;2025-12-06;8;945
7;2025-12-06;9;838
7;2025-12-06;10;878
7;2025-12-06;11;949
7;2025-12-06;12;1065
7;2025-12-06;13;1097
7;2025-12-06;14;1142
7;2025-12-06;15;1157
7;2025-12-06;16;1061
7;2025-12-06;17;1100
7;2025-12-06;18;1145
7;2025-12-06;19;1028
7;2025-12-06;20;740
7;2025-12-06;21;558
7;2025-12-06;22;303
7;2025-12-06;23;204
7;2025-12-07;0;94
7;2025-12-07;1;17
7;2025-12-07;2;0
7;2025-12-07;3;0
7;2025-12-07;4;0
7;2025-12-07;5;59
7;2025-12-07;6;247
7;2025-12-07;7;493
7;2025-12-07;8;788
7;2025-12-07;9;780
7;2025-12-07;10;754
7;2025-12-07;11;878
7;2025-12-07;12;946
7;2025-12-07;13;1035
7;2025-12-07;14;1060
7;2025-12-07;15;1051
7;2025-12-07;16;980
7;2025-12-07;17;1070
7;2025-12-07;18;1056
7;2025-12-07;19;829
7;2025-12-07;20;651
7;2025-12-07;21;488
7;2025-12-07;22;272
7;2025-12-07;23;165
7;2025-12-08;0;70
7;2025-12-08;1;13
7;2025-12-08;2;0
7;2025-12-08;3;0
7;2025-12-08;4;1
7;2025-12-08;5;198
7;2025-12-08;6;692
7;2025-12-08;7;1573
7;2025-12-08;8;2409
7;2025-12-08;9;1812
7;2025-12-08;10;1504
7;2025-12-08;11;1322
7;2025-12-08;12;1476
7;2025-12-08;13;1503
7;2025-12-08;14;1538
7;2025-12-08;15;1643
7;2025-12-08;16;1738
7;2025-12-08;17;2209
7;2025-12-08;18;2485
7;2025-12-08;19;1690
7;2025-12-08;20;1041
7;2025-12-08;21;606
7;2025-12-08;22;312
7;2025-12-08;23;187
7;2025-12-09;0;58
7;2025-12-09;1;13
7;2025-12-09;2;0
7;2025-12-09;3;0
7;2025-12-09;4;2
7;2025-12-09;5;205
7;2025-12-09;6;710
7;2025-12-09;7;1640
7;2025-12-09;8;2443
7;2025-12-09;9;1832
7;2025-12-09;10;1570
7;2025-12-09;11;1461
7;2025-12-09;12;1591
7;2025-12-09;13;1550
7;2025-12-09;14;1597
7;2025-12-09;15;1692
7;2025-12-09;16;1822
7;2025-12-09;17;2259
7;2025-12-09;18;2558
7;2025-12-09;19;1766
7;2025-12-09;20;1098
7;2025-12-09;21;669
7;2025-12-09;22;335
7;2025-12-09;23;184
7;2025-12-10;0;62
7;2025-12-10;1;13
7;2025-12-10;2;0
7;2025-12-10;3;0
7;2025-12-10;4;2
7;2025-12-10;5;199
7;2025-12-10;6;702
7;2025-12-10;7;1605
7;2025-12-10;8;2557
7;2025-12-10;9;1922
7;2025-12-10;10;1671
7;2025-12-10;11;1462
7;2025-12-10;12;1552
7;2025-12-10;13;1537
7;2025-12-10;14;1618
7;2025-12-10;15;1777
7;2025-12-10;16;1818
7;2025-12-10;17;2320
7;2025-12-10;18;2533
7;2025-12-10;19;1705
7;2025-12-10;20;1077
7;2025-12-10;21;654
7;2025-12-10;22;359
7;2025-12-10;23;213
7;2025-12-11;0;70
7;2025-12-11;1;15
7;2025-12-11;2;0
7;2025-12-11;3;0
7;2025-12-11;4;1
7;2025-12-11;5;190
7;2025-12-11;6;687
7;2025-12-11;7;1609
7;2025-12-11;8;2484
7;2025-12-11;9;1834
7;2025-12-11;10;1570
7;2025-12-11;11;1430
7;2025-12-11;12;1494
7;2025-12-11;13;1503
7;2025-12-11;14;1620
7;2025-12-11;15;1658
7;2025-12-11;16;1795
7;2025-12-11;17;2285
7;2025-12-11;18;2659
7;2025-12-11;19;1674
7;2025-12-11;20;1060
7;2025-12-11;21;659
7;2025-12-11;22;329
7;2025-12-11;23;207
7;2025-12-12;0;70
7;2025-12-12;1;13
7;2025-12-12;2;0
7;2025-12-12;3;0
7;2025-12-12;4;1
7;2025-12-12;5;190
7;2025-12-12;6;619
7;2025-12-12;7;1547
7;2025-12-12;8;2378
7;2025-12-12;9;1760
7;2025-12-12;10;1533
7;2025-12-12;11;1457
7;2025-12-12;12;1554
7;2025-12-12;13;1616
7;2025-12-12;14;1673
7;2025-12-12;15;1760
7;2025-12-12;16;1996
7;2025-12-12;17;2212
7;2025-12-12;18;2103
7;2025-12-12;19;1495
7;2025-12-12;20;1043
7;2025-12-12;21;622
7;2025-12-12;22;363
7;2025-12-12;23;221
7;2025-12-13;0;93
7;2025-12-13;1;22
7;2025-12-13;2;0
7;2025-12-13;3;0
7;2025-12-13;4;1
7;2025-12-13;5;77
7;2025-12-13;6;324
7;2025-12-13;7;618
7;2025-12-13;8;965
7;2025-12-13;9;855
7;2025-12-13;10;902
7;2025-12-13;11;973
7;2025-12-13;12;1083
7;2025-12-13;13;1118
7;2025-12-13;14;1166
7;2025-12-13;15;1182
7;2025-12-13;16;1083
7;2025-12-13;17;1129
7;2025-12-13;18;1175
7;2025-12-13;19;1056
7;2025-12-13;20;760
7;2025-12-13;21;572
7;2025-12-13;22;311
7;2025-12-13;23;207
7;2025-12-14;0;94
7;2025-12-14;1;18
7;2025-12-14;2;0
7;2025-12-14;3;0
7;2025-12-14;4;0
7;2025-12-14;5;61
7;2025-12-14;6;254
7;2025-12-14;7;510
7;2025-12-14;8;816
7;2025-12-14;9;797
7;2025-12-14;10;777
7;2025-12-14;11;896
7;2025-12-14;12;966
7;2025-12-14;13;1061
7;2025-12-14;14;1086
7;2025-12-14;15;1077
7;2025-12-14;16;1008
7;2025-12-14;17;1099
7;2025-12-14;18;1084
7;2025-12-14;19;851
7;2025-12-14;20;667
7;2025-12-14;21;499
7;2025-12-14;22;280
7;2025-12-14;23;167
7;2025-12-15;0;70
7;2025-12-15;1;13
7;2025-12-15;2;0
7;2025-12-15;3;0
7;2025-12-15;4;1
7;2025-12-15;5;198
7;2025-12-15;6;692
7;2025-12-15;7;1573
7;2025-12-15;8;2409
7;2025-12-15;9;1812
7;2025-12-15;10;1504
7;2025-12-15;11;1322
7;2025-12-15;12;1476
7;2025-12-15;13;1503
7;2025-12-15;14;1538
7;2025-12-15;15;1643
7;2025-12-15;16;1738
7;2025-12-15;17;2209
7;2025-12-15;18;2485
7;2025-12-15;19;1690
7;2025-12-15;20;1041
7;2025-12-15;21;606
7;2025-12-15;22;312
7;2025-12-15;23;187
7;2025-12-16;0;58
7;2025-12-16;1;13
7;2025-12-16;2;0
7;2025-12-16;3;0
7;2025-12-16;4;2
7;2025-12-16;5;205
7;2025-12-16;6;710
7;2025-12-16;7;1640
7;2025-12-16;8;2443
7;2025-12-16;9;1832
7;2025-12-16;10;1570
7;2025-12-16;11;1461
7;2025-12-16;12;1591
7;2025-12-16;13;1550
7;2025-12-16;14;1597
7;2025-12-16;15;1692
7;2025-12-16;16;1822
7;2025-12-16;17;2259
7;2025-12-16;18;2558
7;2025-12-16;19;1766
7;2025-12-16;20;1098
7;2025-12-16;21;669
7;2025-12-16;22;335
7;2025-12-16;23;184
7;2025-12-17;0;62
7;2025-12-17;1;13
7;2025-12-17;2;0
7;2025-12-17;3;0
7;2025-12-17;4;2
7;2025-12-17;5;199
7;2025-12-17;6;702
7;2025-12-17;7;1605
7;2025-12-17;8;2557
7;2025-12-17;9;1922
7;2025-12-17;10;1671
7;2025-12-17;11;1462
7;2025-12-17;12;1552
7;2025-12-17;13;1537
7;2025-12-17;14;1618
7;2025-12-17;15;1777
7;2025-12-17;16;1818
7;2025-12-17;17;2320
7;2025-12-17;18;2533
7;2025-12-17;19;1705
7;2025-12-17;20;1077
7;2025-12-17;21;654
7;2025-12-17;22;359
7;2025-12-17;23;213
7;2025-12-18;0;70
7;2025-12-18;1;15
7;2025-12-18;2;0
7;2025-12-18;3;0
7;2025-12-18;4;1
7;2025-12-18;5;190
7;2025-12-18;6;687
7;2025-12-18;7;1609
7;2025-12-18;8;2484
7;2025-12-18;9;1834
7;2025-12-18;10;1570
7;2025-12-18;11;1430
7;2025-12-18;12;1494
7;2025-12-18;13;1503
7;2025-12-18;14;1620
7;2025-12-18;15;1658
7;2025-12-18;16;1795
7;2025-12-18;17;2285
7;2025-12-18;18;2659
7;2025-12-18;19;1674
7;2025-12-18;20;1060
7;2025-12-18;21;659
7;2025-12-18;22;329
7;2025-12-18;23;207
7;2025-12-19;0;70
7;2025-12-19;1;13
7;2025-12-19;2;0
7;2025-12-19;3;0
7;2025-12-19;4;1
7;2025-12-19;5;190
7;2025-12-19;6;619
7;2025-12-19;7;1547
7;2025-12-19;8;2378
7;2025-12-19;9;1760
7;2025-12-19;10;1533
7;2025-12-19;11;1457
7;2025-12-19;12;1554
7;2025-12-19;13;1616
7;2025-12-19;14;1673
7;2025-12-19;15;1760
7;2025-12-19;16;1996
7;2025-12-19;17;2212
7;2025-12-19;18;2103
7;2025-12-19;19;1495
7;2025-12-19;20;1043
7;2025-12-19;21;622
7;2025-12-19;22;363
7;2025-12-19;23;221
7;2025-12-20;0;93
7;2025-12-20;1;22
7;2025-12-20;2;0
7;2025-12-20;3;0
7;2025-12-20;4;1
7;2025-12-20;5;79
7;2025-12-20;6;330
7;2025-12-20;7;637
7;2025-12-20;8;986
7;2025-12-20;9;871
7;2025-12-20;10;925
7;2025-12-20;11;997
7;2025-12-20;12;1101
7;2025-12-20;13;1139
7;2025-12-20;14;1190
7;2025-12-20;15;1207
7;2025-12-20;16;1106
7;2025-12-20;17;1159
7;2025-12-20;18;1205
7;2025-12-20;19;1084
7;2025-12-20;20;780
7;2025-12-20;21;587
7;2025-12-20;22;319
7;2025-12-20;23;210
7;2025-12-21;0;94
7;2025-12-21;1;18
7;2025-12-21;2;0
7;2025-12-21;3;0
7;2025-12-21;4;0
7;2025-12-21;5;63
7;2025-12-21;6;262
7;2025-12-21;7;527
7;2025-12-21;8;843
7;2025-12-21;9;815
7;2025-12-21;10;800
7;2025-12-21;11;913
7;2025-12-21;12;986
7;2025-12-21;13;1088
7;2025-12-21;14;1113
7;2025-12-21;15;1104
7;2025-12-21;16;1036
7;2025-12-21;17;1129
7;2025-12-21;18;1113
7;2025-12-21;19;873
7;2025-12-21;20;683
7;2025-12-21;21;510
7;2025-12-21;22;287
7;2025-12-21;23;169
7;2025-12-22;0;70
7;2025-12-22;1;13
7;2025-12-22;2;0
7;2025-12-22;3;0
7;2025-12-22;4;1
7;2025-12-22;5;198
7;2025-12-22;6;692
7;2025-12-22;7;1573
7;2025-12-22;8;2409
7;2025-12-22;9;1812
7;2025-12-22;10;1504
7;2025-12-22;11;1322
7;2025-12-22;12;1476
7;2025-12-22;13;1503
7;2025-12-22;14;1538
7;2025-12-22;15;1643
7;2025-12-22;16;1738
7;2025-12-22;17;2209
7;2025-12-22;18;2485
7;2025-12-22;19;1690
7;2025-12-22;20;1041
7;2025-12-22;21;606
7;2025-12-22;22;312
7;2025-12-22;23;187
7;2025-12-23;0;58
7;2025-12-23;1;13
7;2025-12-23;2;0
7;2025-12-23;3;0
7;2025-12-23;4;2
7;2025-12-23;5;205
7;2025-12-23;6;710
7;2025-12-23;7;1640
7;2025-12-23;8;2443
7;2025-12-23;9;1832
7;2025-12-23;10;1570
7;2025-12-23;11;1461
7;2025-12-23;12;1591
7;2025-12-23;13;1550
7;2025-12-23;14;1597
7;2025-12-23;15;1692
7;2025-12-23;16;1822
7;2025-12-23;17;2259
7;2025-12-23;18;2558
7;2025-12-23;19;1766
7;2025-12-23;20;1098
7;2025-12-23;21;669
7;2025-12-23;22;335
7;2025-12-23;23;184
7;2025-12-24;0;62
7;2025-12-24;1;13
7;2025-12-24;2;0
7;2025-12-24;3;0
7;2025-12-24;4;2
7;2025-12-24;5;199
7;2025-12-24;6;702
7;2025-12-24;7;1605
7;2025-12-24;8;2557
7;2025-12-24;9;1922
7;2025-12-24;10;1671
7;2025-12-24;11;1462
7;2025-12-24;12;1552
7;2025-12-24;13;1537
7;2025-12-24;14;1618
7;2025-12-24;15;1777
7;2025-12-24;16;1818
7;2025-12-24;17;2320
7;2025-12-24;18;2533
7;2025-12-24;19;1705
7;2025-12-24;20;1077
7;2025-12-24;21;654
7;2025-12-24;22;359
7;2025-12-24;23;213
7;2025-12-25;0;70
7;2025-12-25;1;15
7;2025-12-25;2;0
7;2025-12-25;3;0
7;2025-12-25;4;1
7;2025-12-25;5;190
7;2025-12-25;6;687
7;2025-12-25;7;1609
7;2025-12-25;8;2484
7;2025-12-25;9;1834
7;2025-12-25;10;1570
7;2025-12-25;11;1430
7;2025-12-25;12;1494
7;2025-12-25;13;1503
7;2025-12-25;14;1620
7;2025-12-25;15;1658
7;2025-12-25;16;1795
7;2025-12-25;17;2285
7;2025-12-25;18;2659
7;2025-12-25;19;1674
7;2025-12-25;20;1060
7;2025-12-25;21;659
7;2025-12-25;22;329
7;2025-12-25;23;207
7;2025-12-26;0;70
7;2025-12-26;1;13
7;2025-12-26;2;0
7;2025-12-26;3;0
7;2025-12-26;4;1
7;2025-12-26;5;190
7;2025-12-26;6;619
7;2025-12-26;7;1547
7;2025-12-26;8;2378
7;2025-12-26;9;1760
7;2025-12-26;10;1533
7;2025-12-26;11;1457
7;2025-12-26;12;1554
7;2025-12-26;13;1616
7;2025-12-26;14;1673
7;2025-12-26;15;1760
7;2025-12-26;16;1996
7;2025-12-26;17;2212
7;2025-12-26;18;2103
7;2025-12-26;19;1495
7;2025-12-26;20;1043
7;2025-12-26;21;622
7;2025-12-26;22;363
7;2025-12-26;23;221
7;2025-12-27;0;93
7;2025-12-27;1;22
7;2025-12-27;2;0
7;2025-12-27;3;0
7;2025-12-27;4;1
7;2025-12-27;5;80
7;2025-12-27;6;337
7;2025-12-27;7;656
7;2025-12-27;8;1006
7;2025-12-27;9;887
7;2025-12-27;10;949
7;2025-12-27;11;1021
7;2025-12-27;12;1119
7;2025-12-27;13;1160
7;2025-12-27;14;1214
7;2025-12-27;15;1232
7;2025-12-27;16;1128
7;2025-12-27;17;1188
7;2025-12-27;18;1235
7;2025-12-27;19;1112
7;2025-12-27;20;801
7;2025-12-27;21;601
7;2025-12-27;22;326
7;2025-12-27;23;214
7;2025-12-28;0;94
7;2025-12-28;1;18
7;2025-12-28;2;0
7;2025-12-28;3;0
7;2025-12-28;4;0
7;2025-12-28;5;65
7;2025-12-28;6;269
7;2025-12-28;7;543
7;2025-12-28;8;871
7;2025-12-28;9;832
7;2025-12-28;10;824
7;2025-12-28;11;931
7;2025-12-28;12;1006
7;2025-12-28;13;1114
7;2025-12-28;14;1139
7;2025-12-28;15;1130
7;2025-12-28;16;1064
7;2025-12-28;17;1158
7;2025-12-28;18;1141
7;2025-12-28;19;894
7;2025-12-28;20;698
7;2025-12-28;21;522
7;2025-12-28;22;294
7;2025-12-28;23;171
7;2025-12-29;0;70
7;2025-12-29;1;13
7;2025-12-29;2;0
7;2025-12-29;3;0
7;2025-12-29;4;1
7;2025-12-29;5;198
7;2025-12-29;6;692
7;2025-12-29;7;1573
7;2025-12-29;8;2409
7;2025-12-29;9;1812
7;2025-12-29;10;1504
7;2025-12-29;11;1322
7;2025-12-29;12;1476
7;2025-12-29;13;1503
7;2025-12-29;14;1538
7;2025-12-29;15;1643
7;2025-12-29;16;1738
7;2025-12-29;17;2209
7;2025-12-29;18;2485
7;2025-12-29;19;1690
7;2025-12-29;20;1041
7;2025-12-29;21;606
7;2025-12-29;22;312
7;2025-12-29;23;187
7;2025-12-30;0;58
7;2025-12-30;1;13
7;2025-12-30;2;0
7;2025-12-30;3;0
7;2025-12-30;4;2
7;2025-12-30;5;205
7;2025-12-30;6;710
7;2025-12-30;7;1640
7;2025-12-30;8;2443
7;2025-12-30;9;1832
7;2025-12-30;10;1570
7;2025-12-30;11;1461
7;2025-12-30;12;1591
7;2025-12-30;13;1550
7;2025-12-30;14;1597
7;2025-12-30;15;1692
7;2025-12-30;16;1822
7;2025-12-30;17;2259
7;2025-12-30;18;2558
7;2025-12-30;19;1766
7;2025-12-30;20;1098
7;2025-12-30;21;669
7;2025-12-30;22;335
7;2025-12-30;23;184
7;2025-12-31;0;94
7;2025-12-31;1;18
7;2025-12-31;2;0
7;2025-12-31;3;0
7;2025-12-31;4;0
7;2025-12-31;5;65
7;2025-12-31;6;270
7;2025-12-31;7;546
7;2025-12-31;8;875
7;2025-12-31;9;834
7;2025-12-31;10;827
7;2025-12-31;11;934
7;2025-12-31;12;1009
7;2025-12-31;13;1118
7;2025-12-31;14;1142
7;2025-12-31;15;1134
7;2025-12-31;16;1068
7;2025-12-31;17;1163
7;2025-12-31;18;1145
7;2025-12-31;19;898
7;2025-12-31;20;701
7;2025-12-31;21;523
7;2025-12-31;22;295
7;2025-12-31;23;171
11;2025-11-01;0;77
11;2025-11-01;1;5
11;2025-11-01;2;0
11;2025-11-01;3;0
11;2025-11-01;4;0
11;2025-11-01;5;285
11;2025-11-01;6;1323
11;2025-11-01;7;2321
11;2025-11-01;8;3031
11;2025-11-01;9;2340
11;2025-11-01;10;1783
11;2025-11-01;11;1810
11;2025-11-01;12;1739
11;2025-11-01;13;1881
11;2025-11-01;14;1873
11;2025-11-01;15;1971
11;2025-11-01;16;2184
11;2025-11-01;17;2748
11;2025-11-01;18;3037
11;2025-11-01;19;2286
11;2025-11-01;20;1519
11;2025-11-01;21;862
11;2025-11-01;22;450
11;2025-11-01;23;225
11;2025-11-02;0;105
11;2025-11-02;1;10
11;2025-11-02;2;0
11;2025-11-02;3;0
11;2025-11-02;4;2
11;2025-11-02;5;147
11;2025-11-02;6;667
11;2025-11-02;7;858
11;2025-11-02;8;1125
11;2025-11-02;9;1178
11;2025-11-02;10;1163
11;2025-11-02;11;1492
11;2025-11-02;12;1622
11;2025-11-02;13;1532
11;2025-11-02;14;1601
11;2025-11-02;15;1670
11;2025-11-02;16;1643
11;2025-11-02;17;1808
11;2025-11-02;18;1605
11;2025-11-02;19;1332
11;2025-11-02;20;1001
11;2025-11-02;21;722
11;2025-11-02;22;400
11;2025-11-02;23;256
11;2025-11-03;0;105
11;2025-11-03;1;10
11;2025-11-03;2;0
11;2025-11-03;3;0
11;2025-11-03;4;2
11;2025-11-03;5;147
11;2025-11-03;6;667
11;2025-11-03;7;858
11;2025-11-03;8;1125
11;2025-11-03;9;1178
11;2025-11-03;10;1163
11;2025-11-03;11;1492
11;2025-11-03;12;1622
11;2025-11-03;13;1532
11;2025-11-03;14;1601
11;2025-11-03;15;1670
11;2025-11-03;16;1643
11;2025-11-03;17;1808
11;2025-11-03;18;1605
11;2025-11-03;19;1332
11;2025-11-03;20;1001
11;2025-11-03;21;722
11;2025-11-03;22;400
11;2025-11-03;23;256
11;2025-11-04;0;105
11;2025-11-04;1;10
11;2025-11-04;2;0
11;2025-11-04;3;0
11;2025-11-04;4;2
11;2025-11-04;5;147
11;2025-11-04;6;667
11;2025-11-04;7;858
11;2025-11-04;8;1125
11;2025-11-04;9;1178
11;2025-11-04;10;1163
11;2025-11-04;11;1492
11;2025-11-04;12;1622
11;2025-11-04;13;1532
11;2025-11-04;14;1601
11;2025-11-04;15;1670
11;2025-11-04;16;1643
11;2025-11-04;17;1808
11;2025-11-04;18;1605
11;2025-11-04;19;1332
11;2025-11-04;20;1001
11;2025-11-04;21;722
11;2025-11-04;22;400
11;2025-11-04;23;256
11;2025-11-05;0;66
11;2025-11-05;1;0
11;2025-11-05;2;0
11;2025-11-05;3;0
11;2025-11-05;4;0
11;2025-11-05;5;290
11;2025-11-05;6;1301
11;2025-11-05;7;2369
11;2025-11-05;8;3139
11;2025-11-05;9;2361
11;2025-11-05;10;1810
11;2025-11-05;11;1831
11;2025-11-05;12;1895
11;2025-11-05;13;1978
11;2025-11-05;14;1942
11;2025-11-05;15;2013
11;2025-11-05;16;2136
11;2025-11-05;17;2727
11;2025-11-05;18;3005
11;2025-11-05;19;2306
11;2025-11-05;20;1516
11;2025-11-05;21;905
11;2025-11-05;22;436
11;2025-11-05;23;252
11;2025-11-06;0;70
11;2025-11-06;1;1
11;2025-11-06;2;0
11;2025-11-06;3;0
11;2025-11-06;4;0
11;2025-11-06;5;274
11;2025-11-06;6;1313
11;2025-11-06;7;2319
11;2025-11-06;8;3047
11;2025-11-06;9;2427
11;2025-11-06;10;1882
11;2025-11-06;11;1834
11;2025-11-06;12;1903
11;2025-11-06;13;1988
11;2025-11-06;14;1931
11;2025-11-06;15;2008
11;2025-11-06;16;2188
11;2025-11-06;17;2769
11;2025-11-06;18;2998
11;2025-11-06;19;2266
11;2025-11-06;20;1499
11;2025-11-06;21;942
11;2025-11-06;22;465
11;2025-11-06;23;261
11;2025-11-07;0;79
11;2025-11-07;1;1
11;2025-11-07;2;0
11;2025-11-07;3;0
11;2025-11-07;4;1
11;2025-11-07;5;283
11;2025-11-07;6;1305
11;2025-11-07;7;2279
11;2025-11-07;8;3039
11;2025-11-07;9;2326
11;2025-11-07;10;1837
11;2025-11-07;11;1858
11;2025-11-07;12;1845
11;2025-11-07;13;1960
11;2025-11-07;14;2037
11;2025-11-07;15;2160
11;2025-11-07;16;2371
11;2025-11-07;17;2869
11;2025-11-07;18;2605
11;2025-11-07;19;2053
11;2025-11-07;20;1439
11;2025-11-07;21;869
11;2025-11-07;22;474
11;2025-11-07;23;289
11;2025-11-08;0;97
11;2025-11-08;1;2
11;2025-11-08;2;0
11;2025-11-08;3;0
11;2025-11-08;4;3
11;2025-11-08;5;212
11;2025-11-08;6;900
11;2025-11-08;7;1011
11;2025-11-08;8;1339
11;2025-11-08;9;1332
11;2025-11-08;10;1319
11;2025-11-08;11;1646
11;2025-11-08;12;1835
11;2025-11-08;13;1682
11;2025-11-08;14;1748
11;2025-11-08;15;1727
11;2025-11-08;16;1799
11;2025-11-08;17;1958
11;2025-11-08;18;1763
11;2025-11-08;19;1589
11;2025-11-08;20;1202
11;2025-11-08;21;806
11;2025-11-08;22;451
11;2025-11-08;23;305
11;2025-11-09;0;105
11;2025-11-09;1;10
11;2025-11-09;2;0
11;2025-11-09;3;0
11;2025-11-09;4;2
11;2025-11-09;5;147
11;2025-11-09;6;667
11;2025-11-09;7;858
11;2025-11-09;8;1125
11;2025-11-09;9;1178
11;2025-11-09;10;1163
11;2025-11-09;11;1492
11;2025-11-09;12;1622
11;2025-11-09;13;1532
11;2025-11-09;14;1601
11;2025-11-09;15;1670
11;2025-11-09;16;1643
11;2025-11-09;17;1808
11;2025-11-09;18;1605
11;2025-11-09;19;1332
11;2025-11-09;20;1001
11;2025-11-09;21;722
11;2025-11-09;22;400
11;2025-11-09;23;256
11;2025-11-10;0;77
11;2025-11-10;1;5
11;2025-11-10;2;0
11;2025-11-10;3;0
11;2025-11-10;4;0
11;2025-11-10;5;285
11;2025-11-10;6;1323
11;2025-11-10;7;2321
11;2025-11-10;8;3031
11;2025-11-10;9;2340
11;2025-11-10;10;1783
11;2025-11-10;11;1810
11;2025-11-10;12;1739
11;2025-11-10;13;1881
11;2025-11-10;14;1873
11;2025-11-10;15;1971
11;2025-11-10;16;2184
11;2025-11-10;17;2748
11;2025-11-10;18;3037
11;2025-11-10;19;2286
11;2025-11-10;20;1519
11;2025-11-10;21;862
11;2025-11-10;22;450
11;2025-11-10;23;225
11;2025-11-11;0;69
11;2025-11-11;1;1
11;2025-11-11;2;0
11;2025-11-11;3;0
11;2025-11-11;4;0
11;2025-11-11;5;283
11;2025-11-11;6;1337
11;2025-11-11;7;2359
11;2025-11-11;8;3143
11;2025-11-11;9;2435
11;2025-11-11;10;1845
11;2025-11-11;11;1824
11;2025-11-11;12;1821
11;2025-11-11;13;1969
11;2025-11-11;14;1988
11;2025-11-11;15;2026
11;2025-11-11;16;2224
11;2025-11-11;17;2777
11;2025-11-11;18;2978
11;2025-11-11;19;2273
11;2025-11-11;20;1487
11;2025-11-11;21;879
11;2025-11-11;22;452
11;2025-11-11;23;227
11;2025-11-12;0;66
11;2025-11-12;1;0
11;2025-11-12;2;0
11;2025-11-12;3;0
11;2025-11-12;4;0
11;2025-11-12;5;290
11;2025-11-12;6;1301
11;2025-11-12;7;2369
11;2025-11-12;8;3139
11;2025-11-12;9;2361
11;2025-11-12;10;1810
11;2025-11-12;11;1831
11;2025-11-12;12;1895
11;2025-11-12;13;1978
11;2025-11-12;14;1942
11;2025-11-12;15;2013
11;2025-11-12;16;2136
11;2025-11-12;17;2727
11;2025-11-12;18;3005
11;2025-11-12;19;2306
11;2025-11-12;20;1516
11;2025-11-12;21;905
11;2025-11-12;22;436
11;2025-11-12;23;252
11;2025-11-13;0;70
11;2025-11-13;1;1
11;2025-11-13;2;0
11;2025-11-13;3;0
11;2025-11-13;4;0
11;2025-11-13;5;274
11;2025-11-13;6;1313
11;2025-11-13;7;2319
11;2025-11-13;8;3047
11;2025-11-13;9;2427
11;2025-11-13;10;1882
11;2025-11-13;11;1834
11;2025-11-13;12;1903
11;2025-11-13;13;1988
11;2025-11-13;14;1931
11;2025-11-13;15;2008
11;2025-11-13;16;2188
11;2025-11-13;17;2769
11;2025-11-13;18;2998
11;2025-11-13;19;2266
11;2025-11-13;20;1499
11;2025-11-13;21;942
11;2025-11-13;22;465
11;2025-11-13;23;261
11;2025-11-14;0;79
11;2025-11-14;1;1
11;2025-11-14;2;0
11;2025-11-14;3;0
11;2025-11-14;4;1
11;2025-11-14;5;283
11;2025-11-14;6;1305
11;2025-11-14;7;2279
11;2025-11-14;8;3039
11;2025-11-14;9;2326
11;2025-11-14;10;1837
11;2025-11-14;11;1858
11;2025-11-14;12;1845
11;2025-11-14;13;1960
11;2025-11-14;14;2037
11;2025-11-14;15;2160
11;2025-11-14;16;2371
11;2025-11-14;17;2869
11;2025-11-14;18;2605
11;2025-11-14;19;2053
11;2025-11-14;20;1439
11;2025-11-14;21;869
11;2025-11-14;22;474
11;2025-11-14;23;289
11;2025-11-15;0;97
11;2025-11-15;1;2
11;2025-11-15;2;0
11;2025-11-15;3;0
11;2025-11-15;4;3
11;2025-11-15;5;212
11;2025-11-15;6;900
11;2025-11-15;7;1011
11;2025-11-15;8;1339
11;2025-11-15;9;1332
11;2025-11-15;10;1319
11;2025-11-15;11;1646
11;2025-11-15;12;1835
11;2025-11-15;13;1682
11;2025-11-15;14;1748
11;2025-11-15;15;1727
11;2025-11-15;16;1799
11;2025-11-15;17;1958
11;2025-11-15;18;1763
11;2025-11-15;19;1589
11;2025-11-15;20;1202
11;2025-11-15;21;806
11;2025-11-15;22;451
11;2025-11-15;23;305
11;2025-11-16;0;105
11;2025-11-16;1;10
11;2025-11-16;2;0
11;2025-11-16;3;0
11;2025-11-16;4;2
11;2025-11-16;5;147
11;2025-11-16;6;667
11;2025-11-16;7;858
11;2025-11-16;8;1125
11;2025-11-16;9;1178
11;2025-11-16;10;1163
11;2025-11-16;11;1492
11;2025-11-16;12;1622
11;2025-11-16;13;1532
11;2025-11-16;14;1601
11;2025-11-16;15;1670
11;2025-11-16;16;1643
11;2025-11-16;17;1808
11;2025-11-16;18;1605
11;2025-11-16;19;1332
11;2025-11-16;20;1001
11;2025-11-16;21;722
11;2025-11-16;22;400
11;2025-11-16;23;256
11;2025-11-17;0;77
11;2025-11-17;1;5
11;2025-11-17;2;0
11;2025-11-17;3;0
11;2025-11-17;4;0
11;2025-11-17;5;285
11;2025-11-17;6;1323
11;2025-11-17;7;2321
11;2025-11-17;8;3031
11;2025-11-17;9;2340
11;2025-11-17;10;1783
11;2025-11-17;11;1810
11;2025-11-17;12;1739
11;2025-11-17;13;1881
11;2025-11-17;14;1873
11;2025-11-17;15;1971
11;2025-11-17;16;2184
11;2025-11-17;17;2748
11;2025-11-17;18;3037
11;2025-11-17;19;2286
11;2025-11-17;20;1519
11;2025-11-17;21;862
11;2025-11-17;22;450
11;2025-11-17;23;225
11;2025-11-18;0;69
11;2025-11-18;1;1
11;2025-11-18;2;0
11;2025-11-18;3;0
11;2025-11-18;4;0
11;2025-11-18;5;283
11;2025-11-18;6;1337
11;2025-11-18;7;2359
11;2025-11-18;8;3143
11;2025-11-18;9;2435
11;2025-11-18;10;1845
11;2025-11-18;11;1824
11;2025-11-18;12;1821
11;2025-11-18;13;1969
11;2025-11-18;14;1988
11;2025-11-18;15;2026
11;2025-11-18;16;2224
11;2025-11-18;17;2777
11;2025-11-18;18;2978
11;2025-11-18;19;2273
11;2025-11-18;20;1487
11;2025-11-18;21;879
11;2025-11-18;22;452
11;2025-11-18;23;227
11;2025-11-19;0;66
11;2025-11-19;1;0
11;2025-11-19;2;0
11;2025-11-19;3;0
11;2025-11-19;4;0
11;2025-11-19;5;290
11;2025-11-19;6;1301
11;2025-11-19;7;2369
11;2025-11-19;8;3139
11;2025-11-19;9;2361
11;2025-11-19;10;1810
11;2025-11-19;11;1831
11;2025-11-19;12;1895
11;2025-11-19;13;1978
11;2025-11-19;14;1942
11;2025-11-19;15;2013
11;2025-11-19;16;2136
11;2025-11-19;17;2727
11;2025-11-19;18;3005
11;2025-11-19;19;2306
11;2025-11-19;20;1516
11;2025-11-19;21;905
11;2025-11-19;22;436
11;2025-11-19;23;252
11;2025-11-20;0;70
11;2025-11-20;1;1
11;2025-11-20;2;0
11;2025-11-20;3;0
11;2025-11-20;4;0
11;2025-11-20;5;274
11;2025-11-20;6;1313
11;2025-11-20;7;2319
11;2025-11-20;8;3047
11;2025-11-20;9;2427
11;2025-11-20;10;1882
11;2025-11-20;11;1834
11;2025-11-20;12;1903
11;2025-11-20;13;1988
11;2025-11-20;14;1931
11;2025-11-20;15;2008
11;2025-11-20;16;2188
11;2025-11-20;17;2769
11;2025-11-20;18;2998
11;2025-11-20;19;2266
11;2025-11-20;20;1499
11;2025-11-20;21;942
11;2025-11-20;22;465
11;2025-11-20;23;261
11;2025-11-21;0;79
11;2025-11-21;1;1
11;2025-11-21;2;0
11;2025-11-21;3;0
11;2025-11-21;4;1
11;2025-11-21;5;283
11;2025-11-21;6;1305
11;2025-11-21;7;2279
11;2025-11-21;8;3039
11;2025-11-21;9;2326
11;2025-11-21;10;1837
11;2025-11-21;11;1858
11;2025-11-21;12;1845
11;2025-11-21;13;1960
11;2025-11-21;14;2037
11;2025-11-21;15;2160
11;2025-11-21;16;2371
11;2025-11-21;17;2869
11;2025-11-21;18;2605
11;2025-11-21;19;2053
11;2025-11-21;20;1439
11;2025-11-21;21;869
11;2025-11-21;22;474
11;2025-11-21;23;289
11;2025-11-22;0;97
11;2025-11-22;1;2
11;2025-11-22;2;0
11;2025-11-22;3;0
11;2025-11-22;4;3
11;2025-11-22;5;212
11;2025-11-22;6;900
11;2025-11-22;7;1011
11;2025-11-22;8;1339
11;2025-11-22;9;1332
11;2025-11-22;10;1319
11;2025-11-22;11;1646
11;2025-11-22;12;1835
11;2025-11-22;13;1682
11;2025-11-22;14;1748
11;2025-11-22;15;1727
11;2025-11-22;16;1799
11;2025-11-22;17;1958
11;2025-11-22;18;1763
11;2025-11-22;19;1589
11;2025-11-22;20;1202
11;2025-11-22;21;806
11;2025-11-22;22;451
11;2025-11-22;23;305
11;2025-11-23;0;105
11;2025-11-23;1;10
11;2025-11-23;2;0
11;2025-11-23;3;0
11;2025-11-23;4;2
11;2025-11-23;5;147
11;2025-11-23;6;667
11;2025-11-23;7;858
11;2025-11-23;8;1125
11;2025-11-23;9;1178
11;2025-11-23;10;1163
11;2025-11-23;11;1492
11;2025-11-23;12;1622
11;2025-11-23;13;1532
11;2025-11-23;14;1601
11;2025-11-23;15;1670
11;2025-11-23;16;1643
11;2025-11-23;17;1808
11;2025-11-23;18;1605
11;2025-11-23;19;1332
11;2025-11-23;20;1001
11;2025-11-23;21;722
11;2025-11-23;22;400
11;2025-11-23;23;256
11;2025-11-24;0;77
11;2025-11-24;1;5
11;2025-11-24;2;0
11;2025-11-24;3;0
11;2025-11-24;4;0
11;2025-11-24;5;285
11;2025-11-24;6;1323
11;2025-11-24;7;2321
11;2025-11-24;8;3031
11;2025-11-24;9;2340
11;2025-11-24;10;1783
11;2025-11-24;11;1810
11;2025-11-24;12;1739
11;2025-11-24;13;1881
11;2025-11-24;14;1873
11;2025-11-24;15;1971
11;2025-11-24;16;2184
11;2025-11-24;17;2748
11;2025-11-24;18;3037
11;2025-11-24;19;2286
11;2025-11-24;20;1519
11;2025-11-24;21;862
11;2025-11-24;22;450
11;2025-11-24;23;225
11;2025-11-25;0;69
11;2025-11-25;1;1
11;2025-11-25;2;0
11;2025-11-25;3;0
11;2025-11-25;4;0
11;2025-11-25;5;283
11;2025-11-25;6;1337
11;2025-11-25;7;2359
11;2025-11-25;8;3143
11;2025-11-25;9;2435
11;2025-11-25;10;1845
11;2025-11-25;11;1824
11;2025-11-25;12;1821
11;2025-11-25;13;1969
11;2025-11-25;14;1988
11;2025-11-25;15;2026
11;2025-11-25;16;2224
11;2025-11-25;17;2777
11;2025-11-25;18;2978
11;2025-11-25;19;2273
11;2025-11-25;20;1487
11;2025-11-25;21;879
11;2025-11-25;22;452
11;2025-11-25;23;227
11;2025-11-26;0;66
11;2025-11-26;1;0
11;2025-11-26;2;0
11;2025-11-26;3;0
11;2025-11-26;4;0
11;2025-11-26;5;290
11;2025-11-26;6;1301
11;2025-11-26;7;2369
11;2025-11-26;8;3139
11;2025-11-26;9;2361
11;2025-11-26;10;1810
11;2025-11-26;11;1831
11;2025-11-26;12;1895
11;2025-11-26;13;1978
11;2025-11-26;14;1942
11;2025-11-26;15;2013
11;2025-11-26;16;2136
11;2025-11-26;17;2727
11;2025-11-26;18;3005
11;2025-11-26;19;2306
11;2025-11-26;20;1516
11;2025-11-26;21;905
11;2025-11-26;22;436
11;2025-11-26;23;252
11;2025-11-27;0;70
11;2025-11-27;1;1
11;2025-11-27;2;0
11;2025-11-27;3;0
11;2025-11-27;4;0
11;2025-11-27;5;274
11;2025-11-27;6;1313
11;2025-11-27;7;2319
11;2025-11-27;8;3047
11;2025-11-27;9;2427
11;2025-11-27;10;1882
11;2025-11-27;11;1834
11;2025-11-27;12;1903
11;2025-11-27;13;1988
11;2025-11-27;14;1931
11;2025-11-27;15;2008
11;2025-11-27;16;2188
11;2025-11-27;17;2769
11;2025-11-27;18;2998
11;2025-11-27;19;2266
11;2025-11-27;20;1499
11;2025-11-27;21;942
11;2025-11-27;22;465
11;2025-11-27;23;261
11;2025-11-28;0;79
11;2025-11-28;1;1
11;2025-11-28;2;0
11;2025-11-28;3;0
11;2025-11-28;4;1
11;2025-11-28;5;283
11;2025-11-28;6;1305
11;2025-11-28;7;2279
11;2025-11-28;8;3039
11;2025-11-28;9;2326
11;2025-11-28;10;1837
11;2025-11-28;11;1858
11;2025-11-28;12;1845
11;2025-11-28;13;1960
11;2025-11-28;14;2037
11;2025-11-28;15;2160
11;2025-11-28;16;2371
11;2025-11-28;17;2869
11;2025-11-28;18;2605
11;2025-11-28;19;2053
11;2025-11-28;20;1439
11;2025-11-28;21;869
11;2025-11-28;22;474
11;2025-11-28;23;289
11;2025-11-29;0;97
11;2025-11-29;1;2
11;2025-11-29;2;0
11;2025-11-29;3;0
11;2025-11-29;4;3
11;2025-11-29;5;212
11;2025-11-29;6;900
11;2025-11-29;7;1011
11;2025-11-29;8;1339
11;2025-11-29;9;1332
11;2025-11-29;10;1319
11;2025-11-29;11;1646
11;2025-11-29;12;1835
11;2025-11-29;13;1682
11;2025-11-29;14;1748
11;2025-11-29;15;1727
11;2025-11-29;16;1799
11;2025-11-29;17;1958
11;2025-11-29;18;1763
11;2025-11-29;19;1589
11;2025-11-29;20;1202
11;2025-11-29;21;806
11;2025-11-29;22;451
11;2025-11-29;23;305
11;2025-11-30;0;105
11;2025-11-30;1;10
11;2025-11-30;2;0
11;2025-11-30;3;0
11;2025-11-30;4;2
11;2025-11-30;5;147
11;2025-11-30;6;667
11;2025-11-30;7;858
11;2025-11-30;8;1125
11;2025-11-30;9;1178
11;2025-11-30;10;1163
11;2025-11-30;11;1492
11;2025-11-30;12;1622
11;2025-11-30;13;1532
11;2025-11-30;14;1601
11;2025-11-30;15;1670
11;2025-11-30;16;1643
11;2025-11-30;17;1808
11;2025-11-30;18;1605
11;2025-11-30;19;1332
11;2025-11-30;20;1001
11;2025-11-30;21;722
11;2025-11-30;22;400
11;2025-11-30;23;256
11;2025-12-01;0;77
11;2025-12-01;1;5
11;2025-12-01;2;0
11;2025-12-01;3;0
11;2025-12-01;4;0
11;2025-12-01;5;285
11;2025-12-01;6;1323
11;2025-12-01;7;2321
11;2025-12-01;8;3031
11;2025-12-01;9;2340
11;2025-12-01;10;1783
11;2025-12-01;11;1810
11;2025-12-01;12;1739
11;2025-12-01;13;1881
11;2025-12-01;14;1873
11;2025-12-01;15;1971
11;2025-12-01;16;2184
11;2025-12-01;17;2748
11;2025-12-01;18;3037
11;2025-12-01;19;2286
11;2025-12-01;20;1519
11;2025-12-01;21;862
11;2025-12-01;22;450
11;2025-12-01;23;225
11;2025-12-02;0;69
11;2025-12-02;1;1
11;2025-12-02;2;0
11;2025-12-02;3;0
11;2025-12-02;4;0
11;2025-12-02;5;283
11;2025-12-02;6;1337
11;2025-12-02;7;2359
11;2025-12-02;8;3143
11;2025-12-02;9;2435
11;2025-12-02;10;1845
11;2025-12-02;11;1824
11;2025-12-02;12;1821
11;2025-12-02;13;1969
11;2025-12-02;14;1988
11;2025-12-02;15;2026
11;2025-12-02;16;2224
11;2025-12-02;17;2777
11;2025-12-02;18;2978
11;2025-12-02;19;2273
11;2025-12-02;20;1487
11;2025-12-02;21;879
11;2025-12-02;22;452
11;2025-12-02;23;227
11;2025-12-03;0;66
11;2025-12-03;1;0
11;2025-12-03;2;0
11;2025-12-03;3;0
11;2025-12-03;4;0
11;2025-12-03;5;290
11;2025-12-03;6;1301
11;2025-12-03;7;2369
11;2025-12-03;8;3139
11;2025-12-03;9;2361
11;2025-12-03;10;1810
11;2025-12-03;11;1831
11;2025-12-03;12;1895
11;2025-12-03;13;1978
11;2025-12-03;14;1942
11;2025-12-03;15;2013
11;2025-12-03;16;2136
11;2025-12-03;17;2727
11;2025-12-03;18;3005
11;2025-12-03;19;2306
11;2025-12-03;20;1516
11;2025-12-03;21;905
11;2025-12-03;22;436
11;2025-12-03;23;252
11;2025-12-04;0;70
11;2025-12-04;1;1
11;2025-12-04;2;0
11;2025-12-04;3;0
11;2025-12-04;4;0
11;2025-12-04;5;274
11;2025-12-04;6;1313
11;2025-12-04;7;2319
11;2025-12-04;8;3047
11;2025-12-04;9;2427
11;2025-12-04;10;1882
11;2025-12-04;11;1834
11;2025-12-04;12;1903
11;2025-12-04;13;1988
11;2025-12-04;14;1931
11;2025-12-04;15;2008
11;2025-12-04;16;2188
11;2025-12-04;17;2769
11;2025-12-04;18;2998
11;2025-12-04;19;2266
11;2025-12-04;20;1499
11;2025-12-04;21;942
11;2025-12-04;22;465
11;2025-12-04;23;261
11;2025-12-05;0;79
11;2025-12-05;1;1
11;2025-12-05;2;0
11;2025-12-05;3;0
11;2025-12-05;4;1
11;2025-12-05;5;283
11;2025-12-05;6;1305
11;2025-12-05;7;2279
11;2025-12-05;8;3039
11;2025-12-05;9;2326
11;2025-12-05;10;1837
11;2025-12-05;11;1858
11;2025-12-05;12;1845
11;2025-12-05;13;1960
11;2025-12-05;14;2037
11;2025-12-05;15;2160
11;2025-12-05;16;2371
11;2025-12-05;17;2869
11;2025-12-05;18;2605
11;2025-12-05;19;2053
11;2025-12-05;20;1439
11;2025-12-05;21;869
11;2025-12-05;22;474
11;2025-12-05;23;289
11;2025-12-06;0;97
11;2025-12-06;1;2
11;2025-12-06;2;0
11;2025-12-06;3;0
11;2025-12-06;4;3
11;2025-12-06;5;212
11;2025-12-06;6;900
11;2025-12-06;7;1011
11;2025-12-06;8;1339
11;2025-12-06;9;1332
11;2025-12-06;10;1319
11;2025-12-06;11;1646
11;2025-12-06;12;1835
11;2025-12-06;13;1682
11;2025-12-06;14;1748
11;2025-12-06;15;1727
11;2025-12-06;16;1799
11;2025-12-06;17;1958
11;2025-12-06;18;1763
11;2025-12-06;19;1589
11;2025-12-06;20;1202
11;2025-12-06;21;806
11;2025-12-06;22;451
11;2025-12-06;23;305
11;2025-12-07;0;105
11;2025-12-07;1;10
11;2025-12-07;2;0
11;2025-12-07;3;0
11;2025-12-07;4;2
11;2025-12-07;5;147
11;2025-12-07;6;667
11;2025-12-07;7;858
11;2025-12-07;8;1125
11;2025-12-07;9;1178
11;2025-12-07;10;1163
11;2025-12-07;11;1492
11;2025-12-07;12;1622
11;2025-12-07;13;1532
11;2025-12-07;14;1601
11;2025-12-07;15;1670
11;2025-12-07;16;1643
11;2025-12-07;17;1808
11;2025-12-07;18;1605
11;2025-12-07;19;1332
11;2025-12-07;20;1001
11;2025-12-07;21;722
11;2025-12-07;22;400
11;2025-12-07;23;256
11;2025-12-08;0;77
11;2025-12-08;1;5
11;2025-12-08;2;0
11;2025-12-08;3;0
11;2025-12-08;4;0
11;2025-12-08;5;285
11;2025-12-08;6;1323
11;2025-12-08;7;2321
11;2025-12-08;8;3031
11;2025-12-08;9;2340
11;2025-12-08;10;1783
11;2025-12-08;11;1810
11;2025-12-08;12;1739
11;2025-12-08;13;1881
11;2025-12-08;14;1873
11;2025-12-08;15;1971
11;2025-12-08;16;2184
11;2025-12-08;17;2748
11;2025-12-08;18;3037
11;2025-12-08;19;2286
11;2025-12-08;20;1519
11;2025-12-08;21;862
11;2025-12-08;22;450
11;2025-12-08;23;225
11;2025-12-09;0;69
11;2025-12-09;1;1
11;2025-12-09;2;0
11;2025-12-09;3;0
11;2025-12-09;4;0
11;2025-12-09;5;283
11;2025-12-09;6;1337
11;2025-12-09;7;2359
11;2025-12-09;8;3143
11;2025-12-09;9;2435
11;2025-12-09;10;1845
11;2025-12-09;11;1824
11;2025-12-09;12;1821
11;2025-12-09;13;1969
11;2025-12-09;14;1988
11;2025-12-09;15;2026
11;2025-12-09;16;2224
11;2025-12-09;17;2777
11;2025-12-09;18;2978
11;2025-12-09;19;2273
11;2025-12-09;20;1487
11;2025-12-09;21;879
11;2025-12-09;22;452
11;2025-12-09;23;227
11;2025-12-10;0;66
11;2025-12-10;1;0
11;2025-12-10;2;0
11;2025-12-10;3;0
11;2025-12-10;4;0
11;2025-12-10;5;290
11;2025-12-10;6;1301
11;2025-12-10;7;2369
11;2025-12-10;8;3139
11;2025-12-10;9;2361
11;2025-12-10;10;1810
11;2025-12-10;11;1831
11;2025-12-10;12;1895
11;2025-12-10;13;1978
11;2025-12-10;14;1942
11;2025-12-10;15;2013
11;2025-12-10;16;2136
11;2025-12-10;17;2727
11;2025-12-10;18;3005
11;2025-12-10;19;2306
11;2025-12-10;20;1516
11;2025-12-10;21;905
11;2025-12-10;22;436
11;2025-12-10;23;252
11;2025-12-11;0;70
11;2025-12-11;1;1
11;2025-12-11;2;0
11;2025-12-11;3;0
11;2025-12-11;4;0
11;2025-12-11;5;274
11;2025-12-11;6;1313
11;2025-12-11;7;2319
11;2025-12-11;8;3047
11;2025-12-11;9;2427
11;2025-12-11;10;1882
11;2025-12-11;11;1834
11;2025-12-11;12;1903
11;2025-12-11;13;1988
11;2025-12-11;14;1931
11;2025-12-11;15;2008
11;2025-12-11;16;2188
11;2025-12-11;17;2769
11;2025-12-11;18;2998
11;2025-12-11;19;2266
11;2025-12-11;20;1499
11;2025-12-11;21;942
11;2025-12-11;22;465
11;2025-12-11;23;261
11;2025-12-12;0;79
11;2025-12-12;1;1
11;2025-12-12;2;0
11;2025-12-12;3;0
11;2025-12-12;4;1
11;2025-12-12;5;283
11;2025-12-12;6;1305
11;2025-12-12;7;2279
11;2025-12-12;8;3039
11;2025-12-12;9;2326
11;2025-12-12;10;1837
11;2025-12-12;11;1858
11;2025-12-12;12;1845
11;2025-12-12;13;1960
11;2025-12-12;14;2037
11;2025-12-12;15;2160
11;2025-12-12;16;2371
11;2025-12-12;17;2869
11;2025-12-12;18;2605
11;2025-12-12;19;2053
11;2025-12-12;20;1439
11;2025-12-12;21;869
11;2025-12-12;22;474
11;2025-12-12;23;289
11;2025-12-13;0;97
11;2025-12-13;1;2
11;2025-12-13;2;0
11;2025-12-13;3;0
11;2025-12-13;4;3
11;2025-12-13;5;212
11;2025-12-13;6;900
11;2025-12-13;7;1011
11;2025-12-13;8;1339
11;2025-12-13;9;1332
11;2025-12-13;10;1319
11;2025-12-13;11;1646
11;2025-12-13;12;1835
11;2025-12-13;13;1682
11;2025-12-13;14;1748
11;2025-12-13;15;1727
11;2025-12-13;16;1799
11;2025-12-13;17;1958
11;2025-12-13;18;1763
11;2025-12-13;19;1589
11;2025-12-13;20;1202
11;2025-12-13;21;806
11;2025-12-13;22;451
11;2025-12-13;23;305
11;2025-12-14;0;105
11;2025-12-14;1;10
11;2025-12-14;2;0
11;2025-12-14;3;0
11;2025-12-14;4;2
11;2025-12-14;5;147
11;2025-12-14;6;667
11;2025-12-14;7;858
11;2025-12-14;8;1125
11;2025-12-14;9;1178
11;2025-12-14;10;1163
11;2025-12-14;11;1492
11;2025-12-14;12;1622
11;2025-12-14;13;1532
11;2025-12-14;14;1601
11;2025-12-14;15;1670
11;2025-12-14;16;1643
11;2025-12-14;17;1808
11;2025-12-14;18;1605
11;2025-12-14;19;1332
11;2025-12-14;20;1001
11;2025-12-14;21;722
11;2025-12-14;22;400
11;2025-12-14;23;256
11;2025-12-15;0;77
11;2025-12-15;1;5
11;2025-12-15;2;0
11;2025-12-15;3;0
11;2025-12-15;4;0
11;2025-12-15;5;285
11;2025-12-15;6;1323
11;2025-12-15;7;2321
11;2025-12-15;8;3031
11;2025-12-15;9;2340
11;2025-12-15;10;1783
11;2025-12-15;11;1810
11;2025-12-15;12;1739
11;2025-12-15;13;1881
11;2025-12-15;14;1873
11;2025-12-15;15;1971
11;2025-12-15;16;2184
11;2025-12-15;17;2748
11;2025-12-15;18;3037
11;2025-12-15;19;2286
11;2025-12-15;20;1519
11;2025-12-15;21;862
11;2025-12-15;22;450
11;2025-12-15;23;225
11;2025-12-16;0;69
11;2025-12-16;1;1
11;2025-12-16;2;0
11;2025-12-16;3;0
11;2025-12-16;4;0
11;2025-12-16;5;283
11;2025-12-16;6;1337
11;2025-12-16;7;2359
11;2025-12-16;8;3143
11;2025-12-16;9;2435
11;2025-12-16;10;1845
11;2025-12-16;11;1824
11;2025-12-16;12;1821
11;2025-12-16;13;1969
11;2025-12-16;14;1988
11;2025-12-16;15;2026
11;2025-12-16;16;2224
11;2025-12-16;17;2777
11;2025-12-16;18;2978
11;2025-12-16;19;2273
11;2025-12-16;20;1487
11;2025-12-16;21;879
11;2025-12-16;22;452
11;2025-12-16;23;227
11;2025-12-17;0;66
11;2025-12-17;1;0
11;2025-12-17;2;0
11;2025-12-17;3;0
11;2025-12-17;4;0
11;2025-12-17;5;290
11;2025-12-17;6;1301
11;2025-12-17;7;2369
11;2025-12-17;8;3139
11;2025-12-17;9;2361
11;2025-12-17;10;1810
11;2025-12-17;11;1831
11;2025-12-17;12;1895
11;2025-12-17;13;1978
11;2025-12-17;14;1942
11;2025-12-17;15;2013
11;2025-12-17;16;2136
11;2025-12-17;17;2727
11;2025-12-17;18;3005
11;2025-12-17;19;2306
11;2025-12-17;20;1516
11;2025-12-17;21;905
11;2025-12-17;22;436
11;2025-12-17;23;252
11;2025-12-18;0;70
11;2025-12-18;1;1
11;2025-12-18;2;0
11;2025-12-18;3;0
11;2025-12-18;4;0
11;2025-12-18;5;274
11;2025-12-18;6;1313
11;2025-12-18;7;2319
11;2025-12-18;8;3047
11;2025-12-18;9;2427
11;2025-12-18;10;1882
11;2025-12-18;11;1834
11;2025-12-18;12;1903
11;2025-12-18;13;1988
11;2025-12-18;14;1931
11;2025-12-18;15;2008
11;2025-12-18;16;2188
11;2025-12-18;17;2769
11;2025-12-18;18;2998
11;2025-12-18;19;2266
11;2025-12-18;20;1499
11;2025-12-18;21;942
11;2025-12-18;22;465
11;2025-12-18;23;261
11;2025-12-19;0;79
11;2025-12-19;1;1
11;2025-12-19;2;0
11;2025-12-19;3;0
11;2025-12-19;4;1
11;2025-12-19;5;283
11;2025-12-19;6;1305
11;2025-12-19;7;2279
11;2025-12-19;8;3039
11;2025-12-19;9;2326
11;2025-12-19;10;1837
11;2025-12-19;11;1858
11;2025-12-19;12;1845
11;2025-12-19;13;1960
11;2025-12-19;14;2037
11;2025-12-19;15;2160
11;2025-12-19;16;2371
11;2025-12-19;17;2869
11;2025-12-19;18;2605
11;2025-12-19;19;2053
11;2025-12-19;20;1439
11;2025-12-19;21;869
11;2025-12-19;22;474
11;2025-12-19;23;289
11;2025-12-20;0;97
11;2025-12-20;1;2
11;2025-12-20;2;0
11;2025-12-20;3;0
11;2025-12-20;4;3
11;2025-12-20;5;212
11;2025-12-20;6;900
11;2025-12-20;7;1011
11;2025-12-20;8;1339
11;2025-12-20;9;1332
11;2025-12-20;10;1319
11;2025-12-20;11;1646
11;2025-12-20;12;1835
11;2025-12-20;13;1682
11;2025-12-20;14;1748
11;2025-12-20;15;1727
11;2025-12-20;16;1799
11;2025-12-20;17;1958
11;2025-12-20;18;1763
11;2025-12-20;19;1589
11;2025-12-20;20;1202
11;2025-12-20;21;806
11;2025-12-20;22;451
11;2025-12-20;23;305
11;2025-12-21;0;105
11;2025-12-21;1;10
11;2025-12-21;2;0
11;2025-12-21;3;0
11;2025-12-21;4;2
11;2025-12-21;5;147
11;2025-12-21;6;667
11;2025-12-21;7;858
11;2025-12-21;8;1125
11;2025-12-21;9;1178
11;2025-12-21;10;1163
11;2025-12-21;11;1492
11;2025-12-21;12;1622
11;2025-12-21;13;1532
11;2025-12-21;14;1601
11;2025-12-21;15;1670
11;2025-12-21;16;1643
11;2025-12-21;17;1808
11;2025-12-21;18;1605
11;2025-12-21;19;1332
11;2025-12-21;20;1001
11;2025-12-21;21;722
11;2025-12-21;22;400
11;2025-12-21;23;256
11;2025-12-22;0;77
11;2025-12-22;1;5
11;2025-12-22;2;0
11;2025-12-22;3;0
11;2025-12-22;4;0
11;2025-12-22;5;285
11;2025-12-22;6;1323
11;2025-12-22;7;2321
11;2025-12-22;8;3031
11;2025-12-22;9;2340
11;2025-12-22;10;1783
11;2025-12-22;11;1810
11;2025-12-22;12;1739
11;2025-12-22;13;1881
11;2025-12-22;14;1873
11;2025-12-22;15;1971
11;2025-12-22;16;2184
11;2025-12-22;17;2748
11;2025-12-22;18;3037
11;2025-12-22;19;2286
11;2025-12-22;20;1519
11;2025-12-22;21;862
11;2025-12-22;22;450
11;2025-12-22;23;225
11;2025-12-23;0;69
11;2025-12-23;1;1
11;2025-12-23;2;0
11;2025-12-23;3;0
11;2025-12-23;4;0
11;2025-12-23;5;283
11;2025-12-23;6;1337
11;2025-12-23;7;2359
11;2025-12-23;8;3143
11;2025-12-23;9;2435
11;2025-12-23;10;1845
11;2025-12-23;11;1824
11;2025-12-23;12;1821
11;2025-12-23;13;1969
11;2025-12-23;14;1988
11;2025-12-23;15;2026
11;2025-12-23;16;2224
11;2025-12-23;17;2777
11;2025-12-23;18;2978
11;2025-12-23;19;2273
11;2025-12-23;20;1487
11;2025-12-23;21;879
11;2025-12-23;22;452
11;2025-12-23;23;227
11;2025-12-24;0;66
11;2025-12-24;1;0
11;2025-12-24;2;0
11;2025-12-24;3;0
11;2025-12-24;4;0
11;2025-12-24;5;290
11;2025-12-24;6;1301
11;2025-12-24;7;2369
11;2025-12-24;8;3139
11;2025-12-24;9;2361
11;2025-12-24;10;1810
11;2025-12-24;11;1831
11;2025-12-24;12;1895
11;2025-12-24;13;1978
11;2025-12-24;14;1942
11;2025-12-24;15;2013
11;2025-12-24;16;2136
11;2025-12-24;17;2727
11;2025-12-24;18;3005
11;2025-12-24;19;2306
11;2025-12-24;20;1516
11;2025-12-24;21;905
11;2025-12-24;22;436
11;2025-12-24;23;252
11;2025-12-25;0;70
11;2025-12-25;1;1
11;2025-12-25;2;0
11;2025-12-25;3;0
11;2025-12-25;4;0
11;2025-12-25;5;274
11;2025-12-25;6;1313
11;2025-12-25;7;2319
11;2025-12-25;8;3047
11;2025-12-25;9;2427
11;2025-12-25;10;1882
11;2025-12-25;11;1834
11;2025-12-25;12;1903
11;2025-12-25;13;1988
11;2025-12-25;14;1931
11;2025-12-25;15;2008
11;2025-12-25;16;2188
11;2025-12-25;17;2769
11;2025-12-25;18;2998
11;2025-12-25;19;2266
11;2025-12-25;20;1499
11;2025-12-25;21;942
11;2025-12-25;22;465
11;2025-12-25;23;261
11;2025-12-26;0;79
11;2025-12-26;1;1
11;2025-12-26;2;0
11;2025-12-26;3;0
11;2025-12-26;4;1
11;2025-12-26;5;283
11;2025-12-26;6;1305
11;2025-12-26;7;2279
11;2025-12-26;8;3039
11;2025-12-26;9;2326
11;2025-12-26;10;1837
11;2025-12-26;11;1858
11;2025-12-26;12;1845
11;2025-12-26;13;1960
11;2025-12-26;14;2037
11;2025-12-26;15;2160
11;2025-12-26;16;2371
11;2025-12-26;17;2869
11;2025-12-26;18;2605
11;2025-12-26;19;2053
11;2025-12-26;20;1439
11;2025-12-26;21;869
11;2025-12-26;22;474
11;2025-12-26;23;289
11;2025-12-27;0;97
11;2025-12-27;1;2
11;2025-12-27;2;0
11;2025-12-27;3;0
11;2025-12-27;4;3
11;2025-12-27;5;212
11;2025-12-27;6;900
11;2025-12-27;7;1011
11;2025-12-27;8;1339
11;2025-12-27;9;1332
11;2025-12-27;10;1319
11;2025-12-27;11;1646
11;2025-12-27;12;1835
11;2025-12-27;13;1682
11;2025-12-27;14;1748
11;2025-12-27;15;1727
11;2025-12-27;16;1799
11;2025-12-27;17;1958
11;2025-12-27;18;1763
11;2025-12-27;19;1589
11;2025-12-27;20;1202
11;2025-12-27;21;806
11;2025-12-27;22;451
11;2025-12-27;23;305
11;2025-12-28;0;105
11;2025-12-28;1;10
11;2025-12-28;2;0
11;2025-12-28;3;0
11;2025-12-28;4;2
11;2025-12-28;5;147
11;2025-12-28;6;667
11;2025-12-28;7;858
11;2025-12-28;8;1125
11;2025-12-28;9;1178
11;2025-12-28;10;1163
11;2025-12-28;11;1492
11;2025-12-28;12;1622
11;2025-12-28;13;1532
11;2025-12-28;14;1601
11;2025-12-28;15;1670
11;2025-12-28;16;1643
11;2025-12-28;17;1808
11;2025-12-28;18;1605
11;2025-12-28;19;1332
11;2025-12-28;20;1001
11;2025-12-28;21;722
11;2025-12-28;22;400
11;2025-12-28;23;256
11;2025-12-29;0;77
11;2025-12-29;1;5
11;2025-12-29;2;0
11;2025-12-29;3;0
11;2025-12-29;4;0
11;2025-12-29;5;285
11;2025-12-29;6;1323
11;2025-12-29;7;2321
11;2025-12-29;8;3031
11;2025-12-29;9;2340
11;2025-12-29;10;1783
11;2025-12-29;11;1810
11;2025-12-29;12;1739
11;2025-12-29;13;1881
11;2025-12-29;14;1873
11;2025-12-29;15;1971
11;2025-12-29;16;2184
11;2025-12-29;17;2748
11;2025-12-29;18;3037
11;2025-12-29;19;2286
11;2025-12-29;20;1519
11;2025-12-29;21;862
11;2025-12-29;22;450
11;2025-12-29;23;225
11;2025-12-30;0;69
11;2025-12-30;1;1
11;2025-12-30;2;0
11;2025-12-30;3;0
11;2025-12-30;4;0
11;2025-12-30;5;283
11;2025-12-30;6;1337
11;2025-12-30;7;2359
11;2025-12-30;8;3143
11;2025-12-30;9;2435
11;2025-12-30;10;1845
11;2025-12-30;11;1824
11;2025-12-30;12;1821
11;2025-12-30;13;1969
11;2025-12-30;14;1988
11;2025-12-30;15;2026
11;2025-12-30;16;2224
11;2025-12-30;17;2777
11;2025-12-30;18;2978
11;2025-12-30;19;2273
11;2025-12-30;20;1487
11;2025-12-30;21;879
11;2025-12-30;22;452
11;2025-12-30;23;227
11;2025-12-31;0;105
11;2025-12-31;1;10
11;2025-12-31;2;0
11;2025-12-31;3;0
11;2025-12-31;4;2
11;2025-12-31;5;147
11;2025-12-31;6;667
11;2025-12-31;7;858
11;2025-12-31;8;1125
11;2025-12-31;9;1178
11;2025-12-31;10;1163
11;2025-12-31;11;1492
11;2025-12-31;12;1622
11;2025-12-31;13;1532
11;2025-12-31;14;1601
11;2025-12-31;15;1670
11;2025-12-31;16;1643
11;2025-12-31;17;1808
11;2025-12-31;18;1605
11;2025-12-31;19;1332
11;2025-12-31;20;1001
11;2025-12-31;21;722
11;2025-12-31;22;400
11;2025-12-31;23;256
12;2025-11-01;0;67
12;2025-11-01;1;3
12;2025-11-01;2;0
12;2025-11-01;3;0
12;2025-11-01;4;5
12;2025-11-01;5;335
12;2025-11-01;6;1360
12;2025-11-01;7;2621
12;2025-11-01;8;3399
12;2025-11-01;9;2411
12;2025-11-01;10;1953
12;2025-11-01;11;1854
12;2025-11-01;12;1969
12;2025-11-01;13;1961
12;2025-11-01;14;1916
12;2025-11-01;15;2134
12;2025-11-01;16;2592
12;2025-11-01;17;2924
12;2025-11-01;18;3096
12;2025-11-01;19;2414
12;2025-11-01;20;1548
12;2025-11-01;21;921
12;2025-11-01;22;459
12;2025-11-01;23;238
12;2025-11-02;0;88
12;2025-11-02;1;6
12;2025-11-02;2;0
12;2025-11-02;3;0
12;2025-11-02;4;3
12;2025-11-02;5;202
12;2025-11-02;6;685
12;2025-11-02;7;1010
12;2025-11-02;8;1230
12;2025-11-02;9;1195
12;2025-11-02;10;1239
12;2025-11-02;11;1370
12;2025-11-02;12;1416
12;2025-11-02;13;1599
12;2025-11-02;14;1505
12;2025-11-02;15;1474
12;2025-11-02;16;1639
12;2025-11-02;17;1731
12;2025-11-02;18;1528
12;2025-11-02;19;1284
12;2025-11-02;20;916
12;2025-11-02;21;662
12;2025-11-02;22;409
12;2025-11-02;23;224
12;2025-11-03;0;88
12;2025-11-03;1;6
12;2025-11-03;2;0
12;2025-11-03;3;0
12;2025-11-03;4;3
12;2025-11-03;5;202
12;2025-11-03;6;685
12;2025-11-03;7;1010
12;2025-11-03;8;1230
12;2025-11-03;9;1195
12;2025-11-03;10;1239
12;2025-11-03;11;1370
12;2025-11-03;12;1416
12;2025-11-03;13;1599
12;2025-11-03;14;1505
12;2025-11-03;15;1474
12;2025-11-03;16;1639
12;2025-11-03;17;1731
12;2025-11-03;18;1528
12;2025-11-03;19;1284
12;2025-11-03;20;916
12;2025-11-03;21;662
12;2025-11-03;22;409
12;2025-11-03;23;224
12;2025-11-04;0;88
12;2025-11-04;1;6
12;2025-11-04;2;0
12;2025-11-04;3;0
12;2025-11-04;4;3
12;2025-11-04;5;202
12;2025-11-04;6;685
12;2025-11-04;7;1010
12;2025-11-04;8;1230
12;2025-11-04;9;1195
12;2025-11-04;10;1239
12;2025-11-04;11;1370
12;2025-11-04;12;1416
12;2025-11-04;13;1599
12;2025-11-04;14;1505
12;2025-11-04;15;1474
12;2025-11-04;16;1639
12;2025-11-04;17;1731
12;2025-11-04;18;1528
12;2025-11-04;19;1284
12;2025-11-04;20;916
12;2025-11-04;21;662
12;2025-11-04;22;409
12;2025-11-04;23;224
12;2025-11-05;0;58
12;2025-11-05;1;2
12;2025-11-05;2;0
12;2025-11-05;3;0
12;2025-11-05;4;6
12;2025-11-05;5;343
12;2025-11-05;6;1414
12;2025-11-05;7;2646
12;2025-11-05;8;3469
12;2025-11-05;9;2507
12;2025-11-05;10;2049
12;2025-11-05;11;2036
12;2025-11-05;12;2039
12;2025-11-05;13;2019
12;2025-11-05;14;1991
12;2025-11-05;15;2226
12;2025-11-05;16;2691
12;2025-11-05;17;2936
12;2025-11-05;18;3069
12;2025-11-05;19;2458
12;2025-11-05;20;1512
12;2025-11-05;21;972
12;2025-11-05;22;508
12;2025-11-05;23;261
12;2025-11-06;0;58
12;2025-11-06;1;2
12;2025-11-06;2;0
12;2025-11-06;3;0
12;2025-11-06;4;6
12;2025-11-06;5;327
12;2025-11-06;6;1359
12;2025-11-06;7;2669
12;2025-11-06;8;3525
12;2025-11-06;9;2391
12;2025-11-06;10;2008
12;2025-11-06;11;1962
12;2025-11-06;12;2024
12;2025-11-06;13;1991
12;2025-11-06;14;1980
12;2025-11-06;15;2238
12;2025-11-06;16;2698
12;2025-11-06;17;3009
12;2025-11-06;18;3118
12;2025-11-06;19;2518
12;2025-11-06;20;1585
12;2025-11-06;21;931
12;2025-11-06;22;498
12;2025-11-06;23;265
12;2025-11-07;0;59
12;2025-11-07;1;3
12;2025-11-07;2;0
12;2025-11-07;3;0
12;2025-11-07;4;5
12;2025-11-07;5;318
12;2025-11-07;6;1352
12;2025-11-07;7;2631
12;2025-11-07;8;3381
12;2025-11-07;9;2359
12;2025-11-07;10;1923
12;2025-11-07;11;1969
12;2025-11-07;12;1947
12;2025-11-07;13;1995
12;2025-11-07;14;1960
12;2025-11-07;15;2317
12;2025-11-07;16;2904
12;2025-11-07;17;2948
12;2025-11-07;18;2650
12;2025-11-07;19;2286
12;2025-11-07;20;1493
12;2025-11-07;21;969
12;2025-11-07;22;527
12;2025-11-07;23;296
12;2025-11-08;0;82
12;2025-11-08;1;4
12;2025-11-08;2;0
12;2025-11-08;3;0
12;2025-11-08;4;3
12;2025-11-08;5;266
12;2025-11-08;6;939
12;2025-11-08;7;1217
12;2025-11-08;8;1411
12;2025-11-08;9;1330
12;2025-11-08;10;1427
12;2025-11-08;11;1472
12;2025-11-08;12;1460
12;2025-11-08;13;1673
12;2025-11-08;14;1604
12;2025-11-08;15;1503
12;2025-11-08;16;1691
12;2025-11-08;17;1710
12;2025-11-08;18;1690
12;2025-11-08;19;1585
12;2025-11-08;20;1112
12;2025-11-08;21;740
12;2025-11-08;22;438
12;2025-11-08;23;274
12;2025-11-09;0;88
12;2025-11-09;1;6
12;2025-11-09;2;0
12;2025-11-09;3;0
12;2025-11-09;4;3
12;2025-11-09;5;202
12;2025-11-09;6;685
12;2025-11-09;7;1010
12;2025-11-09;8;1230
12;2025-11-09;9;1195
12;2025-11-09;10;1239
12;2025-11-09;11;1370
12;2025-11-09;12;1416
12;2025-11-09;13;1599
12;2025-11-09;14;1505
12;2025-11-09;15;1474
12;2025-11-09;16;1639
12;2025-11-09;17;1731
12;2025-11-09;18;1528
12;2025-11-09;19;1284
12;2025-11-09;20;916
12;2025-11-09;21;662
12;2025-11-09;22;409
12;2025-11-09;23;224
12;2025-11-10;0;67
12;2025-11-10;1;3
12;2025-11-10;2;0
12;2025-11-10;3;0
12;2025-11-10;4;5
12;2025-11-10;5;335
12;2025-11-10;6;1360
12;2025-11-10;7;2621
12;2025-11-10;8;3399
12;2025-11-10;9;2411
12;2025-11-10;10;1953
12;2025-11-10;11;1854
12;2025-11-10;12;1969
12;2025-11-10;13;1961
12;2025-11-10;14;1916
12;2025-11-10;15;2134
12;2025-11-10;16;2592
12;2025-11-10;17;2924
12;2025-11-10;18;3096
12;2025-11-10;19;2414
12;2025-11-10;20;1548
12;2025-11-10;21;921
12;2025-11-10;22;459
12;2025-11-10;23;238
12;2025-11-11;0;54
12;2025-11-11;1;1
12;2025-11-11;2;0
12;2025-11-11;3;0
12;2025-11-11;4;6
12;2025-11-11;5;337
12;2025-11-11;6;1406
12;2025-11-11;7;2710
12;2025-11-11;8;3596
12;2025-11-11;9;2485
12;2025-11-11;10;2055
12;2025-11-11;11;2033
12;2025-11-11;12;2008
12;2025-11-11;13;2034
12;2025-11-11;14;1926
12;2025-11-11;15;2190
12;2025-11-11;16;2716
12;2025-11-11;17;3032
12;2025-11-11;18;3160
12;2025-11-11;19;2519
12;2025-11-11;20;1533
12;2025-11-11;21;924
12;2025-11-11;22;500
12;2025-11-11;23;244
12;2025-11-12;0;58
12;2025-11-12;1;2
12;2025-11-12;2;0
12;2025-11-12;3;0
12;2025-11-12;4;6
12;2025-11-12;5;343
12;2025-11-12;6;1414
12;2025-11-12;7;2646
12;2025-11-12;8;3469
12;2025-11-12;9;2507
12;2025-11-12;10;2049
12;2025-11-12;11;2036
12;2025-11-12;12;2039
12;2025-11-12;13;2019
12;2025-11-12;14;1991
12;2025-11-12;15;2226
12;2025-11-12;16;2691
12;2025-11-12;17;2936
12;2025-11-12;18;3069
12;2025-11-12;19;2458
12;2025-11-12;20;1512
12;2025-11-12;21;972
12;2025-11-12;22;508
12;2025-11-12;23;261
12;2025-11-13;0;58
12;2025-11-13;1;2
12;2025-11-13;2;0
12;2025-11-13;3;0
12;2025-11-13;4;6
12;2025-11-13;5;327
12;2025-11-13;6;1359
12;2025-11-13;7;2669
12;2025-11-13;8;3525
12;2025-11-13;9;2391
12;2025-11-13;10;2008
12;2025-11-13;11;1962
12;2025-11-13;12;2024
12;2025-11-13;13;1991
12;2025-11-13;14;1980
12;2025-11-13;15;2238
12;2025-11-13;16;2698
12;2025-11-13;17;3009
12;2025-11-13;18;3118
12;2025-11-13;19;2518
12;2025-11-13;20;1585
12;2025-11-13;21;931
12;2025-11-13;22;498
12;2025-11-13;23;265
12;2025-11-14;0;59
12;2025-11-14;1;3
12;2025-11-14;2;0
12;2025-11-14;3;0
12;2025-11-14;4;5
12;2025-11-14;5;318
12;2025-11-14;6;1352
12;2025-11-14;7;2631
12;2025-11-14;8;3381
12;2025-11-14;9;2359
12;2025-11-14;10;1923
12;2025-11-14;11;1969
12;2025-11-14;12;1947
12;2025-11-14;13;1995
12;2025-11-14;14;1960
12;2025-11-14;15;2317
12;2025-11-14;16;2904
12;2025-11-14;17;2948
12;2025-11-14;18;2650
12;2025-11-14;19;2286
12;2025-11-14;20;1493
12;2025-11-14;21;969
12;2025-11-14;22;527
12;2025-11-14;23;296
12;2025-11-15;0;82
12;2025-11-15;1;4
12;2025-11-15;2;0
12;2025-11-15;3;0
12;2025-11-15;4;3
12;2025-11-15;5;266
12;2025-11-15;6;939
12;2025-11-15;7;1217
12;2025-11-15;8;1411
12;2025-11-15;9;1330
12;2025-11-15;10;1427
12;2025-11-15;11;1472
12;2025-11-15;12;1460
12;2025-11-15;13;1673
12;2025-11-15;14;1604
12;2025-11-15;15;1503
12;2025-11-15;16;1691
12;2025-11-15;17;1710
12;2025-11-15;18;1690
12;2025-11-15;19;1585
12;2025-11-15;20;1112
12;2025-11-15;21;740
12;2025-11-15;22;438
12;2025-11-15;23;274
12;2025-11-16;0;88
12;2025-11-16;1;6
12;2025-11-16;2;0
12;2025-11-16;3;0
12;2025-11-16;4;3
12;2025-11-16;5;202
12;2025-11-16;6;685
12;2025-11-16;7;1010
12;2025-11-16;8;1230
12;2025-11-16;9;1195
12;2025-11-16;10;1239
12;2025-11-16;11;1370
12;2025-11-16;12;1416
12;2025-11-16;13;1599
12;2025-11-16;14;1505
12;2025-11-16;15;1474
12;2025-11-16;16;1639
12;2025-11-16;17;1731
12;2025-11-16;18;1528
12;2025-11-16;19;1284
12;2025-11-16;20;916
12;2025-11-16;21;662
12;2025-11-16;22;409
12;2025-11-16;23;224
12;2025-11-17;0;67
12;2025-11-17;1;3
12;2025-11-17;2;0
12;2025-11-17;3;0
12;2025-11-17;4;5
12;2025-11-17;5;335
12;2025-11-17;6;1360
12;2025-11-17;7;2621
12;2025-11-17;8;3399
12;2025-11-17;9;2411
12;2025-11-17;10;1953
12;2025-11-17;11;1854
12;2025-11-17;12;1969
12;2025-11-17;13;1961
12;2025-11-17;14;1916
12;2025-11-17;15;2134
12;2025-11-17;16;2592
12;2025-11-17;17;2924
12;2025-11-17;18;3096
12;2025-11-17;19;2414
12;2025-11-17;20;1548
12;2025-11-17;21;921
12;2025-11-17;22;459
12;2025-11-17;23;238
12;2025-11-18;0;54
12;2025-11-18;1;1
12;2025-11-18;2;0
12;2025-11-18;3;0
12;2025-11-18;4;6
12;2025-11-18;5;337
12;2025-11-18;6;1406
12;2025-11-18;7;2710
12;2025-11-18;8;3596
12;2025-11-18;9;2485
12;2025-11-18;10;2055
12;2025-11-18;11;2033
12;2025-11-18;12;2008
12;2025-11-18;13;2034
12;2025-11-18;14;1926
12;2025-11-18;15;2190
12;2025-11-18;16;2716
12;2025-11-18;17;3032
12;2025-11-18;18;3160
12;2025-11-18;19;2519
12;2025-11-18;20;1533
12;2025-11-18;21;924
12;2025-11-18;22;500
12;2025-11-18;23;244
12;2025-11-19;0;58
12;2025-11-19;1;2
12;2025-11-19;2;0
12;2025-11-19;3;0
12;2025-11-19;4;6
12;2025-11-19;5;343
12;2025-11-19;6;1414
12;2025-11-19;7;2646
12;2025-11-19;8;3469
12;2025-11-19;9;2507
12;2025-11-19;10;2049
12;2025-11-19;11;2036
12;2025-11-19;12;2039
12;2025-11-19;13;2019
12;2025-11-19;14;1991
12;2025-11-19;15;2226
12;2025-11-19;16;2691
12;2025-11-19;17;2936
12;2025-11-19;18;3069
12;2025-11-19;19;2458
12;2025-11-19;20;1512
12;2025-11-19;21;972
12;2025-11-19;22;508
12;2025-11-19;23;261
12;2025-11-20;0;58
12;2025-11-20;1;2
12;2025-11-20;2;0
12;2025-11-20;3;0
12;2025-11-20;4;6
12;2025-11-20;5;327
12;2025-11-20;6;1359
12;2025-11-20;7;2669
12;2025-11-20;8;3525
12;2025-11-20;9;2391
12;2025-11-20;10;2008
12;2025-11-20;11;1962
12;2025-11-20;12;2024
12;2025-11-20;13;1991
12;2025-11-20;14;1980
12;2025-11-20;15;2238
12;2025-11-20;16;2698
12;2025-11-20;17;3009
12;2025-11-20;18;3118
12;2025-11-20;19;2518
12;2025-11-20;20;1585
12;2025-11-20;21;931
12;2025-11-20;22;498
12;2025-11-20;23;265
12;2025-11-21;0;59
12;2025-11-21;1;3
12;2025-11-21;2;0
12;2025-11-21;3;0
12;2025-11-21;4;5
12;2025-11-21;5;318
12;2025-11-21;6;1352
12;2025-11-21;7;2631
12;2025-11-21;8;3381
12;2025-11-21;9;2359
12;2025-11-21;10;1923
12;2025-11-21;11;1969
12;2025-11-21;12;1947
12;2025-11-21;13;1995
12;2025-11-21;14;1960
12;2025-11-21;15;2317
12;2025-11-21;16;2904
12;2025-11-21;17;2948
12;2025-11-21;18;2650
12;2025-11-21;19;2286
12;2025-11-21;20;1493
12;2025-11-21;21;969
12;2025-11-21;22;527
12;2025-11-21;23;296
12;2025-11-22;0;82
12;2025-11-22;1;4
12;2025-11-22;2;0
12;2025-11-22;3;0
12;2025-11-22;4;3
12;2025-11-22;5;266
12;2025-11-22;6;939
12;2025-11-22;7;1217
12;2025-11-22;8;1411
12;2025-11-22;9;1330
12;2025-11-22;10;1427
12;2025-11-22;11;1472
12;2025-11-22;12;1460
12;2025-11-22;13;1673
12;2025-11-22;14;1604
12;2025-11-22;15;1503
12;2025-11-22;16;1691
12;2025-11-22;17;1710
12;2025-11-22;18;1690
12;2025-11-22;19;1585
12;2025-11-22;20;1112
12;2025-11-22;21;740
12;2025-11-22;22;438
12;2025-11-22;23;274
12;2025-11-23;0;88
12;2025-11-23;1;6
12;2025-11-23;2;0
12;2025-11-23;3;0
12;2025-11-23;4;3
12;2025-11-23;5;202
12;2025-11-23;6;685
12;2025-11-23;7;1010
12;2025-11-23;8;1230
12;2025-11-23;9;1195
12;2025-11-23;10;1239
12;2025-11-23;11;1370
12;2025-11-23;12;1416
12;2025-11-23;13;1599
12;2025-11-23;14;1505
12;2025-11-23;15;1474
12;2025-11-23;16;1639
12;2025-11-23;17;1731
12;2025-11-23;18;1528
12;2025-11-23;19;1284
12;2025-11-23;20;916
12;2025-11-23;21;662
12;2025-11-23;22;409
12;2025-11-23;23;224
12;2025-11-24;0;67
12;2025-11-24;1;3
12;2025-11-24;2;0
12;2025-11-24;3;0
12;2025-11-24;4;5
12;2025-11-24;5;335
12;2025-11-24;6;1360
12;2025-11-24;7;2621
12;2025-11-24;8;3399
12;2025-11-24;9;2411
12;2025-11-24;10;1953
12;2025-11-24;11;1854
12;2025-11-24;12;1969
12;2025-11-24;13;1961
12;2025-11-24;14;1916
12;2025-11-24;15;2134
12;2025-11-24;16;2592
12;2025-11-24;17;2924
12;2025-11-24;18;3096
12;2025-11-24;19;2414
12;2025-11-24;20;1548
12;2025-11-24;21;921
12;2025-11-24;22;459
12;2025-11-24;23;238
12;2025-11-25;0;54
12;2025-11-25;1;1
12;2025-11-25;2;0
12;2025-11-25;3;0
12;2025-11-25;4;6
12;2025-11-25;5;337
12;2025-11-25;6;1406
12;2025-11-25;7;2710
12;2025-11-25;8;3596
12;2025-11-25;9;2485
12;2025-11-25;10;2055
12;2025-11-25;11;2033
12;2025-11-25;12;2008
12;2025-11-25;13;2034
12;2025-11-25;14;1926
12;2025-11-25;15;2190
12;2025-11-25;16;2716
12;2025-11-25;17;3032
12;2025-11-25;18;3160
12;2025-11-25;19;2519
12;2025-11-25;20;1533
12;2025-11-25;21;924
12;2025-11-25;22;500
12;2025-11-25;23;244
12;2025-11-26;0;58
12;2025-11-26;1;2
12;2025-11-26;2;0
12;2025-11-26;3;0
12;2025-11-26;4;6
12;2025-11-26;5;343
12;2025-11-26;6;1414
12;2025-11-26;7;2646
12;2025-11-26;8;3469
12;2025-11-26;9;2507
12;2025-11-26;10;2049
12;2025-11-26;11;2036
12;2025-11-26;12;2039
12;2025-11-26;13;2019
12;2025-11-26;14;1991
12;2025-11-26;15;2226
12;2025-11-26;16;2691
12;2025-11-26;17;2936
12;2025-11-26;18;3069
12;2025-11-26;19;2458
12;2025-11-26;20;1512
12;2025-11-26;21;972
12;2025-11-26;22;508
12;2025-11-26;23;261
12;2025-11-27;0;58
12;2025-11-27;1;2
12;2025-11-27;2;0
12;2025-11-27;3;0
12;2025-11-27;4;6
12;2025-11-27;5;327
12;2025-11-27;6;1359
12;2025-11-27;7;2669
12;2025-11-27;8;3525
12;2025-11-27;9;2391
12;2025-11-27;10;2008
12;2025-11-27;11;1962
12;2025-11-27;12;2024
12;2025-11-27;13;1991
12;2025-11-27;14;1980
12;2025-11-27;15;2238
12;2025-11-27;16;2698
12;2025-11-27;17;3009
12;2025-11-27;18;3118
12;2025-11-27;19;2518
12;2025-11-27;20;1585
12;2025-11-27;21;931
12;2025-11-27;22;498
12;2025-11-27;23;265
12;2025-11-28;0;59
12;2025-11-28;1;3
12;2025-11-28;2;0
12;2025-11-28;3;0
12;2025-11-28;4;5
12;2025-11-28;5;318
12;2025-11-28;6;1352
12;2025-11-28;7;2631
12;2025-11-28;8;3381
12;2025-11-28;9;2359
12;2025-11-28;10;1923
12;2025-11-28;11;1969
12;2025-11-28;12;1947
12;2025-11-28;13;1995
12;2025-11-28;14;1960
12;2025-11-28;15;2317
12;2025-11-28;16;2904
12;2025-11-28;17;2948
12;2025-11-28;18;2650
12;2025-11-28;19;2286
12;2025-11-28;20;1493
12;2025-11-28;21;969
12;2025-11-28;22;527
12;2025-11-28;23;296
12;2025-11-29;0;82
12;2025-11-29;1;4
12;2025-11-29;2;0
12;2025-11-29;3;0
12;2025-11-29;4;3
12;2025-11-29;5;266
12;2025-11-29;6;939
12;2025-11-29;7;1217
12;2025-11-29;8;1411
12;2025-11-29;9;1330
12;2025-11-29;10;1427
12;2025-11-29;11;1472
12;2025-11-29;12;1460
12;2025-11-29;13;1673
12;2025-11-29;14;1604
12;2025-11-29;15;1503
12;2025-11-29;16;1691
12;2025-11-29;17;1710
12;2025-11-29;18;1690
12;2025-11-29;19;1585
12;2025-11-29;20;1112
12;2025-11-29;21;740
12;2025-11-29;22;438
12;2025-11-29;23;274
12;2025-11-30;0;88
12;2025-11-30;1;6
12;2025-11-30;2;0
12;2025-11-30;3;0
12;2025-11-30;4;3
12;2025-11-30;5;202
12;2025-11-30;6;685
12;2025-11-30;7;1010
12;2025-11-30;8;1230
12;2025-11-30;9;1195
12;2025-11-30;10;1239
12;2025-11-30;11;1370
12;2025-11-30;12;1416
12;2025-11-30;13;1599
12;2025-11-30;14;1505
12;2025-11-30;15;1474
12;2025-11-30;16;1639
12;2025-11-30;17;1731
12;2025-11-30;18;1528
12;2025-11-30;19;1284
12;2025-11-30;20;916
12;2025-11-30;21;662
12;2025-11-30;22;409
12;2025-11-30;23;224
12;2025-12-01;0;67
12;2025-12-01;1;3
12;2025-12-01;2;0
12;2025-12-01;3;0
12;2025-12-01;4;5
12;2025-12-01;5;335
12;2025-12-01;6;1360
12;2025-12-01;7;2621
12;2025-12-01;8;3399
12;2025-12-01;9;2411
12;2025-12-01;10;1953
12;2025-12-01;11;1854
12;2025-12-01;12;1969
12;2025-12-01;13;1961
12;2025-12-01;14;1916
12;2025-12-01;15;2134
12;2025-12-01;16;2592
12;2025-12-01;17;2924
12;2025-12-01;18;3096
12;2025-12-01;19;2414
12;2025-12-01;20;1548
12;2025-12-01;21;921
12;2025-12-01;22;459
12;2025-12-01;23;238
12;2025-12-02;0;54
12;2025-12-02;1;1
12;2025-12-02;2;0
12;2025-12-02;3;0
12;2025-12-02;4;6
12;2025-12-02;5;337
12;2025-12-02;6;1406
12;2025-12-02;7;2710
12;2025-12-02;8;3596
12;2025-12-02;9;2485
12;2025-12-02;10;2055
12;2025-12-02;11;2033
12;2025-12-02;12;2008
12;2025-12-02;13;2034
12;2025-12-02;14;1926
12;2025-12-02;15;2190
12;2025-12-02;16;2716
12;2025-12-02;17;3032
12;2025-12-02;18;3160
12;2025-12-02;19;2519
12;2025-12-02;20;1533
12;2025-12-02;21;924
12;2025-12-02;22;500
12;2025-12-02;23;244
12;2025-12-03;0;58
12;2025-12-03;1;2
12;2025-12-03;2;0
12;2025-12-03;3;0
12;2025-12-03;4;6
12;2025-12-03;5;343
12;2025-12-03;6;1414
12;2025-12-03;7;2646
12;2025-12-03;8;3469
12;2025-12-03;9;2507
12;2025-12-03;10;2049
12;2025-12-03;11;2036
12;2025-12-03;12;2039
12;2025-12-03;13;2019
12;2025-12-03;14;1991
12;2025-12-03;15;2226
12;2025-12-03;16;2691
12;2025-12-03;17;2936
12;2025-12-03;18;3069
12;2025-12-03;19;2458
12;2025-12-03;20;1512
12;2025-12-03;21;972
12;2025-12-03;22;508
12;2025-12-03;23;261
12;2025-12-04;0;58
12;2025-12-04;1;2
12;2025-12-04;2;0
12;2025-12-04;3;0
12;2025-12-04;4;6
12;2025-12-04;5;327
12;2025-12-04;6;1359
12;2025-12-04;7;2669
12;2025-12-04;8;3525
12;2025-12-04;9;2391
12;2025-12-04;10;2008
12;2025-12-04;11;1962
12;2025-12-04;12;2024
12;2025-12-04;13;1991
12;2025-12-04;14;1980
12;2025-12-04;15;2238
12;2025-12-04;16;2698
12;2025-12-04;17;3009
12;2025-12-04;18;3118
12;2025-12-04;19;2518
12;2025-12-04;20;1585
12;2025-12-04;21;931
12;2025-12-04;22;498
12;2025-12-04;23;265
12;2025-12-05;0;59
12;2025-12-05;1;3
12;2025-12-05;2;0
12;2025-12-05;3;0
12;2025-12-05;4;5
12;2025-12-05;5;318
12;2025-12-05;6;1352
12;2025-12-05;7;2631
12;2025-12-05;8;3381
12;2025-12-05;9;2359
12;2025-12-05;10;1923
12;2025-12-05;11;1969
12;2025-12-05;12;1947
12;2025-12-05;13;1995
12;2025-12-05;14;1960
12;2025-12-05;15;2317
12;2025-12-05;16;2904
12;2025-12-05;17;2948
12;2025-12-05;18;2650
12;2025-12-05;19;2286
12;2025-12-05;20;1493
12;2025-12-05;21;969
12;2025-12-05;22;527
12;2025-12-05;23;296
12;2025-12-06;0;82
12;2025-12-06;1;4
12;2025-12-06;2;0
12;2025-12-06;3;0
12;2025-12-06;4;3
12;2025-12-06;5;266
12;2025-12-06;6;939
12;2025-12-06;7;1217
12;2025-12-06;8;1411
12;2025-12-06;9;1330
12;2025-12-06;10;1427
12;2025-12-06;11;1472
12;2025-12-06;12;1460
12;2025-12-06;13;1673
12;2025-12-06;14;1604
12;2025-12-06;15;1503
12;2025-12-06;16;1691
12;2025-12-06;17;1710
12;2025-12-06;18;1690
12;2025-12-06;19;1585
12;2025-12-06;20;1112
12;2025-12-06;21;740
12;2025-12-06;22;438
12;2025-12-06;23;274
12;2025-12-07;0;88
12;2025-12-07;1;6
12;2025-12-07;2;0
12;2025-12-07;3;0
12;2025-12-07;4;3
12;2025-12-07;5;202
12;2025-12-07;6;685
12;2025-12-07;7;1010
12;2025-12-07;8;1230
12;2025-12-07;9;1195
12;2025-12-07;10;1239
12;2025-12-07;11;1370
12;2025-12-07;12;1416
12;2025-12-07;13;1599
12;2025-12-07;14;1505
12;2025-12-07;15;1474
12;2025-12-07;16;1639
12;2025-12-07;17;1731
12;2025-12-07;18;1528
12;2025-12-07;19;1284
12;2025-12-07;20;916
12;2025-12-07;21;662
12;2025-12-07;22;409
12;2025-12-07;23;224
12;2025-12-08;0;67
12;2025-12-08;1;3
12;2025-12-08;2;0
12;2025-12-08;3;0
12;2025-12-08;4;5
12;2025-12-08;5;335
12;2025-12-08;6;1360
12;2025-12-08;7;2621
12;2025-12-08;8;3399
12;2025-12-08;9;2411
12;2025-12-08;10;1953
12;2025-12-08;11;1854
12;2025-12-08;12;1969
12;2025-12-08;13;1961
12;2025-12-08;14;1916
12;2025-12-08;15;2134
12;2025-12-08;16;2592
12;2025-12-08;17;2924
12;2025-12-08;18;3096
12;2025-12-08;19;2414
12;2025-12-08;20;1548
12;2025-12-08;21;921
12;2025-12-08;22;459
12;2025-12-08;23;238
12;2025-12-09;0;54
12;2025-12-09;1;1
12;2025-12-09;2;0
12;2025-12-09;3;0
12;2025-12-09;4;6
12;2025-12-09;5;337
12;2025-12-09;6;1406
12;2025-12-09;7;2710
12;2025-12-09;8;3596
12;2025-12-09;9;2485
12;2025-12-09;10;2055
12;2025-12-09;11;2033
12;2025-12-09;12;2008
12;2025-12-09;13;2034
12;2025-12-09;14;1926
12;2025-12-09;15;2190
12;2025-12-09;16;2716
12;2025-12-09;17;3032
12;2025-12-09;18;3160
12;2025-12-09;19;2519
12;2025-12-09;20;1533
12;2025-12-09;21;924
12;2025-12-09;22;500
12;2025-12-09;23;244
12;2025-12-10;0;58
12;2025-12-10;1;2
12;2025-12-10;2;0
12;2025-12-10;3;0
12;2025-12-10;4;6
12;2025-12-10;5;343
12;2025-12-10;6;1414
12;2025-12-10;7;2646
12;2025-12-10;8;3469
12;2025-12-10;9;2507
12;2025-12-10;10;2049
12;2025-12-10;11;2036
12;2025-12-10;12;2039
12;2025-12-10;13;2019
12;2025-12-10;14;1991
12;2025-12-10;15;2226
12;2025-12-10;16;2691
12;2025-12-10;17;2936
12;2025-12-10;18;3069
12;2025-12-10;19;2458
12;2025-12-10;20;1512
12;2025-12-10;21;972
12;2025-12-10;22;508
12;2025-12-10;23;261
12;2025-12-11;0;58
12;2025-12-11;1;2
12;2025-12-11;2;0
12;2025-12-11;3;0
12;2025-12-11;4;6
12;2025-12-11;5;327
12;2025-12-11;6;1359
12;2025-12-11;7;2669
12;2025-12-11;8;3525
12;2025-12-11;9;2391
12;2025-12-11;10;2008
12;2025-12-11;11;1962
12;2025-12-11;12;2024
12;2025-12-11;13;1991
12;2025-12-11;14;1980
12;2025-12-11;15;2238
12;2025-12-11;16;2698
12;2025-12-11;17;3009
12;2025-12-11;18;3118
12;2025-12-11;19;2518
12;2025-12-11;20;1585
12;2025-12-11;21;931
12;2025-12-11;22;498
12;2025-12-11;23;265
12;2025-12-12;0;59
12;2025-12-12;1;3
12;2025-12-12;2;0
12;2025-12-12;3;0
12;2025-12-12;4;5
12;2025-12-12;5;318
12;2025-12-12;6;1352
12;2025-12-12;7;2631
12;2025-12-12;8;3381
12;2025-12-12;9;2359
12;2025-12-12;10;1923
12;2025-12-12;11;1969
12;2025-12-12;12;1947
12;2025-12-12;13;1995
12;2025-12-12;14;1960
12;2025-12-12;15;2317
12;2025-12-12;16;2904
12;2025-12-12;17;2948
12;2025-12-12;18;2650
12;2025-12-12;19;2286
12;2025-12-12;20;1493
12;2025-12-12;21;969
12;2025-12-12;22;527
12;2025-12-12;23;296
12;2025-12-13;0;82
12;2025-12-13;1;4
12;2025-12-13;2;0
12;2025-12-13;3;0
12;2025-12-13;4;3
12;2025-12-13;5;266
12;2025-12-13;6;939
12;2025-12-13;7;1217
12;2025-12-13;8;1411
12;2025-12-13;9;1330
12;2025-12-13;10;1427
12;2025-12-13;11;1472
12;2025-12-13;12;1460
12;2025-12-13;13;1673
12;2025-12-13;14;1604
12;2025-12-13;15;1503
12;2025-12-13;16;1691
12;2025-12-13;17;1710
12;2025-12-13;18;1690
12;2025-12-13;19;1585
12;2025-12-13;20;1112
12;2025-12-13;21;740
12;2025-12-13;22;438
12;2025-12-13;23;274
12;2025-12-14;0;88
12;2025-12-14;1;6
12;2025-12-14;2;0
12;2025-12-14;3;0
12;2025-12-14;4;3
12;2025-12-14;5;202
12;2025-12-14;6;685
12;2025-12-14;7;1010
12;2025-12-14;8;1230
12;2025-12-14;9;1195
12;2025-12-14;10;1239
12;2025-12-14;11;1370
12;2025-12-14;12;1416
12;2025-12-14;13;1599
12;2025-12-14;14;1505
12;2025-12-14;15;1474
12;2025-12-14;16;1639
12;2025-12-14;17;1731
12;2025-12-14;18;1528
12;2025-12-14;19;1284
12;2025-12-14;20;916
12;2025-12-14;21;662
12;2025-12-14;22;409
12;2025-12-14;23;224
12;2025-12-15;0;67
12;2025-12-15;1;3
12;2025-12-15;2;0
12;2025-12-15;3;0
12;2025-12-15;4;5
12;2025-12-15;5;335
12;2025-12-15;6;1360
12;2025-12-15;7;2621
12;2025-12-15;8;3399
12;2025-12-15;9;2411
12;2025-12-15;10;1953
12;2025-12-15;11;1854
12;2025-12-15;12;1969
12;2025-12-15;13;1961
12;2025-12-15;14;1916
12;2025-12-15;15;2134
12;2025-12-15;16;2592
12;2025-12-15;17;2924
12;2025-12-15;18;3096
12;2025-12-15;19;2414
12;2025-12-15;20;1548
12;2025-12-15;21;921
12;2025-12-15;22;459
12;2025-12-15;23;238
12;2025-12-16;0;54
12;2025-12-16;1;1
12;2025-12-16;2;0
12;2025-12-16;3;0
12;2025-12-16;4;6
12;2025-12-16;5;337
12;2025-12-16;6;1406
12;2025-12-16;7;2710
12;2025-12-16;8;3596
12;2025-12-16;9;2485
12;2025-12-16;10;2055
12;2025-12-16;11;2033
12;2025-12-16;12;2008
12;2025-12-16;13;2034
12;2025-12-16;14;1926
12;2025-12-16;15;2190
12;2025-12-16;16;2716
12;2025-12-16;17;3032
12;2025-12-16;18;3160
12;2025-12-16;19;2519
12;2025-12-16;20;1533
12;2025-12-16;21;924
12;2025-12-16;22;500
12;2025-12-16;23;244
12;2025-12-17;0;58
12;2025-12-17;1;2
12;2025-12-17;2;0
12;2025-12-17;3;0
12;2025-12-17;4;6
12;2025-12-17;5;343
12;2025-12-17;6;1414
12;2025-12-17;7;2646
12;2025-12-17;8;3469
12;2025-12-17;9;2507
12;2025-12-17;10;2049
12;2025-12-17;11;2036
12;2025-12-17;12;2039
12;2025-12-17;13;2019
12;2025-12-17;14;1991
12;2025-12-17;15;2226
12;2025-12-17;16;2691
12;2025-12-17;17;2936
12;2025-12-17;18;3069
12;2025-12-17;19;2458
12;2025-12-17;20;1512
12;2025-12-17;21;972
12;2025-12-17;22;508
12;2025-12-17;23;261
12;2025-12-18;0;58
12;2025-12-18;1;2
12;2025-12-18;2;0
12;2025-12-18;3;0
12;2025-12-18;4;6
12;2025-12-18;5;327
12;2025-12-18;6;1359
12;2025-12-18;7;2669
12;2025-12-18;8;3525
12;2025-12-18;9;2391
12;2025-12-18;10;2008
12;2025-12-18;11;1962
12;2025-12-18;12;2024
12;2025-12-18;13;1991
12;2025-12-18;14;1980
12;2025-12-18;15;2238
12;2025-12-18;16;2698
12;2025-12-18;17;3009
12;2025-12-18;18;3118
12;2025-12-18;19;2518
12;2025-12-18;20;1585
12;2025-12-18;21;931
12;2025-12-18;22;498
12;2025-12-18;23;265
12;2025-12-19;0;59
12;2025-12-19;1;3
12;2025-12-19;2;0
12;2025-12-19;3;0
12;2025-12-19;4;5
12;2025-12-19;5;318
12;2025-12-19;6;1352
12;2025-12-19;7;2631
12;2025-12-19;8;3381
12;2025-12-19;9;2359
12;2025-12-19;10;1923
12;2025-12-19;11;1969
12;2025-12-19;12;1947
12;2025-12-19;13;1995
12;2025-12-19;14;1960
12;2025-12-19;15;2317
12;2025-12-19;16;2904
12;2025-12-19;17;2948
12;2025-12-19;18;2650
12;2025-12-19;19;2286
12;2025-12-19;20;1493
12;2025-12-19;21;969
12;2025-12-19;22;527
12;2025-12-19;23;296
12;2025-12-20;0;82
12;2025-12-20;1;4
12;2025-12-20;2;0
12;2025-12-20;3;0
12;2025-12-20;4;3
12;2025-12-20;5;266
12;2025-12-20;6;939
12;2025-12-20;7;1217
12;2025-12-20;8;1411
12;2025-12-20;9;1330
12;2025-12-20;10;1427
12;2025-12-20;11;1472
12;2025-12-20;12;1460
12;2025-12-20;13;1673
12;2025-12-20;14;1604
12;2025-12-20;15;1503
12;2025-12-20;16;1691
12;2025-12-20;17;1710
12;2025-12-20;18;1690
12;2025-12-20;19;1585
12;2025-12-20;20;1112
12;2025-12-20;21;740
12;2025-12-20;22;438
12;2025-12-20;23;274
12;2025-12-21;0;88
12;2025-12-21;1;6
12;2025-12-21;2;0
12;2025-12-21;3;0
12;2025-12-21;4;3
12;2025-12-21;5;202
12;2025-12-21;6;685
12;2025-12-21;7;1010
12;2025-12-21;8;1230
12;2025-12-21;9;1195
12;2025-12-21;10;1239
12;2025-12-21;11;1370
12;2025-12-21;12;1416
12;2025-12-21;13;1599
12;2025-12-21;14;1505
12;2025-12-21;15;1474
12;2025-12-21;16;1639
12;2025-12-21;17;1731
12;2025-12-21;18;1528
12;2025-12-21;19;1284
12;2025-12-21;20;916
12;2025-12-21;21;662
12;2025-12-21;22;409
12;2025-12-21;23;224
12;2025-12-22;0;67
12;2025-12-22;1;3
12;2025-12-22;2;0
12;2025-12-22;3;0
12;2025-12-22;4;5
12;2025-12-22;5;335
12;2025-12-22;6;1360
12;2025-12-22;7;2621
12;2025-12-22;8;3399
12;2025-12-22;9;2411
12;2025-12-22;10;1953
12;2025-12-22;11;1854
12;2025-12-22;12;1969
12;2025-12-22;13;1961
12;2025-12-22;14;1916
12;2025-12-22;15;2134
12;2025-12-22;16;2592
12;2025-12-22;17;2924
12;2025-12-22;18;3096
12;2025-12-22;19;2414
12;2025-12-22;20;1548
12;2025-12-22;21;921
12;2025-12-22;22;459
12;2025-12-22;23;238
12;2025-12-23;0;54
12;2025-12-23;1;1
12;2025-12-23;2;0
12;2025-12-23;3;0
12;2025-12-23;4;6
12;2025-12-23;5;337
12;2025-12-23;6;1406
12;2025-12-23;7;2710
12;2025-12-23;8;3596
12;2025-12-23;9;2485
12;2025-12-23;10;2055
12;2025-12-23;11;2033
12;2025-12-23;12;2008
12;2025-12-23;13;2034
12;2025-12-23;14;1926
12;2025-12-23;15;2190
12;2025-12-23;16;2716
12;2025-12-23;17;3032
12;2025-12-23;18;3160
12;2025-12-23;19;2519
12;2025-12-23;20;1533
12;2025-12-23;21;924
12;2025-12-23;22;500
12;2025-12-23;23;244
12;2025-12-24;0;58
12;2025-12-24;1;2
12;2025-12-24;2;0
12;2025-12-24;3;0
12;2025-12-24;4;6
12;2025-12-24;5;343
12;2025-12-24;6;1414
12;2025-12-24;7;2646
12;2025-12-24;8;3469
12;2025-12-24;9;2507
12;2025-12-24;10;2049
12;2025-12-24;11;2036
12;2025-12-24;12;2039
12;2025-12-24;13;2019
12;2025-12-24;14;1991
12;2025-12-24;15;2226
12;2025-12-24;16;2691
12;2025-12-24;17;2936
12;2025-12-24;18;3069
12;2025-12-24;19;2458
12;2025-12-24;20;1512
12;2025-12-24;21;972
12;2025-12-24;22;508
12;2025-12-24;23;261
12;2025-12-25;0;58
12;2025-12-25;1;2
12;2025-12-25;2;0
12;2025-12-25;3;0
12;2025-12-25;4;6
12;2025-12-25;5;327
12;2025-12-25;6;1359
12;2025-12-25;7;2669
12;2025-12-25;8;3525
12;2025-12-25;9;2391
12;2025-12-25;10;2008
12;2025-12-25;11;1962
12;2025-12-25;12;2024
12;2025-12-25;13;1991
12;2025-12-25;14;1980
12;2025-12-25;15;2238
12;2025-12-25;16;2698
12;2025-12-25;17;3009
12;2025-12-25;18;3118
12;2025-12-25;19;2518
12;2025-12-25;20;1585
12;2025-12-25;21;931
12;2025-12-25;22;498
12;2025-12-25;23;265
12;2025-12-26;0;59
12;2025-12-26;1;3
12;2025-12-26;2;0
12;2025-12-26;3;0
12;2025-12-26;4;5
12;2025-12-26;5;318
12;2025-12-26;6;1352
12;2025-12-26;7;2631
12;2025-12-26;8;3381
12;2025-12-26;9;2359
12;2025-12-26;10;1923
12;2025-12-26;11;1969
12;2025-12-26;12;1947
12;2025-12-26;13;1995
12;2025-12-26;14;1960
12;2025-12-26;15;2317
12;2025-12-26;16;2904
12;2025-12-26;17;2948
12;2025-12-26;18;2650
12;2025-12-26;19;2286
12;2025-12-26;20;1493
12;2025-12-26;21;969
12;2025-12-26;22;527
12;2025-12-26;23;296
12;2025-12-27;0;82
12;2025-12-27;1;4
12;2025-12-27;2;0
12;2025-12-27;3;0
12;2025-12-27;4;3
12;2025-12-27;5;266
12;2025-12-27;6;939
12;2025-12-27;7;1217
12;2025-12-27;8;1411
12;2025-12-27;9;1330
12;2025-12-27;10;1427
12;2025-12-27;11;1472
12;2025-12-27;12;1460
12;2025-12-27;13;1673
12;2025-12-27;14;1604
12;2025-12-27;15;1503
12;2025-12-27;16;1691
12;2025-12-27;17;1710
12;2025-12-27;18;1690
12;2025-12-27;19;1585
12;2025-12-27;20;1112
12;2025-12-27;21;740
12;2025-12-27;22;438
12;2025-12-27;23;274
12;2025-12-28;0;88
12;2025-12-28;1;6
12;2025-12-28;2;0
12;2025-12-28;3;0
12;2025-12-28;4;3
12;2025-12-28;5;202
12;2025-12-28;6;685
12;2025-12-28;7;1010
12;2025-12-28;8;1230
12;2025-12-28;9;1195
12;2025-12-28;10;1239
12;2025-12-28;11;1370
12;2025-12-28;12;1416
12;2025-12-28;13;1599
12;2025-12-28;14;1505
12;2025-12-28;15;1474
12;2025-12-28;16;1639
12;2025-12-28;17;1731
12;2025-12-28;18;1528
12;2025-12-28;19;1284
12;2025-12-28;20;916
12;2025-12-28;21;662
12;2025-12-28;22;409
12;2025-12-28;23;224
12;2025-12-29;0;67
12;2025-12-29;1;3
12;2025-12-29;2;0
12;2025-12-29;3;0
12;2025-12-29;4;5
12;2025-12-29;5;335
12;2025-12-29;6;1360
12;2025-12-29;7;2621
12;2025-12-29;8;3399
12;2025-12-29;9;2411
12;2025-12-29;10;1953
12;2025-12-29;11;1854
12;2025-12-29;12;1969
12;2025-12-29;13;1961
12;2025-12-29;14;1916
12;2025-12-29;15;2134
12;2025-12-29;16;2592
12;2025-12-29;17;2924
12;2025-12-29;18;3096
12;2025-12-29;19;2414
12;2025-12-29;20;1548
12;2025-12-29;21;921
12;2025-12-29;22;459
12;2025-12-29;23;238
12;2025-12-30;0;54
12;2025-12-30;1;1
12;2025-12-30;2;0
12;2025-12-30;3;0
12;2025-12-30;4;6
12;2025-12-30;5;337
12;2025-12-30;6;1406
12;2025-12-30;7;2710
12;2025-12-30;8;3596
12;2025-12-30;9;2485
12;2025-12-30;10;2055
12;2025-12-30;11;2033
12;2025-12-30;12;2008
12;2025-12-30;13;2034
12;2025-12-30;14;1926
12;2025-12-30;15;2190
12;2025-12-30;16;2716
12;2025-12-30;17;3032
12;2025-12-30;18;3160
12;2025-12-30;19;2519
12;2025-12-30;20;1533
12;2025-12-30;21;924
12;2025-12-30;22;500
12;2025-12-30;23;244
12;2025-12-31;0;88
12;2025-12-31;1;6
12;2025-12-31;2;0
12;2025-12-31;3;0
12;2025-12-31;4;3
12;2025-12-31;5;202
12;2025-12-31;6;685
12;2025-12-31;7;1010
12;2025-12-31;8;1230
12;2025-12-31;9;1195
12;2025-12-31;10;1239
12;2025-12-31;11;1370
12;2025-12-31;12;1416
12;2025-12-31;13;1599
12;2025-12-31;14;1505
12;2025-12-31;15;1474
12;2025-12-31;16;1639
12;2025-12-31;17;1731
12;2025-12-31;18;1528
12;2025-12-31;19;1284
12;2025-12-31;20;916
12;2025-12-31;21;662
12;2025-12-31;22;409
12;2025-12-31;23;224
17;2025-11-01;0;113
17;2025-11-01;1;13
17;2025-11-01;2;0
17;2025-11-01;3;0
17;2025-11-01;4;24
17;2025-11-01;5;302
17;2025-11-01;6;1475
17;2025-11-01;7;3853
17;2025-11-01;8;5140
17;2025-11-01;9;3632
17;2025-11-01;10;2790
17;2025-11-01;11;2778
17;2025-11-01;12;2812
17;2025-11-01;13;2871
17;2025-11-01;14;2929
17;2025-11-01;15;3108
17;2025-11-01;16;3505
17;2025-11-01;17;4285
17;2025-11-01;18;4741
17;2025-11-01;19;3403
17;2025-11-01;20;2317
17;2025-11-01;21;1382
17;2025-11-01;22;775
17;2025-11-01;23;337
17;2025-11-02;0;175
17;2025-11-02;1;23
17;2025-11-02;2;0
17;2025-11-02;3;0
17;2025-11-02;4;7
17;2025-11-02;5;140
17;2025-11-02;6;610
17;2025-11-02;7;1331
17;2025-11-02;8;1919
17;2025-11-02;9;1997
17;2025-11-02;10;2033
17;2025-11-02;11;2369
17;2025-11-02;12;2680
17;2025-11-02;13;2895
17;2025-11-02;14;2928
17;2025-11-02;15;2990
17;2025-11-02;16;2927
17;2025-11-02;17;3028
17;2025-11-02;18;2886
17;2025-11-02;19;2274
17;2025-11-02;20;1727
17;2025-11-02;21;1209
17;2025-11-02;22;768
17;2025-11-02;23;337
17;2025-11-03;0;175
17;2025-11-03;1;23
17;2025-11-03;2;0
17;2025-11-03;3;0
17;2025-11-03;4;7
17;2025-11-03;5;140
17;2025-11-03;6;610
17;2025-11-03;7;1331
17;2025-11-03;8;1919
17;2025-11-03;9;1997
17;2025-11-03;10;2033
17;2025-11-03;11;2369
17;2025-11-03;12;2680
17;2025-11-03;13;2895
17;2025-11-03;14;2928
17;2025-11-03;15;2990
17;2025-11-03;16;2927
17;2025-11-03;17;3028
17;2025-11-03;18;2886
17;2025-11-03;19;2274
17;2025-11-03;20;1727
17;2025-11-03;21;1209
17;2025-11-03;22;768
17;2025-11-03;23;337
17;2025-11-04;0;175
17;2025-11-04;1;23
17;2025-11-04;2;0
17;2025-11-04;3;0
17;2025-11-04;4;7
17;2025-11-04;5;140
17;2025-11-04;6;610
17;2025-11-04;7;1331
17;2025-11-04;8;1919
17;2025-11-04;9;1997
17;2025-11-04;10;2033
17;2025-11-04;11;2369
17;2025-11-04;12;2680
17;2025-11-04;13;2895
17;2025-11-04;14;2928
17;2025-11-04;15;2990
17;2025-11-04;16;2927
17;2025-11-04;17;3028
17;2025-11-04;18;2886
17;2025-11-04;19;2274
17;2025-11-04;20;1727
17;2025-11-04;21;1209
17;2025-11-04;22;768
17;2025-11-04;23;337
17;2025-11-05;0;127
17;2025-11-05;1;12
17;2025-11-05;2;0
17;2025-11-05;3;0
17;2025-11-05;4;26
17;2025-11-05;5;313
17;2025-11-05;6;1496
17;2025-11-05;7;3911
17;2025-11-05;8;5147
17;2025-11-05;9;3680
17;2025-11-05;10;2909
17;2025-11-05;11;2858
17;2025-11-05;12;2905
17;2025-11-05;13;2986
17;2025-11-05;14;3025
17;2025-11-05;15;3178
17;2025-11-05;16;3555
17;2025-11-05;17;4330
17;2025-11-05;18;4770
17;2025-11-05;19;3385
17;2025-11-05;20;2324
17;2025-11-05;21;1483
17;2025-11-05;22;821
17;2025-11-05;23;387
17;2025-11-06;0;138
17;2025-11-06;1;12
17;2025-11-06;2;0
17;2025-11-06;3;0
17;2025-11-06;4;24
17;2025-11-06;5;310
17;2025-11-06;6;1492
17;2025-11-06;7;3863
17;2025-11-06;8;5185
17;2025-11-06;9;3704
17;2025-11-06;10;2927
17;2025-11-06;11;2855
17;2025-11-06;12;2917
17;2025-11-06;13;2966
17;2025-11-06;14;2991
17;2025-11-06;15;3176
17;2025-11-06;16;3569
17;2025-11-06;17;4377
17;2025-11-06;18;4736
17;2025-11-06;19;3421
17;2025-11-06;20;2359
17;2025-11-06;21;1492
17;2025-11-06;22;848
17;2025-11-06;23;401
17;2025-11-07;0;145
17;2025-11-07;1;15
17;2025-11-07;2;0
17;2025-11-07;3;0
17;2025-11-07;4;24
17;2025-11-07;5;306
17;2025-11-07;6;1487
17;2025-11-07;7;3811
17;2025-11-07;8;5081
17;2025-11-07;9;3662
17;2025-11-07;10;2888
17;2025-11-07;11;2871
17;2025-11-07;12;2924
17;2025-11-07;13;3032
17;2025-11-07;14;3081
17;2025-11-07;15;3340
17;2025-11-07;16;3901
17;2025-11-07;17;4406
17;2025-11-07;18;4358
17;2025-11-07;19;3214
17;2025-11-07;20;2274
17;2025-11-07;21;1548
17;2025-11-07;22;893
17;2025-11-07;23;440
17;2025-11-08;0;184
17;2025-11-08;1;21
17;2025-11-08;2;0
17;2025-11-08;3;0
17;2025-11-08;4;8
17;2025-11-08;5;156
17;2025-11-08;6;708
17;2025-11-08;7;1632
17;2025-11-08;8;2278
17;2025-11-08;9;2274
17;2025-11-08;10;2298
17;2025-11-08;11;2588
17;2025-11-08;12;2821
17;2025-11-08;13;3002
17;2025-11-08;14;2972
17;2025-11-08;15;3131
17;2025-11-08;16;3181
17;2025-11-08;17;3158
17;2025-11-08;18;3090
17;2025-11-08;19;2507
17;2025-11-08;20;1968
17;2025-11-08;21;1379
17;2025-11-08;22;882
17;2025-11-08;23;427
17;2025-11-09;0;175
17;2025-11-09;1;23
17;2025-11-09;2;0
17;2025-11-09;3;0
17;2025-11-09;4;7
17;2025-11-09;5;140
17;2025-11-09;6;610
17;2025-11-09;7;1331
17;2025-11-09;8;1919
17;2025-11-09;9;1997
17;2025-11-09;10;2033
17;2025-11-09;11;2369
17;2025-11-09;12;2680
17;2025-11-09;13;2895
17;2025-11-09;14;2928
17;2025-11-09;15;2990
17;2025-11-09;16;2927
17;2025-11-09;17;3028
17;2025-11-09;18;2886
17;2025-11-09;19;2274
17;2025-11-09;20;1727
17;2025-11-09;21;1209
17;2025-11-09;22;768
17;2025-11-09;23;337
17;2025-11-10;0;113
17;2025-11-10;1;13
17;2025-11-10;2;0
17;2025-11-10;3;0
17;2025-11-10;4;24
17;2025-11-10;5;302
17;2025-11-10;6;1475
17;2025-11-10;7;3853
17;2025-11-10;8;5140
17;2025-11-10;9;3632
17;2025-11-10;10;2790
17;2025-11-10;11;2778
17;2025-11-10;12;2812
17;2025-11-10;13;2871
17;2025-11-10;14;2929
17;2025-11-10;15;3108
17;2025-11-10;16;3505
17;2025-11-10;17;4285
17;2025-11-10;18;4741
17;2025-11-10;19;3403
17;2025-11-10;20;2317
17;2025-11-10;21;1382
17;2025-11-10;22;775
17;2025-11-10;23;337
17;2025-11-11;0;115
17;2025-11-11;1;10
17;2025-11-11;2;0
17;2025-11-11;3;0
17;2025-11-11;4;25
17;2025-11-11;5;309
17;2025-11-11;6;1505
17;2025-11-11;7;3952
17;2025-11-11;8;5264
17;2025-11-11;9;3760
17;2025-11-11;10;2886
17;2025-11-11;11;2815
17;2025-11-11;12;2917
17;2025-11-11;13;2950
17;2025-11-11;14;3044
17;2025-11-11;15;3123
17;2025-11-11;16;3525
17;2025-11-11;17;4385
17;2025-11-11;18;4831
17;2025-11-11;19;3426
17;2025-11-11;20;2360
17;2025-11-11;21;1438
17;2025-11-11;22;790
17;2025-11-11;23;360
17;2025-11-12;0;127
17;2025-11-12;1;12
17;2025-11-12;2;0
17;2025-11-12;3;0
17;2025-11-12;4;26
17;2025-11-12;5;313
17;2025-11-12;6;1496
17;2025-11-12;7;3911
17;2025-11-12;8;5147
17;2025-11-12;9;3680
17;2025-11-12;10;2909
17;2025-11-12;11;2858
17;2025-11-12;12;2905
17;2025-11-12;13;2986
17;2025-11-12;14;3025
17;2025-11-12;15;3178
17;2025-11-12;16;3555
17;2025-11-12;17;4330
17;2025-11-12;18;4770
17;2025-11-12;19;3385
17;2025-11-12;20;2324
17;2025-11-12;21;1483
17;2025-11-12;22;821
17;2025-11-12;23;387
17;2025-11-13;0;138
17;2025-11-13;1;12
17;2025-11-13;2;0
17;2025-11-13;3;0
17;2025-11-13;4;24
17;2025-11-13;5;310
17;2025-11-13;6;1492
17;2025-11-13;7;3863
17;2025-11-13;8;5185
17;2025-11-13;9;3704
17;2025-11-13;10;2927
17;2025-11-13;11;2855
17;2025-11-13;12;2917
17;2025-11-13;13;2966
17;2025-11-13;14;2991
17;2025-11-13;15;3176
17;2025-11-13;16;3569
17;2025-11-13;17;4377
17;2025-11-13;18;4736
17;2025-11-13;19;3421
17;2025-11-13;20;2359
17;2025-11-13;21;1492
17;2025-11-13;22;848
17;2025-11-13;23;401
17;2025-11-14;0;145
17;2025-11-14;1;15
17;2025-11-14;2;0
17;2025-11-14;3;0
17;2025-11-14;4;24
17;2025-11-14;5;306
17;2025-11-14;6;1487
17;2025-11-14;7;3811
17;2025-11-14;8;5081
17;2025-11-14;9;3662
17;2025-11-14;10;2888
17;2025-11-14;11;2871
17;2025-11-14;12;2924
17;2025-11-14;13;3032
17;2025-11-14;14;3081
17;2025-11-14;15;3340
17;2025-11-14;16;3901
17;2025-11-14;17;4406
17;2025-11-14;18;4358
17;2025-11-14;19;3214
17;2025-11-14;20;2274
17;2025-11-14;21;1548
17;2025-11-14;22;893
17;2025-11-14;23;440
17;2025-11-15;0;184
17;2025-11-15;1;21
17;2025-11-15;2;0
17;2025-11-15;3;0
17;2025-11-15;4;8
17;2025-11-15;5;156
17;2025-11-15;6;708
17;2025-11-15;7;1632
17;2025-11-15;8;2278
17;2025-11-15;9;2274
17;2025-11-15;10;2298
17;2025-11-15;11;2588
17;2025-11-15;12;2821
17;2025-11-15;13;3002
17;2025-11-15;14;2972
17;2025-11-15;15;3131
17;2025-11-15;16;3181
17;2025-11-15;17;3158
17;2025-11-15;18;3090
17;2025-11-15;19;2507
17;2025-11-15;20;1968
17;2025-11-15;21;1379
17;2025-11-15;22;882
17;2025-11-15;23;427
17;2025-11-16;0;175
17;2025-11-16;1;23
17;2025-11-16;2;0
17;2025-11-16;3;0
17;2025-11-16;4;7
17;2025-11-16;5;140
17;2025-11-16;6;610
17;2025-11-16;7;1331
17;2025-11-16;8;1919
17;2025-11-16;9;1997
17;2025-11-16;10;2033
17;2025-11-16;11;2369
17;2025-11-16;12;2680
17;2025-11-16;13;2895
17;2025-11-16;14;2928
17;2025-11-16;15;2990
17;2025-11-16;16;2927
17;2025-11-16;17;3028
17;2025-11-16;18;2886
17;2025-11-16;19;2274
17;2025-11-16;20;1727
17;2025-11-16;21;1209
17;2025-11-16;22;768
17;2025-11-16;23;337
17;2025-11-17;0;113
17;2025-11-17;1;13
17;2025-11-17;2;0
17;2025-11-17;3;0
17;2025-11-17;4;24
17;2025-11-17;5;302
17;2025-11-17;6;1475
17;2025-11-17;7;3853
17;2025-11-17;8;5140
17;2025-11-17;9;3632
17;2025-11-17;10;2790
17;2025-11-17;11;2778
17;2025-11-17;12;2812
17;2025-11-17;13;2871
17;2025-11-17;14;2929
17;2025-11-17;15;3108
17;2025-11-17;16;3505
17;2025-11-17;17;4285
17;2025-11-17;18;4741
17;2025-11-17;19;3403
17;2025-11-17;20;2317
17;2025-11-17;21;1382
17;2025-11-17;22;775
17;2025-11-17;23;337
17;2025-11-18;0;115
17;2025-11-18;1;10
17;2025-11-18;2;0
17;2025-11-18;3;0
17;2025-11-18;4;25
17;2025-11-18;5;309
17;2025-11-18;6;1505
17;2025-11-18;7;3952
17;2025-11-18;8;5264
17;2025-11-18;9;3760
17;2025-11-18;10;2886
17;2025-11-18;11;2815
17;2025-11-18;12;2917
17;2025-11-18;13;2950
17;2025-11-18;14;3044
17;2025-11-18;15;3123
17;2025-11-18;16;3525
17;2025-11-18;17;4385
17;2025-11-18;18;4831
17;2025-11-18;19;3426
17;2025-11-18;20;2360
17;2025-11-18;21;1438
17;2025-11-18;22;790
17;2025-11-18;23;360
17;2025-11-19;0;127
17;2025-11-19;1;12
17;2025-11-19;2;0
17;2025-11-19;3;0
17;2025-11-19;4;26
17;2025-11-19;5;313
17;2025-11-19;6;1496
17;2025-11-19;7;3911
17;2025-11-19;8;5147
17;2025-11-19;9;3680
17;2025-11-19;10;2909
17;2025-11-19;11;2858
17;2025-11-19;12;2905
17;2025-11-19;13;2986
17;2025-11-19;14;3025
17;2025-11-19;15;3178
17;2025-11-19;16;3555
17;2025-11-19;17;4330
17;2025-11-19;18;4770
17;2025-11-19;19;3385
17;2025-11-19;20;2324
17;2025-11-19;21;1483
17;2025-11-19;22;821
17;2025-11-19;23;387
17;2025-11-20;0;138
17;2025-11-20;1;12
17;2025-11-20;2;0
17;2025-11-20;3;0
17;2025-11-20;4;24
17;2025-11-20;5;310
17;2025-11-20;6;1492
17;2025-11-20;7;3863
17;2025-11-20;8;5185
17;2025-11-20;9;3704
17;2025-11-20;10;2927
17;2025-11-20;11;2855
17;2025-11-20;12;2917
17;2025-11-20;13;2966
17;2025-11-20;14;2991
17;2025-11-20;15;3176
17;2025-11-20;16;3569
17;2025-11-20;17;4377
17;2025-11-20;18;4736
17;2025-11-20;19;3421
17;2025-11-20;20;2359
17;2025-11-20;21;1492
17;2025-11-20;22;848
17;2025-11-20;23;401
17;2025-11-21;0;145
17;2025-11-21;1;15
17;2025-11-21;2;0
17;2025-11-21;3;0
17;2025-11-21;4;24
17;2025-11-21;5;306
17;2025-11-21;6;1487
17;2025-11-21;7;3811
17;2025-11-21;8;5081
17;2025-11-21;9;3662
17;2025-11-21;10;2888
17;2025-11-21;11;2871
17;2025-11-21;12;2924
17;2025-11-21;13;3032
17;2025-11-21;14;3081
17;2025-11-21;15;3340
17;2025-11-21;16;3901
17;2025-11-21;17;4406
17;2025-11-21;18;4358
17;2025-11-21;19;3214
17;2025-11-21;20;2274
17;2025-11-21;21;1548
17;2025-11-21;22;893
17;2025-11-21;23;440
17;2025-11-22;0;184
17;2025-11-22;1;21
17;2025-11-22;2;0
17;2025-11-22;3;0
17;2025-11-22;4;8
17;2025-11-22;5;156
17;2025-11-22;6;708
17;2025-11-22;7;1632
17;2025-11-22;8;2278
17;2025-11-22;9;2274
17;2025-11-22;10;2298
17;2025-11-22;11;2588
17;2025-11-22;12;2821
17;2025-11-22;13;3002
17;2025-11-22;14;2972
17;2025-11-22;15;3131
17;2025-11-22;16;3181
17;2025-11-22;17;3158
17;2025-11-22;18;3090
17;2025-11-22;19;2507
17;2025-11-22;20;1968
17;2025-11-22;21;1379
17;2025-11-22;22;882
17;2025-11-22;23;427
17;2025-11-23;0;175
17;2025-11-23;1;23
17;2025-11-23;2;0
17;2025-11-23;3;0
17;2025-11-23;4;7
17;2025-11-23;5;140
17;2025-11-23;6;610
17;2025-11-23;7;1331
17;2025-11-23;8;1919
17;2025-11-23;9;1997
17;2025-11-23;10;2033
17;2025-11-23;11;2369
17;2025-11-23;12;2680
17;2025-11-23;13;2895
17;2025-11-23;14;2928
17;2025-11-23;15;2990
17;2025-11-23;16;2927
17;2025-11-23;17;3028
17;2025-11-23;18;2886
17;2025-11-23;19;2274
17;2025-11-23;20;1727
17;2025-11-23;21;1209
17;2025-11-23;22;768
17;2025-11-23;23;337
17;2025-11-24;0;113
17;2025-11-24;1;13
17;2025-11-24;2;0
17;2025-11-24;3;0
17;2025-11-24;4;24
17;2025-11-24;5;302
17;2025-11-24;6;1475
17;2025-11-24;7;3853
17;2025-11-24;8;5140
17;2025-11-24;9;3632
17;2025-11-24;10;2790
17;2025-11-24;11;2778
17;2025-11-24;12;2812
17;2025-11-24;13;2871
17;2025-11-24;14;2929
17;2025-11-24;15;3108
17;2025-11-24;16;3505
17;2025-11-24;17;4285
17;2025-11-24;18;4741
17;2025-11-24;19;3403
17;2025-11-24;20;2317
17;2025-11-24;21;1382
17;2025-11-24;22;775
17;2025-11-24;23;337
17;2025-11-25;0;115
17;2025-11-25;1;10
17;2025-11-25;2;0
17;2025-11-25;3;0
17;2025-11-25;4;25
17;2025-11-25;5;309
17;2025-11-25;6;1505
17;2025-11-25;7;3952
17;2025-11-25;8;5264
17;2025-11-25;9;3760
17;2025-11-25;10;2886
17;2025-11-25;11;2815
17;2025-11-25;12;2917
17;2025-11-25;13;2950
17;2025-11-25;14;3044
17;2025-11-25;15;3123
17;2025-11-25;16;3525
17;2025-11-25;17;4385
17;2025-11-25;18;4831
17;2025-11-25;19;3426
17;2025-11-25;20;2360
17;2025-11-25;21;1438
17;2025-11-25;22;790
17;2025-11-25;23;360
17;2025-11-26;0;127
17;2025-11-26;1;12
17;2025-11-26;2;0
17;2025-11-26;3;0
17;2025-11-26;4;26
17;2025-11-26;5;313
17;2025-11-26;6;1496
17;2025-11-26;7;3911
17;2025-11-26;8;5147
17;2025-11-26;9;3680
17;2025-11-26;10;2909
17;2025-11-26;11;2858
17;2025-11-26;12;2905
17;2025-11-26;13;2986
17;2025-11-26;14;3025
17;2025-11-26;15;3178
17;2025-11-26;16;3555
17;2025-11-26;17;4330
17;2025-11-26;18;4770
17;2025-11-26;19;3385
17;2025-11-26;20;2324
17;2025-11-26;21;1483
17;2025-11-26;22;821
17;2025-11-26;23;387
17;2025-11-27;0;138
17;2025-11-27;1;12
17;2025-11-27;2;0
17;2025-11-27;3;0
17;2025-11-27;4;24
17;2025-11-27;5;310
17;2025-11-27;6;1492
17;2025-11-27;7;3863
17;2025-11-27;8;5185
17;2025-11-27;9;3704
17;2025-11-27;10;2927
17;2025-11-27;11;2855
17;2025-11-27;12;2917
17;2025-11-27;13;2966
17;2025-11-27;14;2991
17;2025-11-27;15;3176
17;2025-11-27;16;3569
17;2025-11-27;17;4377
17;2025-11-27;18;4736
17;2025-11-27;19;3421
17;2025-11-27;20;2359
17;2025-11-27;21;1492
17;2025-11-27;22;848
17;2025-11-27;23;401
17;2025-11-28;0;145
17;2025-11-28;1;15
17;2025-11-28;2;0
17;2025-11-28;3;0
17;2025-11-28;4;24
17;2025-11-28;5;306
17;2025-11-28;6;1487
17;2025-11-28;7;3811
17;2025-11-28;8;5081
17;2025-11-28;9;3662
17;2025-11-28;10;2888
17;2025-11-28;11;2871
17;2025-11-28;12;2924
17;2025-11-28;13;3032
17;2025-11-28;14;3081
17;2025-11-28;15;3340
17;2025-11-28;16;3901
17;2025-11-28;17;4406
17;2025-11-28;18;4358
17;2025-11-28;19;3214
17;2025-11-28;20;2274
17;2025-11-28;21;1548
17;2025-11-28;22;893
17;2025-11-28;23;440
17;2025-11-29;0;184
17;2025-11-29;1;21
17;2025-11-29;2;0
17;2025-11-29;3;0
17;2025-11-29;4;8
17;2025-11-29;5;156
17;2025-11-29;6;708
17;2025-11-29;7;1632
17;2025-11-29;8;2278
17;2025-11-29;9;2274
17;2025-11-29;10;2298
17;2025-11-29;11;2588
17;2025-11-29;12;2821
17;2025-11-29;13;3002
17;2025-11-29;14;2972
17;2025-11-29;15;3131
17;2025-11-29;16;3181
17;2025-11-29;17;3158
17;2025-11-29;18;3090
17;2025-11-29;19;2507
17;2025-11-29;20;1968
17;2025-11-29;21;1379
17;2025-11-29;22;882
17;2025-11-29;23;427
17;2025-11-30;0;175
17;2025-11-30;1;23
17;2025-11-30;2;0
17;2025-11-30;3;0
17;2025-11-30;4;7
17;2025-11-30;5;140
17;2025-11-30;6;610
17;2025-11-30;7;1331
17;2025-11-30;8;1919
17;2025-11-30;9;1997
17;2025-11-30;10;2033
17;2025-11-30;11;2369
17;2025-11-30;12;2680
17;2025-11-30;13;2895
17;2025-11-30;14;2928
17;2025-11-30;15;2990
17;2025-11-30;16;2927
17;2025-11-30;17;3028
17;2025-11-30;18;2886
17;2025-11-30;19;2274
17;2025-11-30;20;1727
17;2025-11-30;21;1209
17;2025-11-30;22;768
17;2025-11-30;23;337
17;2025-12-01;0;113
17;2025-12-01;1;13
17;2025-12-01;2;0
17;2025-12-01;3;0
17;2025-12-01;4;24
17;2025-12-01;5;302
17;2025-12-01;6;1475
17;2025-12-01;7;3853
17;2025-12-01;8;5140
17;2025-12-01;9;3632
17;2025-12-01;10;2790
17;2025-12-01;11;2778
17;2025-12-01;12;2812
17;2025-12-01;13;2871
17;2025-12-01;14;2929
17;2025-12-01;15;3108
17;2025-12-01;16;3505
17;2025-12-01;17;4285
17;2025-12-01;18;4741
17;2025-12-01;19;3403
17;2025-12-01;20;2317
17;2025-12-01;21;1382
17;2025-12-01;22;775
17;2025-12-01;23;337
17;2025-12-02;0;115
17;2025-12-02;1;10
17;2025-12-02;2;0
17;2025-12-02;3;0
17;2025-12-02;4;25
17;2025-12-02;5;309
17;2025-12-02;6;1505
17;2025-12-02;7;3952
17;2025-12-02;8;5264
17;2025-12-02;9;3760
17;2025-12-02;10;2886
17;2025-12-02;11;2815
17;2025-12-02;12;2917
17;2025-12-02;13;2950
17;2025-12-02;14;3044
17;2025-12-02;15;3123
17;2025-12-02;16;3525
17;2025-12-02;17;4385
17;2025-12-02;18;4831
17;2025-12-02;19;3426
17;2025-12-02;20;2360
17;2025-12-02;21;1438
17;2025-12-02;22;790
17;2025-12-02;23;360
17;2025-12-03;0;127
17;2025-12-03;1;12
17;2025-12-03;2;0
17;2025-12-03;3;0
17;2025-12-03;4;26
17;2025-12-03;5;313
17;2025-12-03;6;1496
17;2025-12-03;7;3911
17;2025-12-03;8;5147
17;2025-12-03;9;3680
17;2025-12-03;10;2909
17;2025-12-03;11;2858
17;2025-12-03;12;2905
17;2025-12-03;13;2986
17;2025-12-03;14;3025
17;2025-12-03;15;3178
17;2025-12-03;16;3555
17;2025-12-03;17;4330
17;2025-12-03;18;4770
17;2025-12-03;19;3385
17;2025-12-03;20;2324
17;2025-12-03;21;1483
17;2025-12-03;22;821
17;2025-12-03;23;387
17;2025-12-04;0;138
17;2025-12-04;1;12
17;2025-12-04;2;0
17;2025-12-04;3;0
17;2025-12-04;4;24
17;2025-12-04;5;310
17;2025-12-04;6;1492
17;2025-12-04;7;3863
17;2025-12-04;8;5185
17;2025-12-04;9;3704
17;2025-12-04;10;2927
17;2025-12-04;11;2855
17;2025-12-04;12;2917
17;2025-12-04;13;2966
17;2025-12-04;14;2991
17;2025-12-04;15;3176
17;2025-12-04;16;3569
17;2025-12-04;17;4377
17;2025-12-04;18;4736
17;2025-12-04;19;3421
17;2025-12-04;20;2359
17;2025-12-04;21;1492
17;2025-12-04;22;848
17;2025-12-04;23;401
17;2025-12-05;0;145
17;2025-12-05;1;15
17;2025-12-05;2;0
17;2025-12-05;3;0
17;2025-12-05;4;24
17;2025-12-05;5;306
17;2025-12-05;6;1487
17;2025-12-05;7;3811
17;2025-12-05;8;5081
17;2025-12-05;9;3662
17;2025-12-05;10;2888
17;2025-12-05;11;2871
17;2025-12-05;12;2924
17;2025-12-05;13;3032
17;2025-12-05;14;3081
17;2025-12-05;15;3340
17;2025-12-05;16;3901
17;2025-12-05;17;4406
17;2025-12-05;18;4358
17;2025-12-05;19;3214
17;2025-12-05;20;2274
17;2025-12-05;21;1548
17;2025-12-05;22;893
17;2025-12-05;23;440
17;2025-12-06;0;184
17;2025-12-06;1;21
17;2025-12-06;2;0
17;2025-12-06;3;0
17;2025-12-06;4;8
17;2025-12-06;5;156
17;2025-12-06;6;708
17;2025-12-06;7;1632
17;2025-12-06;8;2278
17;2025-12-06;9;2274
17;2025-12-06;10;2298
17;2025-12-06;11;2588
17;2025-12-06;12;2821
17;2025-12-06;13;3002
17;2025-12-06;14;2972
17;2025-12-06;15;3131
17;2025-12-06;16;3181
17;2025-12-06;17;3158
17;2025-12-06;18;3090
17;2025-12-06;19;2507
17;2025-12-06;20;1968
17;2025-12-06;21;1379
17;2025-12-06;22;882
17;2025-12-06;23;427
17;2025-12-07;0;175
17;2025-12-07;1;23
17;2025-12-07;2;0
17;2025-12-07;3;0
17;2025-12-07;4;7
17;2025-12-07;5;140
17;2025-12-07;6;610
17;2025-12-07;7;1331
17;2025-12-07;8;1919
17;2025-12-07;9;1997
17;2025-12-07;10;2033
17;2025-12-07;11;2369
17;2025-12-07;12;2680
17;2025-12-07;13;2895
17;2025-12-07;14;2928
17;2025-12-07;15;2990
17;2025-12-07;16;2927
17;2025-12-07;17;3028
17;2025-12-07;18;2886
17;2025-12-07;19;2274
17;2025-12-07;20;1727
17;2025-12-07;21;1209
17;2025-12-07;22;768
17;2025-12-07;23;337
17;2025-12-08;0;113
17;2025-12-08;1;13
17;2025-12-08;2;0
17;2025-12-08;3;0
17;2025-12-08;4;24
17;2025-12-08;5;302
17;2025-12-08;6;1475
17;2025-12-08;7;3853
17;2025-12-08;8;5140
17;2025-12-08;9;3632
17;2025-12-08;10;2790
17;2025-12-08;11;2778
17;2025-12-08;12;2812
17;2025-12-08;13;2871
17;2025-12-08;14;2929
17;2025-12-08;15;3108
17;2025-12-08;16;3505
17;2025-12-08;17;4285
17;2025-12-08;18;4741
17;2025-12-08;19;3403
17;2025-12-08;20;2317
17;2025-12-08;21;1382
17;2025-12-08;22;775
17;2025-12-08;23;337
17;2025-12-09;0;115
17;2025-12-09;1;10
17;2025-12-09;2;0
17;2025-12-09;3;0
17;2025-12-09;4;25
17;2025-12-09;5;309
17;2025-12-09;6;1505
17;2025-12-09;7;3952
17;2025-12-09;8;5264
17;2025-12-09;9;3760
17;2025-12-09;10;2886
17;2025-12-09;11;2815
17;2025-12-09;12;2917
17;2025-12-09;13;2950
17;2025-12-09;14;3044
17;2025-12-09;15;3123
17;2025-12-09;16;3525
17;2025-12-09;17;4385
17;2025-12-09;18;4831
17;2025-12-09;19;3426
17;2025-12-09;20;2360
17;2025-12-09;21;1438
17;2025-12-09;22;790
17;2025-12-09;23;360
17;2025-12-10;0;127
17;2025-12-10;1;12
17;2025-12-10;2;0
17;2025-12-10;3;0
17;2025-12-10;4;26
17;2025-12-10;5;313
17;2025-12-10;6;1496
17;2025-12-10;7;3911
17;2025-12-10;8;5147
17;2025-12-10;9;3680
17;2025-12-10;10;2909
17;2025-12-10;11;2858
17;2025-12-10;12;2905
17;2025-12-10;13;2986
17;2025-12-10;14;3025
17;2025-12-10;15;3178
17;2025-12-10;16;3555
17;2025-12-10;17;4330
17;2025-12-10;18;4770
17;2025-12-10;19;3385
17;2025-12-10;20;2324
17;2025-12-10;21;1483
17;2025-12-10;22;821
17;2025-12-10;23;387
17;2025-12-11;0;138
17;2025-12-11;1;12
17;2025-12-11;2;0
17;2025-12-11;3;0
17;2025-12-11;4;24
17;2025-12-11;5;310
17;2025-12-11;6;1492
17;2025-12-11;7;3863
17;2025-12-11;8;5185
17;2025-12-11;9;3704
17;2025-12-11;10;2927
17;2025-12-11;11;2855
17;2025-12-11;12;2917
17;2025-12-11;13;2966
17;2025-12-11;14;2991
17;2025-12-11;15;3176
17;2025-12-11;16;3569
17;2025-12-11;17;4377
17;2025-12-11;18;4736
17;2025-12-11;19;3421
17;2025-12-11;20;2359
17;2025-12-11;21;1492
17;2025-12-11;22;848
17;2025-12-11;23;401
17;2025-12-12;0;145
17;2025-12-12;1;15
17;2025-12-12;2;0
17;2025-12-12;3;0
17;2025-12-12;4;24
17;2025-12-12;5;306
17;2025-12-12;6;1487
17;2025-12-12;7;3811
17;2025-12-12;8;5081
17;2025-12-12;9;3662
17;2025-12-12;10;2888
17;2025-12-12;11;2871
17;2025-12-12;12;2924
17;2025-12-12;13;3032
17;2025-12-12;14;3081
17;2025-12-12;15;3340
17;2025-12-12;16;3901
17;2025-12-12;17;4406
17;2025-12-12;18;4358
17;2025-12-12;19;3214
17;2025-12-12;20;2274
17;2025-12-12;21;1548
17;2025-12-12;22;893
17;2025-12-12;23;440
17;2025-12-13;0;184
17;2025-12-13;1;21
17;2025-12-13;2;0
17;2025-12-13;3;0
17;2025-12-13;4;8
17;2025-12-13;5;156
17;2025-12-13;6;708
17;2025-12-13;7;1632
17;2025-12-13;8;2278
17;2025-12-13;9;2274
17;2025-12-13;10;2298
17;2025-12-13;11;2588
17;2025-12-13;12;2821
17;2025-12-13;13;3002
17;2025-12-13;14;2972
17;2025-12-13;15;3131
17;2025-12-13;16;3181
17;2025-12-13;17;3158
17;2025-12-13;18;3090
17;2025-12-13;19;2507
17;2025-12-13;20;1968
17;2025-12-13;21;1379
17;2025-12-13;22;882
17;2025-12-13;23;427
17;2025-12-14;0;175
17;2025-12-14;1;23
17;2025-12-14;2;0
17;2025-12-14;3;0
17;2025-12-14;4;7
17;2025-12-14;5;140
17;2025-12-14;6;610
17;2025-12-14;7;1331
17;2025-12-14;8;1919
17;2025-12-14;9;1997
17;2025-12-14;10;2033
17;2025-12-14;11;2369
17;2025-12-14;12;2680
17;2025-12-14;13;2895
17;2025-12-14;14;2928
17;2025-12-14;15;2990
17;2025-12-14;16;2927
17;2025-12-14;17;3028
17;2025-12-14;18;2886
17;2025-12-14;19;2274
17;2025-12-14;20;1727
17;2025-12-14;21;1209
17;2025-12-14;22;768
17;2025-12-14;23;337
17;2025-12-15;0;113
17;2025-12-15;1;13
17;2025-12-15;2;0
17;2025-12-15;3;0
17;2025-12-15;4;24
17;2025-12-15;5;302
17;2025-12-15;6;1475
17;2025-12-15;7;3853
17;2025-12-15;8;5140
17;2025-12-15;9;3632
17;2025-12-15;10;2790
17;2025-12-15;11;2778
17;2025-12-15;12;2812
17;2025-12-15;13;2871
17;2025-12-15;14;2929
17;2025-12-15;15;3108
17;2025-12-15;16;3505
17;2025-12-15;17;4285
17;2025-12-15;18;4741
17;2025-12-15;19;3403
17;2025-12-15;20;2317
17;2025-12-15;21;1382
17;2025-12-15;22;775
17;2025-12-15;23;337
17;2025-12-16;0;115
17;2025-12-16;1;10
17;2025-12-16;2;0
17;2025-12-16;3;0
17;2025-12-16;4;25
17;2025-12-16;5;309
17;2025-12-16;6;1505
17;2025-12-16;7;3952
17;2025-12-16;8;5264
17;2025-12-16;9;3760
17;2025-12-16;10;2886
17;2025-12-16;11;2815
17;2025-12-16;12;2917
17;2025-12-16;13;2950
17;2025-12-16;14;3044
17;2025-12-16;15;3123
17;2025-12-16;16;3525
17;2025-12-16;17;4385
17;2025-12-16;18;4831
17;2025-12-16;19;3426
17;2025-12-16;20;2360
17;2025-12-16;21;1438
17;2025-12-16;22;790
17;2025-12-16;23;360
17;2025-12-17;0;127
17;2025-12-17;1;12
17;2025-12-17;2;0
17;2025-12-17;3;0
17;2025-12-17;4;26
17;2025-12-17;5;313
17;2025-12-17;6;1496
17;2025-12-17;7;3911
17;2025-12-17;8;5147
17;2025-12-17;9;3680
17;2025-12-17;10;2909
17;2025-12-17;11;2858
17;2025-12-17;12;2905
17;2025-12-17;13;2986
17;2025-12-17;14;3025
17;2025-12-17;15;3178
17;2025-12-17;16;3555
17;2025-12-17;17;4330
17;2025-12-17;18;4770
17;2025-12-17;19;3385
17;2025-12-17;20;2324
17;2025-12-17;21;1483
17;2025-12-17;22;821
17;2025-12-17;23;387
17;2025-12-18;0;138
17;2025-12-18;1;12
17;2025-12-18;2;0
17;2025-12-18;3;0
17;2025-12-18;4;24
17;2025-12-18;5;310
17;2025-12-18;6;1492
17;2025-12-18;7;3863
17;2025-12-18;8;5185
17;2025-12-18;9;3704
17;2025-12-18;10;2927
17;2025-12-18;11;2855
17;2025-12-18;12;2917
17;2025-12-18;13;2966
17;2025-12-18;14;2991
17;2025-12-18;15;3176
17;2025-12-18;16;3569
17;2025-12-18;17;4377
17;2025-12-18;18;4736
17;2025-12-18;19;3421
17;2025-12-18;20;2359
17;2025-12-18;21;1492
17;2025-12-18;22;848
17;2025-12-18;23;401
17;2025-12-19;0;145
17;2025-12-19;1;15
17;2025-12-19;2;0
17;2025-12-19;3;0
17;2025-12-19;4;24
17;2025-12-19;5;306
17;2025-12-19;6;1487
17;2025-12-19;7;3811
17;2025-12-19;8;5081
17;2025-12-19;9;3662
17;2025-12-19;10;2888
17;2025-12-19;11;2871
17;2025-12-19;12;2924
17;2025-12-19;13;3032
17;2025-12-19;14;3081
17;2025-12-19;15;3340
17;2025-12-19;16;3901
17;2025-12-19;17;4406
17;2025-12-19;18;4358
17;2025-12-19;19;3214
17;2025-12-19;20;2274
17;2025-12-19;21;1548
17;2025-12-19;22;893
17;2025-12-19;23;440
17;2025-12-20;0;184
17;2025-12-20;1;21
17;2025-12-20;2;0
17;2025-12-20;3;0
17;2025-12-20;4;8
17;2025-12-20;5;156
17;2025-12-20;6;708
17;2025-12-20;7;1632
17;2025-12-20;8;2278
17;2025-12-20;9;2274
17;2025-12-20;10;2298
17;2025-12-20;11;2588
17;2025-12-20;12;2821
17;2025-12-20;13;3002
17;2025-12-20;14;2972
17;2025-12-20;15;3131
17;2025-12-20;16;3181
17;2025-12-20;17;3158
17;2025-12-20;18;3090
17;2025-12-20;19;2507
17;2025-12-20;20;1968
17;2025-12-20;21;1379
17;2025-12-20;22;882
17;2025-12-20;23;427
17;2025-12-21;0;175
17;2025-12-21;1;23
17;2025-12-21;2;0
17;2025-12-21;3;0
17;2025-12-21;4;7
17;2025-12-21;5;140
17;2025-12-21;6;610
17;2025-12-21;7;1331
17;2025-12-21;8;1919
17;2025-12-21;9;1997
17;2025-12-21;10;2033
17;2025-12-21;11;2369
17;2025-12-21;12;2680
17;2025-12-21;13;2895
17;2025-12-21;14;2928
17;2025-12-21;15;2990
17;2025-12-21;16;2927
17;2025-12-21;17;3028
17;2025-12-21;18;2886
17;2025-12-21;19;2274
17;2025-12-21;20;1727
17;2025-12-21;21;1209
17;2025-12-21;22;768
17;2025-12-21;23;337
17;2025-12-22;0;113
17;2025-12-22;1;13
17;2025-12-22;2;0
17;2025-12-22;3;0
17;2025-12-22;4;24
17;2025-12-22;5;302
17;2025-12-22;6;1475
17;2025-12-22;7;3853
17;2025-12-22;8;5140
17;2025-12-22;9;3632
17;2025-12-22;10;2790
17;2025-12-22;11;2778
17;2025-12-22;12;2812
17;2025-12-22;13;2871
17;2025-12-22;14;2929
17;2025-12-22;15;3108
17;2025-12-22;16;3505
17;2025-12-22;17;4285
17;2025-12-22;18;4741
17;2025-12-22;19;3403
17;2025-12-22;20;2317
17;2025-12-22;21;1382
17;2025-12-22;22;775
17;2025-12-22;23;337
17;2025-12-23;0;115
17;2025-12-23;1;10
17;2025-12-23;2;0
17;2025-12-23;3;0
17;2025-12-23;4;25
17;2025-12-23;5;309
17;2025-12-23;6;1505
17;2025-12-23;7;3952
17;2025-12-23;8;5264
17;2025-12-23;9;3760
17;2025-12-23;10;2886
17;2025-12-23;11;2815
17;2025-12-23;12;2917
17;2025-12-23;13;2950
17;2025-12-23;14;3044
17;2025-12-23;15;3123
17;2025-12-23;16;3525
17;2025-12-23;17;4385
17;2025-12-23;18;4831
17;2025-12-23;19;3426
17;2025-12-23;20;2360
17;2025-12-23;21;1438
17;2025-12-23;22;790
17;2025-12-23;23;360
17;2025-12-24;0;127
17;2025-12-24;1;12
17;2025-12-24;2;0
17;2025-12-24;3;0
17;2025-12-24;4;26
17;2025-12-24;5;313
17;2025-12-24;6;1496
17;2025-12-24;7;3911
17;2025-12-24;8;5147
17;2025-12-24;9;3680
17;2025-12-24;10;2909
17;2025-12-24;11;2858
17;2025-12-24;12;2905
17;2025-12-24;13;2986
17;2025-12-24;14;3025
17;2025-12-24;15;3178
17;2025-12-24;16;3555
17;2025-12-24;17;4330
17;2025-12-24;18;4770
17;2025-12-24;19;3385
17;2025-12-24;20;2324
17;2025-12-24;21;1483
17;2025-12-24;22;821
17;2025-12-24;23;387
17;2025-12-25;0;138
17;2025-12-25;1;12
17;2025-12-25;2;0
17;2025-12-25;3;0
17;2025-12-25;4;24
17;2025-12-25;5;310
17;2025-12-25;6;1492
17;2025-12-25;7;3863
17;2025-12-25;8;5185
17;2025-12-25;9;3704
17;2025-12-25;10;2927
17;2025-12-25;11;2855
17;2025-12-25;12;2917
17;2025-12-25;13;2966
17;2025-12-25;14;2991
17;2025-12-25;15;3176
17;2025-12-25;16;3569
17;2025-12-25;17;4377
17;2025-12-25;18;4736
17;2025-12-25;19;3421
17;2025-12-25;20;2359
17;2025-12-25;21;1492
17;2025-12-25;22;848
17;2025-12-25;23;401
17;2025-12-26;0;145
17;2025-12-26;1;15
17;2025-12-26;2;0
17;2025-12-26;3;0
17;2025-12-26;4;24
17;2025-12-26;5;306
17;2025-12-26;6;1487
17;2025-12-26;7;3811
17;2025-12-26;8;5081
17;2025-12-26;9;3662
17;2025-12-26;10;2888
17;2025-12-26;11;2871
17;2025-12-26;12;2924
17;2025-12-26;13;3032
17;2025-12-26;14;3081
17;2025-12-26;15;3340
17;2025-12-26;16;3901
17;2025-12-26;17;4406
17;2025-12-26;18;4358
17;2025-12-26;19;3214
17;2025-12-26;20;2274
17;2025-12-26;21;1548
17;2025-12-26;22;893
17;2025-12-26;23;440
17;2025-12-27;0;184
17;2025-12-27;1;21
17;2025-12-27;2;0
17;2025-12-27;3;0
17;2025-12-27;4;8
17;2025-12-27;5;156
17;2025-12-27;6;708
17;2025-12-27;7;1632
17;2025-12-27;8;2278
17;2025-12-27;9;2274
17;2025-12-27;10;2298
17;2025-12-27;11;2588
17;2025-12-27;12;2821
17;2025-12-27;13;3002
17;2025-12-27;14;2972
17;2025-12-27;15;3131
17;2025-12-27;16;3181
17;2025-12-27;17;3158
17;2025-12-27;18;3090
17;2025-12-27;19;2507
17;2025-12-27;20;1968
17;2025-12-27;21;1379
17;2025-12-27;22;882
17;2025-12-27;23;427
17;2025-12-28;0;175
17;2025-12-28;1;23
17;2025-12-28;2;0
17;2025-12-28;3;0
17;2025-12-28;4;7
17;2025-12-28;5;140
17;2025-12-28;6;610
17;2025-12-28;7;1331
17;2025-12-28;8;1919
17;2025-12-28;9;1997
17;2025-12-28;10;2033
17;2025-12-28;11;2369
17;2025-12-28;12;2680
17;2025-12-28;13;2895
17;2025-12-28;14;2928
17;2025-12-28;15;2990
17;2025-12-28;16;2927
17;2025-12-28;17;3028
17;2025-12-28;18;2886
17;2025-12-28;19;2274
17;2025-12-28;20;1727
17;2025-12-28;21;1209
17;2025-12-28;22;768
17;2025-12-28;23;337
17;2025-12-29;0;113
17;2025-12-29;1;13
17;2025-12-29;2;0
17;2025-12-29;3;0
17;2025-12-29;4;24
17;2025-12-29;5;302
17;2025-12-29;6;1475
17;2025-12-29;7;3853
17;2025-12-29;8;5140
17;2025-12-29;9;3632
17;2025-12-29;10;2790
17;2025-12-29;11;2778
17;2025-12-29;12;2812
17;2025-12-29;13;2871
17;2025-12-29;14;2929
17;2025-12-29;15;3108
17;2025-12-29;16;3505
17;2025-12-29;17;4285
17;2025-12-29;18;4741
17;2025-12-29;19;3403
17;2025-12-29;20;2317
17;2025-12-29;21;1382
17;2025-12-29;22;775
17;2025-12-29;23;337
17;2025-12-30;0;115
17;2025-12-30;1;10
17;2025-12-30;2;0
17;2025-12-30;3;0
17;2025-12-30;4;25
17;2025-12-30;5;309
17;2025-12-30;6;1505
17;2025-12-30;7;3952
17;2025-12-30;8;5264
17;2025-12-30;9;3760
17;2025-12-30;10;2886
17;2025-12-30;11;2815
17;2025-12-30;12;2917
17;2025-12-30;13;2950
17;2025-12-30;14;3044
17;2025-12-30;15;3123
17;2025-12-30;16;3525
17;2025-12-30;17;4385
17;2025-12-30;18;4831
17;2025-12-30;19;3426
17;2025-12-30;20;2360
17;2025-12-30;21;1438
17;2025-12-30;22;790
17;2025-12-30;23;360
17;2025-12-31;0;175
17;2025-12-31;1;23
17;2025-12-31;2;0
17;2025-12-31;3;0
17;2025-12-31;4;7
17;2025-12-31;5;140
17;2025-12-31;6;610
17;2025-12-31;7;1331
17;2025-12-31;8;1919
17;2025-12-31;9;1997
17;2025-12-31;10;2033
17;2025-12-31;11;2369
17;2025-12-31;12;2680
17;2025-12-31;13;2895
17;2025-12-31;14;2928
17;2025-12-31;15;2990
17;2025-12-31;16;2927
17;2025-12-31;17;3028
17;2025-12-31;18;2886
17;2025-12-31;19;2274
17;2025-12-31;20;1727
17;2025-12-31;21;1209
17;2025-12-31;22;768
17;2025-12-31;23;337
25;2025-11-01;0;6
25;2025-11-01;1;0
25;2025-11-01;2;0
25;2025-11-01;3;0
25;2025-11-01;4;0
25;2025-11-01;5;3
25;2025-11-01;6;143
25;2025-11-01;7;492
25;2025-11-01;8;821
25;2025-11-01;9;428
25;2025-11-01;10;308
25;2025-11-01;11;359
25;2025-11-01;12;365
25;2025-11-01;13;469
25;2025-11-01;14;379
25;2025-11-01;15;466
25;2025-11-01;16;607
25;2025-11-01;17;666
25;2025-11-01;18;711
25;2025-11-01;19;439
25;2025-11-01;20;287
25;2025-11-01;21;195
25;2025-11-01;22;111
25;2025-11-01;23;8
25;2025-11-02;0;13
25;2025-11-02;1;0
25;2025-11-02;2;0
25;2025-11-02;3;0
25;2025-11-02;4;0
25;2025-11-02;5;2
25;2025-11-02;6;59
25;2025-11-02;7;164
25;2025-11-02;8;290
25;2025-11-02;9;225
25;2025-11-02;10;224
25;2025-11-02;11;276
25;2025-11-02;12;323
25;2025-11-02;13;397
25;2025-11-02;14;416
25;2025-11-02;15;514
25;2025-11-02;16;457
25;2025-11-02;17;440
25;2025-11-02;18;438
25;2025-11-02;19;328
25;2025-11-02;20;231
25;2025-11-02;21;187
25;2025-11-02;22;110
25;2025-11-02;23;34
25;2025-11-03;0;13
25;2025-11-03;1;0
25;2025-11-03;2;0
25;2025-11-03;3;0
25;2025-11-03;4;0
25;2025-11-03;5;2
25;2025-11-03;6;59
25;2025-11-03;7;164
25;2025-11-03;8;290
25;2025-11-03;9;225
25;2025-11-03;10;224
25;2025-11-03;11;276
25;2025-11-03;12;323
25;2025-11-03;13;397
25;2025-11-03;14;416
25;2025-11-03;15;514
25;2025-11-03;16;457
25;2025-11-03;17;440
25;2025-11-03;18;438
25;2025-11-03;19;328
25;2025-11-03;20;231
25;2025-11-03;21;187
25;2025-11-03;22;110
25;2025-11-03;23;34
25;2025-11-04;0;13
25;2025-11-04;1;0
25;2025-11-04;2;0
25;2025-11-04;3;0
25;2025-11-04;4;0
25;2025-11-04;5;2
25;2025-11-04;6;59
25;2025-11-04;7;164
25;2025-11-04;8;290
25;2025-11-04;9;225
25;2025-11-04;10;224
25;2025-11-04;11;276
25;2025-11-04;12;323
25;2025-11-04;13;397
25;2025-11-04;14;416
25;2025-11-04;15;514
25;2025-11-04;16;457
25;2025-11-04;17;440
25;2025-11-04;18;438
25;2025-11-04;19;328
25;2025-11-04;20;231
25;2025-11-04;21;187
25;2025-11-04;22;110
25;2025-11-04;23;34
25;2025-11-05;0;0
25;2025-11-05;1;0
25;2025-11-05;2;0
25;2025-11-05;3;0
25;2025-11-05;4;0
25;2025-11-05;5;3
25;2025-11-05;6;144
25;2025-11-05;7;486
25;2025-11-05;8;844
25;2025-11-05;9;434
25;2025-11-05;10;319
25;2025-11-05;11;384
25;2025-11-05;12;388
25;2025-11-05;13;504
25;2025-11-05;14;414
25;2025-11-05;15;481
25;2025-11-05;16;610
25;2025-11-05;17;667
25;2025-11-05;18;732
25;2025-11-05;19;455
25;2025-11-05;20;315
25;2025-11-05;21;202
25;2025-11-05;22;114
25;2025-11-05;23;8
25;2025-11-06;0;0
25;2025-11-06;1;0
25;2025-11-06;2;0
25;2025-11-06;3;0
25;2025-11-06;4;0
25;2025-11-06;5;4
25;2025-11-06;6;141
25;2025-11-06;7;482
25;2025-11-06;8;825
25;2025-11-06;9;425
25;2025-11-06;10;334
25;2025-11-06;11;378
25;2025-11-06;12;371
25;2025-11-06;13;462
25;2025-11-06;14;431
25;2025-11-06;15;515
25;2025-11-06;16;584
25;2025-11-06;17;674
25;2025-11-06;18;700
25;2025-11-06;19;463
25;2025-11-06;20;293
25;2025-11-06;21;202
25;2025-11-06;22;121
25;2025-11-06;23;10
25;2025-11-07;0;0
25;2025-11-07;1;0
25;2025-11-07;2;0
25;2025-11-07;3;0
25;2025-11-07;4;0
25;2025-11-07;5;2
25;2025-11-07;6;141
25;2025-11-07;7;482
25;2025-11-07;8;790
25;2025-11-07;9;413
25;2025-11-07;10;322
25;2025-11-07;11;394
25;2025-11-07;12;378
25;2025-11-07;13;490
25;2025-11-07;14;463
25;2025-11-07;15;557
25;2025-11-07;16;656
25;2025-11-07;17;690
25;2025-11-07;18;620
25;2025-11-07;19;422
25;2025-11-07;20;285
25;2025-11-07;21;201
25;2025-11-07;22;121
25;2025-11-07;23;10
25;2025-11-08;0;0
25;2025-11-08;1;0
25;2025-11-08;2;0
25;2025-11-08;3;0
25;2025-11-08;4;0
25;2025-11-08;5;1
25;2025-11-08;6;62
25;2025-11-08;7;189
25;2025-11-08;8;352
25;2025-11-08;9;264
25;2025-11-08;10;259
25;2025-11-08;11;328
25;2025-11-08;12;342
25;2025-11-08;13;463
25;2025-11-08;14;448
25;2025-11-08;15;558
25;2025-11-08;16;512
25;2025-11-08;17;468
25;2025-11-08;18;472
25;2025-11-08;19;390
25;2025-11-08;20;268
25;2025-11-08;21;201
25;2025-11-08;22;130
25;2025-11-08;23;44
25;2025-11-09;0;13
25;2025-11-09;1;0
25;2025-11-09;2;0
25;2025-11-09;3;0
25;2025-11-09;4;0
25;2025-11-09;5;2
25;2025-11-09;6;59
25;2025-11-09;7;164
25;2025-11-09;8;290
25;2025-11-09;9;225
25;2025-11-09;10;224
25;2025-11-09;11;276
25;2025-11-09;12;323
25;2025-11-09;13;397
25;2025-11-09;14;416
25;2025-11-09;15;514
25;2025-11-09;16;457
25;2025-11-09;17;440
25;2025-11-09;18;438
25;2025-11-09;19;328
25;2025-11-09;20;231
25;2025-11-09;21;187
25;2025-11-09;22;110
25;2025-11-09;23;34
25;2025-11-10;0;6
25;2025-11-10;1;0
25;2025-11-10;2;0
25;2025-11-10;3;0
25;2025-11-10;4;0
25;2025-11-10;5;3
25;2025-11-10;6;143
25;2025-11-10;7;492
25;2025-11-10;8;821
25;2025-11-10;9;428
25;2025-11-10;10;308
25;2025-11-10;11;359
25;2025-11-10;12;365
25;2025-11-10;13;469
25;2025-11-10;14;379
25;2025-11-10;15;466
25;2025-11-10;16;607
25;2025-11-10;17;666
25;2025-11-10;18;711
25;2025-11-10;19;439
25;2025-11-10;20;287
25;2025-11-10;21;195
25;2025-11-10;22;111
25;2025-11-10;23;8
25;2025-11-11;0;0
25;2025-11-11;1;0
25;2025-11-11;2;0
25;2025-11-11;3;0
25;2025-11-11;4;0
25;2025-11-11;5;3
25;2025-11-11;6;147
25;2025-11-11;7;496
25;2025-11-11;8;817
25;2025-11-11;9;445
25;2025-11-11;10;346
25;2025-11-11;11;392
25;2025-11-11;12;356
25;2025-11-11;13;450
25;2025-11-11;14;426
25;2025-11-11;15;488
25;2025-11-11;16;604
25;2025-11-11;17;657
25;2025-11-11;18;710
25;2025-11-11;19;453
25;2025-11-11;20;291
25;2025-11-11;21;193
25;2025-11-11;22;110
25;2025-11-11;23;9
25;2025-11-12;0;0
25;2025-11-12;1;0
25;2025-11-12;2;0
25;2025-11-12;3;0
25;2025-11-12;4;0
25;2025-11-12;5;3
25;2025-11-12;6;144
25;2025-11-12;7;486
25;2025-11-12;8;844
25;2025-11-12;9;434
25;2025-11-12;10;319
25;2025-11-12;11;384
25;2025-11-12;12;388
25;2025-11-12;13;504
25;2025-11-12;14;414
25;2025-11-12;15;481
25;2025-11-12;16;610
25;2025-11-12;17;667
25;2025-11-12;18;732
25;2025-11-12;19;455
25;2025-11-12;20;315
25;2025-11-12;21;202
25;2025-11-12;22;114
25;2025-11-12;23;8
25;2025-11-13;0;0
25;2025-11-13;1;0
25;2025-11-13;2;0
25;2025-11-13;3;0
25;2025-11-13;4;0
25;2025-11-13;5;4
25;2025-11-13;6;141
25;2025-11-13;7;482
25;2025-11-13;8;825
25;2025-11-13;9;425
25;2025-11-13;10;334
25;2025-11-13;11;378
25;2025-11-13;12;371
25;2025-11-13;13;462
25;2025-11-13;14;431
25;2025-11-13;15;515
25;2025-11-13;16;584
25;2025-11-13;17;674
25;2025-11-13;18;700
25;2025-11-13;19;463
25;2025-11-13;20;293
25;2025-11-13;21;202
25;2025-11-13;22;121
25;2025-11-13;23;10
25;2025-11-14;0;0
25;2025-11-14;1;0
25;2025-11-14;2;0
25;2025-11-14;3;0
25;2025-11-14;4;0
25;2025-11-14;5;2
25;2025-11-14;6;141
25;2025-11-14;7;482
25;2025-11-14;8;790
25;2025-11-14;9;413
25;2025-11-14;10;322
25;2025-11-14;11;394
25;2025-11-14;12;378
25;2025-11-14;13;490
25;2025-11-14;14;463
25;2025-11-14;15;557
25;2025-11-14;16;656
25;2025-11-14;17;690
25;2025-11-14;18;620
25;2025-11-14;19;422
25;2025-11-14;20;285
25;2025-11-14;21;201
25;2025-11-14;22;121
25;2025-11-14;23;10
25;2025-11-15;0;0
25;2025-11-15;1;0
25;2025-11-15;2;0
25;2025-11-15;3;0
25;2025-11-15;4;0
25;2025-11-15;5;1
25;2025-11-15;6;62
25;2025-11-15;7;189
25;2025-11-15;8;352
25;2025-11-15;9;264
25;2025-11-15;10;259
25;2025-11-15;11;328
25;2025-11-15;12;342
25;2025-11-15;13;463
25;2025-11-15;14;448
25;2025-11-15;15;558
25;2025-11-15;16;512
25;2025-11-15;17;468
25;2025-11-15;18;472
25;2025-11-15;19;390
25;2025-11-15;20;268
25;2025-11-15;21;201
25;2025-11-15;22;130
25;2025-11-15;23;44
25;2025-11-16;0;13
25;2025-11-16;1;0
25;2025-11-16;2;0
25;2025-11-16;3;0
25;2025-11-16;4;0
25;2025-11-16;5;2
25;2025-11-16;6;59
25;2025-11-16;7;164
25;2025-11-16;8;290
25;2025-11-16;9;225
25;2025-11-16;10;224
25;2025-11-16;11;276
25;2025-11-16;12;323
25;2025-11-16;13;397
25;2025-11-16;14;416
25;2025-11-16;15;514
25;2025-11-16;16;457
25;2025-11-16;17;440
25;2025-11-16;18;438
25;2025-11-16;19;328
25;2025-11-16;20;231
25;2025-11-16;21;187
25;2025-11-16;22;110
25;2025-11-16;23;34
25;2025-11-17;0;6
25;2025-11-17;1;0
25;2025-11-17;2;0
25;2025-11-17;3;0
25;2025-11-17;4;0
25;2025-11-17;5;3
25;2025-11-17;6;143
25;2025-11-17;7;492
25;2025-11-17;8;821
25;2025-11-17;9;428
25;2025-11-17;10;308
25;2025-11-17;11;359
25;2025-11-17;12;365
25;2025-11-17;13;469
25;2025-11-17;14;379
25;2025-11-17;15;466
25;2025-11-17;16;607
25;2025-11-17;17;666
25;2025-11-17;18;711
25;2025-11-17;19;439
25;2025-11-17;20;287
25;2025-11-17;21;195
25;2025-11-17;22;111
25;2025-11-17;23;8
25;2025-11-18;0;0
25;2025-11-18;1;0
25;2025-11-18;2;0
25;2025-11-18;3;0
25;2025-11-18;4;0
25;2025-11-18;5;3
25;2025-11-18;6;147
25;2025-11-18;7;496
25;2025-11-18;8;817
25;2025-11-18;9;445
25;2025-11-18;10;346
25;2025-11-18;11;392
25;2025-11-18;12;356
25;2025-11-18;13;450
25;2025-11-18;14;426
25;2025-11-18;15;488
25;2025-11-18;16;604
25;2025-11-18;17;657
25;2025-11-18;18;710
25;2025-11-18;19;453
25;2025-11-18;20;291
25;2025-11-18;21;193
25;2025-11-18;22;110
25;2025-11-18;23;9
25;2025-11-19;0;0
25;2025-11-19;1;0
25;2025-11-19;2;0
25;2025-11-19;3;0
25;2025-11-19;4;0
25;2025-11-19;5;3
25;2025-11-19;6;144
25;2025-11-19;7;486
25;2025-11-19;8;844
25;2025-11-19;9;434
25;2025-11-19;10;319
25;2025-11-19;11;384
25;2025-11-19;12;388
25;2025-11-19;13;504
25;2025-11-19;14;414
25;2025-11-19;15;481
25;2025-11-19;16;610
25;2025-11-19;17;667
25;2025-11-19;18;732
25;2025-11-19;19;455
25;2025-11-19;20;315
25;2025-11-19;21;202
25;2025-11-19;22;114
25;2025-11-19;23;8
25;2025-11-20;0;0
25;2025-11-20;1;0
25;2025-11-20;2;0
25;2025-11-20;3;0
25;2025-11-20;4;0
25;2025-11-20;5;4
25;2025-11-20;6;141
25;2025-11-20;7;482
25;2025-11-20;8;825
25;2025-11-20;9;425
25;2025-11-20;10;334
25;2025-11-20;11;378
25;2025-11-20;12;371
25;2025-11-20;13;462
25;2025-11-20;14;431
25;2025-11-20;15;515
25;2025-11-20;16;584
25;2025-11-20;17;674
25;2025-11-20;18;700
25;2025-11-20;19;463
25;2025-11-20;20;293
25;2025-11-20;21;202
25;2025-11-20;22;121
25;2025-11-20;23;10
25;2025-11-21;0;0
25;2025-11-21;1;0
25;2025-11-21;2;0
25;2025-11-21;3;0
25;2025-11-21;4;0
25;2025-11-21;5;2
25;2025-11-21;6;141
25;2025-11-21;7;482
25;2025-11-21;8;790
25;2025-11-21;9;413
25;2025-11-21;10;322
25;2025-11-21;11;394
25;2025-11-21;12;378
25;2025-11-21;13;490
25;2025-11-21;14;463
25;2025-11-21;15;557
25;2025-11-21;16;656
25;2025-11-21;17;690
25;2025-11-21;18;620
25;2025-11-21;19;422
25;2025-11-21;20;285
25;2025-11-21;21;201
25;2025-11-21;22;121
25;2025-11-21;23;10
25;2025-11-22;0;0
25;2025-11-22;1;0
25;2025-11-22;2;0
25;2025-11-22;3;0
25;2025-11-22;4;0
25;2025-11-22;5;1
25;2025-11-22;6;62
25;2025-11-22;7;189
25;2025-11-22;8;352
25;2025-11-22;9;264
25;2025-11-22;10;259
25;2025-11-22;11;328
25;2025-11-22;12;342
25;2025-11-22;13;463
25;2025-11-22;14;448
25;2025-11-22;15;558
25;2025-11-22;16;512
25;2025-11-22;17;468
25;2025-11-22;18;472
25;2025-11-22;19;390
25;2025-11-22;20;268
25;2025-11-22;21;201
25;2025-11-22;22;130
25;2025-11-22;23;44
25;2025-11-23;0;13
25;2025-11-23;1;0
25;2025-11-23;2;0
25;2025-11-23;3;0
25;2025-11-23;4;0
25;2025-11-23;5;2
25;2025-11-23;6;59
25;2025-11-23;7;164
25;2025-11-23;8;290
25;2025-11-23;9;225
25;2025-11-23;10;224
25;2025-11-23;11;276
25;2025-11-23;12;323
25;2025-11-23;13;397
25;2025-11-23;14;416
25;2025-11-23;15;514
25;2025-11-23;16;457
25;2025-11-23;17;440
25;2025-11-23;18;438
25;2025-11-23;19;328
25;2025-11-23;20;231
25;2025-11-23;21;187
25;2025-11-23;22;110
25;2025-11-23;23;34
25;2025-11-24;0;6
25;2025-11-24;1;0
25;2025-11-24;2;0
25;2025-11-24;3;0
25;2025-11-24;4;0
25;2025-11-24;5;3
25;2025-11-24;6;143
25;2025-11-24;7;492
25;2025-11-24;8;821
25;2025-11-24;9;428
25;2025-11-24;10;308
25;2025-11-24;11;359
25;2025-11-24;12;365
25;2025-11-24;13;469
25;2025-11-24;14;379
25;2025-11-24;15;466
25;2025-11-24;16;607
25;2025-11-24;17;666
25;2025-11-24;18;711
25;2025-11-24;19;439
25;2025-11-24;20;287
25;2025-11-24;21;195
25;2025-11-24;22;111
25;2025-11-24;23;8
25;2025-11-25;0;0
25;2025-11-25;1;0
25;2025-11-25;2;0
25;2025-11-25;3;0
25;2025-11-25;4;0
25;2025-11-25;5;3
25;2025-11-25;6;147
25;2025-11-25;7;496
25;2025-11-25;8;817
25;2025-11-25;9;445
25;2025-11-25;10;346
25;2025-11-25;11;392
25;2025-11-25;12;356
25;2025-11-25;13;450
25;2025-11-25;14;426
25;2025-11-25;15;488
25;2025-11-25;16;604
25;2025-11-25;17;657
25;2025-11-25;18;710
25;2025-11-25;19;453
25;2025-11-25;20;291
25;2025-11-25;21;193
25;2025-11-25;22;110
25;2025-11-25;23;9
25;2025-11-26;0;0
25;2025-11-26;1;0
25;2025-11-26;2;0
25;2025-11-26;3;0
25;2025-11-26;4;0
25;2025-11-26;5;3
25;2025-11-26;6;144
25;2025-11-26;7;486
25;2025-11-26;8;844
25;2025-11-26;9;434
25;2025-11-26;10;319
25;2025-11-26;11;384
25;2025-11-26;12;388
25;2025-11-26;13;504
25;2025-11-26;14;414
25;2025-11-26;15;481
25;2025-11-26;16;610
25;2025-11-26;17;667
25;2025-11-26;18;732
25;2025-11-26;19;455
25;2025-11-26;20;315
25;2025-11-26;21;202
25;2025-11-26;22;114
25;2025-11-26;23;8
25;2025-11-27;0;0
25;2025-11-27;1;0
25;2025-11-27;2;0
25;2025-11-27;3;0
25;2025-11-27;4;0
25;2025-11-27;5;4
25;2025-11-27;6;141
25;2025-11-27;7;482
25;2025-11-27;8;825
25;2025-11-27;9;425
25;2025-11-27;10;334
25;2025-11-27;11;378
25;2025-11-27;12;371
25;2025-11-27;13;462
25;2025-11-27;14;431
25;2025-11-27;15;515
25;2025-11-27;16;584
25;2025-11-27;17;674
25;2025-11-27;18;700
25;2025-11-27;19;463
25;2025-11-27;20;293
25;2025-11-27;21;202
25;2025-11-27;22;121
25;2025-11-27;23;10
25;2025-11-28;0;0
25;2025-11-28;1;0
25;2025-11-28;2;0
25;2025-11-28;3;0
25;2025-11-28;4;0
25;2025-11-28;5;2
25;2025-11-28;6;141
25;2025-11-28;7;482
25;2025-11-28;8;790
25;2025-11-28;9;413
25;2025-11-28;10;322
25;2025-11-28;11;394
25;2025-11-28;12;378
25;2025-11-28;13;490
25;2025-11-28;14;463
25;2025-11-28;15;557
25;2025-11-28;16;656
25;2025-11-28;17;690
25;2025-11-28;18;620
25;2025-11-28;19;422
25;2025-11-28;20;285
25;2025-11-28;21;201
25;2025-11-28;22;121
25;2025-11-28;23;10
25;2025-11-29;0;0
25;2025-11-29;1;0
25;2025-11-29;2;0
25;2025-11-29;3;0
25;2025-11-29;4;0
25;2025-11-29;5;1
25;2025-11-29;6;62
25;2025-11-29;7;189
25;2025-11-29;8;352
25;2025-11-29;9;264
25;2025-11-29;10;259
25;2025-11-29;11;328
25;2025-11-29;12;342
25;2025-11-29;13;463
25;2025-11-29;14;448
25;2025-11-29;15;558
25;2025-11-29;16;512
25;2025-11-29;17;468
25;2025-11-29;18;472
25;2025-11-29;19;390
25;2025-11-29;20;268
25;2025-11-29;21;201
25;2025-11-29;22;130
25;2025-11-29;23;44
25;2025-11-30;0;13
25;2025-11-30;1;0
25;2025-11-30;2;0
25;2025-11-30;3;0
25;2025-11-30;4;0
25;2025-11-30;5;2
25;2025-11-30;6;59
25;2025-11-30;7;164
25;2025-11-30;8;290
25;2025-11-30;9;225
25;2025-11-30;10;224
25;2025-11-30;11;276
25;2025-11-30;12;323
25;2025-11-30;13;397
25;2025-11-30;14;416
25;2025-11-30;15;514
25;2025-11-30;16;457
25;2025-11-30;17;440
25;2025-11-30;18;438
25;2025-11-30;19;328
25;2025-11-30;20;231
25;2025-11-30;21;187
25;2025-11-30;22;110
25;2025-11-30;23;34
25;2025-12-01;0;6
25;2025-12-01;1;0
25;2025-12-01;2;0
25;2025-12-01;3;0
25;2025-12-01;4;0
25;2025-12-01;5;3
25;2025-12-01;6;143
25;2025-12-01;7;492
25;2025-12-01;8;821
25;2025-12-01;9;428
25;2025-12-01;10;308
25;2025-12-01;11;359
25;2025-12-01;12;365
25;2025-12-01;13;469
25;2025-12-01;14;379
25;2025-12-01;15;466
25;2025-12-01;16;607
25;2025-12-01;17;666
25;2025-12-01;18;711
25;2025-12-01;19;439
25;2025-12-01;20;287
25;2025-12-01;21;195
25;2025-12-01;22;111
25;2025-12-01;23;8
25;2025-12-02;0;0
25;2025-12-02;1;0
25;2025-12-02;2;0
25;2025-12-02;3;0
25;2025-12-02;4;0
25;2025-12-02;5;3
25;2025-12-02;6;147
25;2025-12-02;7;496
25;2025-12-02;8;817
25;2025-12-02;9;445
25;2025-12-02;10;346
25;2025-12-02;11;392
25;2025-12-02;12;356
25;2025-12-02;13;450
25;2025-12-02;14;426
25;2025-12-02;15;488
25;2025-12-02;16;604
25;2025-12-02;17;657
25;2025-12-02;18;710
25;2025-12-02;19;453
25;2025-12-02;20;291
25;2025-12-02;21;193
25;2025-12-02;22;110
25;2025-12-02;23;9
25;2025-12-03;0;0
25;2025-12-03;1;0
25;2025-12-03;2;0
25;2025-12-03;3;0
25;2025-12-03;4;0
25;2025-12-03;5;3
25;2025-12-03;6;144
25;2025-12-03;7;486
25;2025-12-03;8;844
25;2025-12-03;9;434
25;2025-12-03;10;319
25;2025-12-03;11;384
25;2025-12-03;12;388
25;2025-12-03;13;504
25;2025-12-03;14;414
25;2025-12-03;15;481
25;2025-12-03;16;610
25;2025-12-03;17;667
25;2025-12-03;18;732
25;2025-12-03;19;455
25;2025-12-03;20;315
25;2025-12-03;21;202
25;2025-12-03;22;114
25;2025-12-03;23;8
25;2025-12-04;0;0
25;2025-12-04;1;0
25;2025-12-04;2;0
25;2025-12-04;3;0
25;2025-12-04;4;0
25;2025-12-04;5;4
25;2025-12-04;6;141
25;2025-12-04;7;482
25;2025-12-04;8;825
25;2025-12-04;9;425
25;2025-12-04;10;334
25;2025-12-04;11;378
25;2025-12-04;12;371
25;2025-12-04;13;462
25;2025-12-04;14;431
25;2025-12-04;15;515
25;2025-12-04;16;584
25;2025-12-04;17;674
25;2025-12-04;18;700
25;2025-12-04;19;463
25;2025-12-04;20;293
25;2025-12-04;21;202
25;2025-12-04;22;121
25;2025-12-04;23;10
25;2025-12-05;0;0
25;2025-12-05;1;0
25;2025-12-05;2;0
25;2025-12-05;3;0
25;2025-12-05;4;0
25;2025-12-05;5;2
25;2025-12-05;6;141
25;2025-12-05;7;482
25;2025-12-05;8;790
25;2025-12-05;9;413
25;2025-12-05;10;322
25;2025-12-05;11;394
25;2025-12-05;12;378
25;2025-12-05;13;490
25;2025-12-05;14;463
25;2025-12-05;15;557
25;2025-12-05;16;656
25;2025-12-05;17;690
25;2025-12-05;18;620
25;2025-12-05;19;422
25;2025-12-05;20;285
25;2025-12-05;21;201
25;2025-12-05;22;121
25;2025-12-05;23;10
25;2025-12-06;0;0
25;2025-12-06;1;0
25;2025-12-06;2;0
25;2025-12-06;3;0
25;2025-12-06;4;0
25;2025-12-06;5;1
25;2025-12-06;6;62
25;2025-12-06;7;189
25;2025-12-06;8;352
25;2025-12-06;9;264
25;2025-12-06;10;259
25;2025-12-06;11;328
25;2025-12-06;12;342
25;2025-12-06;13;463
25;2025-12-06;14;448
25;2025-12-06;15;558
25;2025-12-06;16;512
25;2025-12-06;17;468
25;2025-12-06;18;472
25;2025-12-06;19;390
25;2025-12-06;20;268
25;2025-12-06;21;201
25;2025-12-06;22;130
25;2025-12-06;23;44
25;2025-12-07;0;13
25;2025-12-07;1;0
25;2025-12-07;2;0
25;2025-12-07;3;0
25;2025-12-07;4;0
25;2025-12-07;5;2
25;2025-12-07;6;59
25;2025-12-07;7;164
25;2025-12-07;8;290
25;2025-12-07;9;225
25;2025-12-07;10;224
25;2025-12-07;11;276
25;2025-12-07;12;323
25;2025-12-07;13;397
25;2025-12-07;14;416
25;2025-12-07;15;514
25;2025-12-07;16;457
25;2025-12-07;17;440
25;2025-12-07;18;438
25;2025-12-07;19;328
25;2025-12-07;20;231
25;2025-12-07;21;187
25;2025-12-07;22;110
25;2025-12-07;23;34
25;2025-12-08;0;6
25;2025-12-08;1;0
25;2025-12-08;2;0
25;2025-12-08;3;0
25;2025-12-08;4;0
25;2025-12-08;5;3
25;2025-12-08;6;143
25;2025-12-08;7;492
25;2025-12-08;8;821
25;2025-12-08;9;428
25;2025-12-08;10;308
25;2025-12-08;11;359
25;2025-12-08;12;365
25;2025-12-08;13;469
25;2025-12-08;14;379
25;2025-12-08;15;466
25;2025-12-08;16;607
25;2025-12-08;17;666
25;2025-12-08;18;711
25;2025-12-08;19;439
25;2025-12-08;20;287
25;2025-12-08;21;195
25;2025-12-08;22;111
25;2025-12-08;23;8
25;2025-12-09;0;0
25;2025-12-09;1;0
25;2025-12-09;2;0
25;2025-12-09;3;0
25;2025-12-09;4;0
25;2025-12-09;5;3
25;2025-12-09;6;147
25;2025-12-09;7;496
25;2025-12-09;8;817
25;2025-12-09;9;445
25;2025-12-09;10;346
25;2025-12-09;11;392
25;2025-12-09;12;356
25;2025-12-09;13;450
25;2025-12-09;14;426
25;2025-12-09;15;488
25;2025-12-09;16;604
25;2025-12-09;17;657
25;2025-12-09;18;710
25;2025-12-09;19;453
25;2025-12-09;20;291
25;2025-12-09;21;193
25;2025-12-09;22;110
25;2025-12-09;23;9
25;2025-12-10;0;0
25;2025-12-10;1;0
25;2025-12-10;2;0
25;2025-12-10;3;0
25;2025-12-10;4;0
25;2025-12-10;5;3
25;2025-12-10;6;144
25;2025-12-10;7;486
25;2025-12-10;8;844
25;2025-12-10;9;434
25;2025-12-10;10;319
25;2025-12-10;11;384
25;2025-12-10;12;388
25;2025-12-10;13;504
25;2025-12-10;14;414
25;2025-12-10;15;481
25;2025-12-10;16;610
25;2025-12-10;17;667
25;2025-12-10;18;732
25;2025-12-10;19;455
25;2025-12-10;20;315
25;2025-12-10;21;202
25;2025-12-10;22;114
25;2025-12-10;23;8
25;2025-12-11;0;0
25;2025-12-11;1;0
25;2025-12-11;2;0
25;2025-12-11;3;0
25;2025-12-11;4;0
25;2025-12-11;5;4
25;2025-12-11;6;141
25;2025-12-11;7;482
25;2025-12-11;8;825
25;2025-12-11;9;425
25;2025-12-11;10;334
25;2025-12-11;11;378
25;2025-12-11;12;371
25;2025-12-11;13;462
25;2025-12-11;14;431
25;2025-12-11;15;515
25;2025-12-11;16;584
25;2025-12-11;17;674
25;2025-12-11;18;700
25;2025-12-11;19;463
25;2025-12-11;20;293
25;2025-12-11;21;202
25;2025-12-11;22;121
25;2025-12-11;23;10
25;2025-12-12;0;0
25;2025-12-12;1;0
25;2025-12-12;2;0
25;2025-12-12;3;0
25;2025-12-12;4;0
25;2025-12-12;5;2
25;2025-12-12;6;141
25;2025-12-12;7;482
25;2025-12-12;8;790
25;2025-12-12;9;413
25;2025-12-12;10;322
25;2025-12-12;11;394
25;2025-12-12;12;378
25;2025-12-12;13;490
25;2025-12-12;14;463
25;2025-12-12;15;557
25;2025-12-12;16;656
25;2025-12-12;17;690
25;2025-12-12;18;620
25;2025-12-12;19;422
25;2025-12-12;20;285
25;2025-12-12;21;201
25;2025-12-12;22;121
25;2025-12-12;23;10
25;2025-12-13;0;0
25;2025-12-13;1;0
25;2025-12-13;2;0
25;2025-12-13;3;0
25;2025-12-13;4;0
25;2025-12-13;5;1
25;2025-12-13;6;62
25;2025-12-13;7;189
25;2025-12-13;8;352
25;2025-12-13;9;264
25;2025-12-13;10;259
25;2025-12-13;11;328
25;2025-12-13;12;342
25;2025-12-13;13;463
25;2025-12-13;14;448
25;2025-12-13;15;558
25;2025-12-13;16;512
25;2025-12-13;17;468
25;2025-12-13;18;472
25;2025-12-13;19;390
25;2025-12-13;20;268
25;2025-12-13;21;201
25;2025-12-13;22;130
25;2025-12-13;23;44
25;2025-12-14;0;13
25;2025-12-14;1;0
25;2025-12-14;2;0
25;2025-12-14;3;0
25;2025-12-14;4;0
25;2025-12-14;5;2
25;2025-12-14;6;59
25;2025-12-14;7;164
25;2025-12-14;8;290
25;2025-12-14;9;225
25;2025-12-14;10;224
25;2025-12-14;11;276
25;2025-12-14;12;323
25;2025-12-14;13;397
25;2025-12-14;14;416
25;2025-12-14;15;514
25;2025-12-14;16;457
25;2025-12-14;17;440
25;2025-12-14;18;438
25;2025-12-14;19;328
25;2025-12-14;20;231
25;2025-12-14;21;187
25;2025-12-14;22;110
25;2025-12-14;23;34
25;2025-12-15;0;6
25;2025-12-15;1;0
25;2025-12-15;2;0
25;2025-12-15;3;0
25;2025-12-15;4;0
25;2025-12-15;5;3
25;2025-12-15;6;143
25;2025-12-15;7;492
25;2025-12-15;8;821
25;2025-12-15;9;428
25;2025-12-15;10;308
25;2025-12-15;11;359
25;2025-12-15;12;365
25;2025-12-15;13;469
25;2025-12-15;14;379
25;2025-12-15;15;466
25;2025-12-15;16;607
25;2025-12-15;17;666
25;2025-12-15;18;711
25;2025-12-15;19;439
25;2025-12-15;20;287
25;2025-12-15;21;195
25;2025-12-15;22;111
25;2025-12-15;23;8
25;2025-12-16;0;0
25;2025-12-16;1;0
25;2025-12-16;2;0
25;2025-12-16;3;0
25;2025-12-16;4;0
25;2025-12-16;5;3
25;2025-12-16;6;147
25;2025-12-16;7;496
25;2025-12-16;8;817
25;2025-12-16;9;445
25;2025-12-16;10;346
25;2025-12-16;11;392
25;2025-12-16;12;356
25;2025-12-16;13;450
25;2025-12-16;14;426
25;2025-12-16;15;488
25;2025-12-16;16;604
25;2025-12-16;17;657
25;2025-12-16;18;710
25;2025-12-16;19;453
25;2025-12-16;20;291
25;2025-12-16;21;193
25;2025-12-16;22;110
25;2025-12-16;23;9
25;2025-12-17;0;0
25;2025-12-17;1;0
25;2025-12-17;2;0
25;2025-12-17;3;0
25;2025-12-17;4;0
25;2025-12-17;5;3
25;2025-12-17;6;144
25;2025-12-17;7;486
25;2025-12-17;8;844
25;2025-12-17;9;434
25;2025-12-17;10;319
25;2025-12-17;11;384
25;2025-12-17;12;388
25;2025-12-17;13;504
25;2025-12-17;14;414
25;2025-12-17;15;481
25;2025-12-17;16;610
25;2025-12-17;17;667
25;2025-12-17;18;732
25;2025-12-17;19;455
25;2025-12-17;20;315
25;2025-12-17;21;202
25;2025-12-17;22;114
25;2025-12-17;23;8
25;2025-12-18;0;0
25;2025-12-18;1;0
25;2025-12-18;2;0
25;2025-12-18;3;0
25;2025-12-18;4;0
25;2025-12-18;5;4
25;2025-12-18;6;141
25;2025-12-18;7;482
25;2025-12-18;8;825
25;2025-12-18;9;425
25;2025-12-18;10;334
25;2025-12-18;11;378
25;2025-12-18;12;371
25;2025-12-18;13;462
25;2025-12-18;14;431
25;2025-12-18;15;515
25;2025-12-18;16;584
25;2025-12-18;17;674
25;2025-12-18;18;700
25;2025-12-18;19;463
25;2025-12-18;20;293
25;2025-12-18;21;202
25;2025-12-18;22;121
25;2025-12-18;23;10
25;2025-12-19;0;0
25;2025-12-19;1;0
25;2025-12-19;2;0
25;2025-12-19;3;0
25;2025-12-19;4;0
25;2025-12-19;5;2
25;2025-12-19;6;141
25;2025-12-19;7;482
25;2025-12-19;8;790
25;2025-12-19;9;413
25;2025-12-19;10;322
25;2025-12-19;11;394
25;2025-12-19;12;378
25;2025-12-19;13;490
25;2025-12-19;14;463
25;2025-12-19;15;557
25;2025-12-19;16;656
25;2025-12-19;17;690
25;2025-12-19;18;620
25;2025-12-19;19;422
25;2025-12-19;20;285
25;2025-12-19;21;201
25;2025-12-19;22;121
25;2025-12-19;23;10
25;2025-12-20;0;0
25;2025-12-20;1;0
25;2025-12-20;2;0
25;2025-12-20;3;0
25;2025-12-20;4;0
25;2025-12-20;5;1
25;2025-12-20;6;62
25;2025-12-20;7;189
25;2025-12-20;8;352
25;2025-12-20;9;264
25;2025-12-20;10;259
25;2025-12-20;11;328
25;2025-12-20;12;342
25;2025-12-20;13;463
25;2025-12-20;14;448
25;2025-12-20;15;558
25;2025-12-20;16;512
25;2025-12-20;17;468
25;2025-12-20;18;472
25;2025-12-20;19;390
25;2025-12-20;20;268
25;2025-12-20;21;201
25;2025-12-20;22;130
25;2025-12-20;23;44
25;2025-12-21;0;13
25;2025-12-21;1;0
25;2025-12-21;2;0
25;2025-12-21;3;0
25;2025-12-21;4;0
25;2025-12-21;5;2
25;2025-12-21;6;59
25;2025-12-21;7;164
25;2025-12-21;8;290
25;2025-12-21;9;225
25;2025-12-21;10;224
25;2025-12-21;11;276
25;2025-12-21;12;323
25;2025-12-21;13;397
25;2025-12-21;14;416
25;2025-12-21;15;514
25;2025-12-21;16;457
25;2025-12-21;17;440
25;2025-12-21;18;438
25;2025-12-21;19;328
25;2025-12-21;20;231
25;2025-12-21;21;187
25;2025-12-21;22;110
25;2025-12-21;23;34
25;2025-12-22;0;6
25;2025-12-22;1;0
25;2025-12-22;2;0
25;2025-12-22;3;0
25;2025-12-22;4;0
25;2025-12-22;5;3
25;2025-12-22;6;143
25;2025-12-22;7;492
25;2025-12-22;8;821
25;2025-12-22;9;428
25;2025-12-22;10;308
25;2025-12-22;11;359
25;2025-12-22;12;365
25;2025-12-22;13;469
25;2025-12-22;14;379
25;2025-12-22;15;466
25;2025-12-22;16;607
25;2025-12-22;17;666
25;2025-12-22;18;711
25;2025-12-22;19;439
25;2025-12-22;20;287
25;2025-12-22;21;195
25;2025-12-22;22;111
25;2025-12-22;23;8
25;2025-12-23;0;0
25;2025-12-23;1;0
25;2025-12-23;2;0
25;2025-12-23;3;0
25;2025-12-23;4;0
25;2025-12-23;5;3
25;2025-12-23;6;147
25;2025-12-23;7;496
25;2025-12-23;8;817
25;2025-12-23;9;445
25;2025-12-23;10;346
25;2025-12-23;11;392
25;2025-12-23;12;356
25;2025-12-23;13;450
25;2025-12-23;14;426
25;2025-12-23;15;488
25;2025-12-23;16;604
25;2025-12-23;17;657
25;2025-12-23;18;710
25;2025-12-23;19;453
25;2025-12-23;20;291
25;2025-12-23;21;193
25;2025-12-23;22;110
25;2025-12-23;23;9
25;2025-12-24;0;0
25;2025-12-24;1;0
25;2025-12-24;2;0
25;2025-12-24;3;0
25;2025-12-24;4;0
25;2025-12-24;5;3
25;2025-12-24;6;144
25;2025-12-24;7;486
25;2025-12-24;8;844
25;2025-12-24;9;434
25;2025-12-24;10;319
25;2025-12-24;11;384
25;2025-12-24;12;388
25;2025-12-24;13;504
25;2025-12-24;14;414
25;2025-12-24;15;481
25;2025-12-24;16;610
25;2025-12-24;17;667
25;2025-12-24;18;732
25;2025-12-24;19;455
25;2025-12-24;20;315
25;2025-12-24;21;202
25;2025-12-24;22;114
25;2025-12-24;23;8
25;2025-12-25;0;0
25;2025-12-25;1;0
25;2025-12-25;2;0
25;2025-12-25;3;0
25;2025-12-25;4;0
25;2025-12-25;5;4
25;2025-12-25;6;141
25;2025-12-25;7;482
25;2025-12-25;8;825
25;2025-12-25;9;425
25;2025-12-25;10;334
25;2025-12-25;11;378
25;2025-12-25;12;371
25;2025-12-25;13;462
25;2025-12-25;14;431
25;2025-12-25;15;515
25;2025-12-25;16;584
25;2025-12-25;17;674
25;2025-12-25;18;700
25;2025-12-25;19;463
25;2025-12-25;20;293
25;2025-12-25;21;202
25;2025-12-25;22;121
25;2025-12-25;23;10
25;2025-12-26;0;0
25;2025-12-26;1;0
25;2025-12-26;2;0
25;2025-12-26;3;0
25;2025-12-26;4;0
25;2025-12-26;5;2
25;2025-12-26;6;141
25;2025-12-26;7;482
25;2025-12-26;8;790
25;2025-12-26;9;413
25;2025-12-26;10;322
25;2025-12-26;11;394
25;2025-12-26;12;378
25;2025-12-26;13;490
25;2025-12-26;14;463
25;2025-12-26;15;557
25;2025-12-26;16;656
25;2025-12-26;17;690
25;2025-12-26;18;620
25;2025-12-26;19;422
25;2025-12-26;20;285
25;2025-12-26;21;201
25;2025-12-26;22;121
25;2025-12-26;23;10
25;2025-12-27;0;0
25;2025-12-27;1;0
25;2025-12-27;2;0
25;2025-12-27;3;0
25;2025-12-27;4;0
25;2025-12-27;5;1
25;2025-12-27;6;62
25;2025-12-27;7;189
25;2025-12-27;8;352
25;2025-12-27;9;264
25;2025-12-27;10;259
25;2025-12-27;11;328
25;2025-12-27;12;342
25;2025-12-27;13;463
25;2025-12-27;14;448
25;2025-12-27;15;558
25;2025-12-27;16;512
25;2025-12-27;17;468
25;2025-12-27;18;472
25;2025-12-27;19;390
25;2025-12-27;20;268
25;2025-12-27;21;201
25;2025-12-27;22;130
25;2025-12-27;23;44
25;2025-12-28;0;13
25;2025-12-28;1;0
25;2025-12-28;2;0
25;2025-12-28;3;0
25;2025-12-28;4;0
25;2025-12-28;5;2
25;2025-12-28;6;59
25;2025-12-28;7;164
25;2025-12-28;8;290
25;2025-12-28;9;225
25;2025-12-28;10;224
25;2025-12-28;11;276
25;2025-12-28;12;323
25;2025-12-28;13;397
25;2025-12-28;14;416
25;2025-12-28;15;514
25;2025-12-28;16;457
25;2025-12-28;17;440
25;2025-12-28;18;438
25;2025-12-28;19;328
25;2025-12-28;20;231
25;2025-12-28;21;187
25;2025-12-28;22;110
25;2025-12-28;23;34
25;2025-12-29;0;6
25;2025-12-29;1;0
25;2025-12-29;2;0
25;2025-12-29;3;0
25;2025-12-29;4;0
25;2025-12-29;5;3
25;2025-12-29;6;143
25;2025-12-29;7;492
25;2025-12-29;8;821
25;2025-12-29;9;428
25;2025-12-29;10;308
25;2025-12-29;11;359
25;2025-12-29;12;365
25;2025-12-29;13;469
25;2025-12-29;14;379
25;2025-12-29;15;466
25;2025-12-29;16;607
25;2025-12-29;17;666
25;2025-12-29;18;711
25;2025-12-29;19;439
25;2025-12-29;20;287
25;2025-12-29;21;195
25;2025-12-29;22;111
25;2025-12-29;23;8
25;2025-12-30;0;0
25;2025-12-30;1;0
25;2025-12-30;2;0
25;2025-12-30;3;0
25;2025-12-30;4;0
25;2025-12-30;5;3
25;2025-12-30;6;147
25;2025-12-30;7;496
25;2025-12-30;8;817
25;2025-12-30;9;445
25;2025-12-30;10;346
25;2025-12-30;11;392
25;2025-12-30;12;356
25;2025-12-30;13;450
25;2025-12-30;14;426
25;2025-12-30;15;488
25;2025-12-30;16;604
25;2025-12-30;17;657
25;2025-12-30;18;710
25;2025-12-30;19;453
25;2025-12-30;20;291
25;2025-12-30;21;193
25;2025-12-30;22;110
25;2025-12-30;23;9
25;2025-12-31;0;13
25;2025-12-31;1;0
25;2025-12-31;2;0
25;2025-12-31;3;0
25;2025-12-31;4;0
25;2025-12-31;5;2
25;2025-12-31;6;59
25;2025-12-31;7;164
25;2025-12-31;8;290
25;2025-12-31;9;225
25;2025-12-31;10;224
25;2025-12-31;11;276
25;2025-12-31;12;323
25;2025-12-31;13;397
25;2025-12-31;14;416
25;2025-12-31;15;514
25;2025-12-31;16;457
25;2025-12-31;17;440
25;2025-12-31;18;438
25;2025-12-31;19;328
25;2025-12-31;20;231
25;2025-12-31;21;187
25;2025-12-31;22;110
25;2025-12-31;23;34
26;2025-11-01;0;29
26;2025-11-01;1;3
26;2025-11-01;2;0
26;2025-11-01;3;0
26;2025-11-01;4;2
26;2025-11-01;5;84
26;2025-11-01;6;494
26;2025-11-01;7;1044
26;2025-11-01;8;1976
26;2025-11-01;9;1396
26;2025-11-01;10;1140
26;2025-11-01;11;1012
26;2025-11-01;12;1025
26;2025-11-01;13;1118
26;2025-11-01;14;1097
26;2025-11-01;15;1207
26;2025-11-01;16;1410
26;2025-11-01;17;1598
26;2025-11-01;18;1773
26;2025-11-01;19;1204
26;2025-11-01;20;744
26;2025-11-01;21;450
26;2025-11-01;22;227
26;2025-11-01;23;112
26;2025-11-02;0;46
26;2025-11-02;1;6
26;2025-11-02;2;0
26;2025-11-02;3;0
26;2025-11-02;4;2
26;2025-11-02;5;38
26;2025-11-02;6;218
26;2025-11-02;7;395
26;2025-11-02;8;647
26;2025-11-02;9;661
26;2025-11-02;10;654
26;2025-11-02;11;780
26;2025-11-02;12;829
26;2025-11-02;13;863
26;2025-11-02;14;829
26;2025-11-02;15;812
26;2025-11-02;16;825
26;2025-11-02;17;879
26;2025-11-02;18;834
26;2025-11-02;19;652
26;2025-11-02;20;473
26;2025-11-02;21;312
26;2025-11-02;22;206
26;2025-11-02;23;109
26;2025-11-03;0;46
26;2025-11-03;1;6
26;2025-11-03;2;0
26;2025-11-03;3;0
26;2025-11-03;4;2
26;2025-11-03;5;38
26;2025-11-03;6;218
26;2025-11-03;7;395
26;2025-11-03;8;647
26;2025-11-03;9;661
26;2025-11-03;10;654
26;2025-11-03;11;780
26;2025-11-03;12;829
26;2025-11-03;13;863
26;2025-11-03;14;829
26;2025-11-03;15;812
26;2025-11-03;16;825
26;2025-11-03;17;879
26;2025-11-03;18;834
26;2025-11-03;19;652
26;2025-11-03;20;473
26;2025-11-03;21;312
26;2025-11-03;22;206
26;2025-11-03;23;109
26;2025-11-04;0;46
26;2025-11-04;1;6
26;2025-11-04;2;0
26;2025-11-04;3;0
26;2025-11-04;4;2
26;2025-11-04;5;38
26;2025-11-04;6;218
26;2025-11-04;7;395
26;2025-11-04;8;647
26;2025-11-04;9;661
26;2025-11-04;10;654
26;2025-11-04;11;780
26;2025-11-04;12;829
26;2025-11-04;13;863
26;2025-11-04;14;829
26;2025-11-04;15;812
26;2025-11-04;16;825
26;2025-11-04;17;879
26;2025-11-04;18;834
26;2025-11-04;19;652
26;2025-11-04;20;473
26;2025-11-04;21;312
26;2025-11-04;22;206
26;2025-11-04;23;109
26;2025-11-05;0;32
26;2025-11-05;1;1
26;2025-11-05;2;0
26;2025-11-05;3;0
26;2025-11-05;4;2
26;2025-11-05;5;85
26;2025-11-05;6;499
26;2025-11-05;7;1028
26;2025-11-05;8;2089
26;2025-11-05;9;1399
26;2025-11-05;10;1159
26;2025-11-05;11;1046
26;2025-11-05;12;1097
26;2025-11-05;13;1136
26;2025-11-05;14;1218
26;2025-11-05;15;1276
26;2025-11-05;16;1420
26;2025-11-05;17;1560
26;2025-11-05;18;1724
26;2025-11-05;19;1179
26;2025-11-05;20;764
26;2025-11-05;21;478
26;2025-11-05;22;238
26;2025-11-05;23;128
26;2025-11-06;0;37
26;2025-11-06;1;1
26;2025-11-06;2;0
26;2025-11-06;3;0
26;2025-11-06;4;1
26;2025-11-06;5;82
26;2025-11-06;6;482
26;2025-11-06;7;1024
26;2025-11-06;8;2011
26;2025-11-06;9;1425
26;2025-11-06;10;1131
26;2025-11-06;11;1087
26;2025-11-06;12;1074
26;2025-11-06;13;1108
26;2025-11-06;14;1144
26;2025-11-06;15;1272
26;2025-11-06;16;1410
26;2025-11-06;17;1603
26;2025-11-06;18;1742
26;2025-11-06;19;1218
26;2025-11-06;20;759
26;2025-11-06;21;459
26;2025-11-06;22;238
26;2025-11-06;23;131
26;2025-11-07;0;34
26;2025-11-07;1;2
26;2025-11-07;2;0
26;2025-11-07;3;0
26;2025-11-07;4;2
26;2025-11-07;5;79
26;2025-11-07;6;492
26;2025-11-07;7;1017
26;2025-11-07;8;1908
26;2025-11-07;9;1349
26;2025-11-07;10;1137
26;2025-11-07;11;1036
26;2025-11-07;12;1081
26;2025-11-07;13;1144
26;2025-11-07;14;1169
26;2025-11-07;15;1299
26;2025-11-07;16;1504
26;2025-11-07;17;1620
26;2025-11-07;18;1417
26;2025-11-07;19;1066
26;2025-11-07;20;699
26;2025-11-07;21;447
26;2025-11-07;22;235
26;2025-11-07;23;153
26;2025-11-08;0;44
26;2025-11-08;1;2
26;2025-11-08;2;0
26;2025-11-08;3;0
26;2025-11-08;4;2
26;2025-11-08;5;53
26;2025-11-08;6;297
26;2025-11-08;7;472
26;2025-11-08;8;765
26;2025-11-08;9;764
26;2025-11-08;10;797
26;2025-11-08;11;956
26;2025-11-08;12;928
26;2025-11-08;13;988
26;2025-11-08;14;961
26;2025-11-08;15;943
26;2025-11-08;16;936
26;2025-11-08;17;994
26;2025-11-08;18;971
26;2025-11-08;19;834
26;2025-11-08;20;573
26;2025-11-08;21;374
26;2025-11-08;22;226
26;2025-11-08;23;141
26;2025-11-09;0;46
26;2025-11-09;1;6
26;2025-11-09;2;0
26;2025-11-09;3;0
26;2025-11-09;4;2
26;2025-11-09;5;38
26;2025-11-09;6;218
26;2025-11-09;7;395
26;2025-11-09;8;647
26;2025-11-09;9;661
26;2025-11-09;10;654
26;2025-11-09;11;780
26;2025-11-09;12;829
26;2025-11-09;13;863
26;2025-11-09;14;829
26;2025-11-09;15;812
26;2025-11-09;16;825
26;2025-11-09;17;879
26;2025-11-09;18;834
26;2025-11-09;19;652
26;2025-11-09;20;473
26;2025-11-09;21;312
26;2025-11-09;22;206
26;2025-11-09;23;109
26;2025-11-10;0;29
26;2025-11-10;1;3
26;2025-11-10;2;0
26;2025-11-10;3;0
26;2025-11-10;4;2
26;2025-11-10;5;84
26;2025-11-10;6;494
26;2025-11-10;7;1044
26;2025-11-10;8;1976
26;2025-11-10;9;1396
26;2025-11-10;10;1140
26;2025-11-10;11;1012
26;2025-11-10;12;1025
26;2025-11-10;13;1118
26;2025-11-10;14;1097
26;2025-11-10;15;1207
26;2025-11-10;16;1410
26;2025-11-10;17;1598
26;2025-11-10;18;1773
26;2025-11-10;19;1204
26;2025-11-10;20;744
26;2025-11-10;21;450
26;2025-11-10;22;227
26;2025-11-10;23;112
26;2025-11-11;0;31
26;2025-11-11;1;1
26;2025-11-11;2;0
26;2025-11-11;3;0
26;2025-11-11;4;2
26;2025-11-11;5;83
26;2025-11-11;6;506
26;2025-11-11;7;1048
26;2025-11-11;8;2111
26;2025-11-11;9;1416
26;2025-11-11;10;1138
26;2025-11-11;11;1040
26;2025-11-11;12;1107
26;2025-11-11;13;1118
26;2025-11-11;14;1146
26;2025-11-11;15;1231
26;2025-11-11;16;1433
26;2025-11-11;17;1656
26;2025-11-11;18;1748
26;2025-11-11;19;1241
26;2025-11-11;20;771
26;2025-11-11;21;454
26;2025-11-11;22;235
26;2025-11-11;23;119
26;2025-11-12;0;32
26;2025-11-12;1;1
26;2025-11-12;2;0
26;2025-11-12;3;0
26;2025-11-12;4;2
26;2025-11-12;5;85
26;2025-11-12;6;499
26;2025-11-12;7;1028
26;2025-11-12;8;2089
26;2025-11-12;9;1399
26;2025-11-12;10;1159
26;2025-11-12;11;1046
26;2025-11-12;12;1097
26;2025-11-12;13;1136
26;2025-11-12;14;1218
26;2025-11-12;15;1276
26;2025-11-12;16;1420
26;2025-11-12;17;1560
26;2025-11-12;18;1724
26;2025-11-12;19;1179
26;2025-11-12;20;764
26;2025-11-12;21;478
26;2025-11-12;22;238
26;2025-11-12;23;128
26;2025-11-13;0;37
26;2025-11-13;1;1
26;2025-11-13;2;0
26;2025-11-13;3;0
26;2025-11-13;4;1
26;2025-11-13;5;82
26;2025-11-13;6;482
26;2025-11-13;7;1024
26;2025-11-13;8;2011
26;2025-11-13;9;1425
26;2025-11-13;10;1131
26;2025-11-13;11;1087
26;2025-11-13;12;1074
26;2025-11-13;13;1108
26;2025-11-13;14;1144
26;2025-11-13;15;1272
26;2025-11-13;16;1410
26;2025-11-13;17;1603
26;2025-11-13;18;1742
26;2025-11-13;19;1218
26;2025-11-13;20;759
26;2025-11-13;21;459
26;2025-11-13;22;238
26;2025-11-13;23;131
26;2025-11-14;0;34
26;2025-11-14;1;2
26;2025-11-14;2;0
26;2025-11-14;3;0
26;2025-11-14;4;2
26;2025-11-14;5;79
26;2025-11-14;6;492
26;2025-11-14;7;1017
26;2025-11-14;8;1908
26;2025-11-14;9;1349
26;2025-11-14;10;1137
26;2025-11-14;11;1036
26;2025-11-14;12;1081
26;2025-11-14;13;1144
26;2025-11-14;14;1169
26;2025-11-14;15;1299
26;2025-11-14;16;1504
26;2025-11-14;17;1620
26;2025-11-14;18;1417
26;2025-11-14;19;1066
26;2025-11-14;20;699
26;2025-11-14;21;447
26;2025-11-14;22;235
26;2025-11-14;23;153
26;2025-11-15;0;44
26;2025-11-15;1;2
26;2025-11-15;2;0
26;2025-11-15;3;0
26;2025-11-15;4;2
26;2025-11-15;5;53
26;2025-11-15;6;297
26;2025-11-15;7;472
26;2025-11-15;8;765
26;2025-11-15;9;764
26;2025-11-15;10;797
26;2025-11-15;11;956
26;2025-11-15;12;928
26;2025-11-15;13;988
26;2025-11-15;14;961
26;2025-11-15;15;943
26;2025-11-15;16;936
26;2025-11-15;17;994
26;2025-11-15;18;971
26;2025-11-15;19;834
26;2025-11-15;20;573
26;2025-11-15;21;374
26;2025-11-15;22;226
26;2025-11-15;23;141
26;2025-11-16;0;46
26;2025-11-16;1;6
26;2025-11-16;2;0
26;2025-11-16;3;0
26;2025-11-16;4;2
26;2025-11-16;5;38
26;2025-11-16;6;218
26;2025-11-16;7;395
26;2025-11-16;8;647
26;2025-11-16;9;661
26;2025-11-16;10;654
26;2025-11-16;11;780
26;2025-11-16;12;829
26;2025-11-16;13;863
26;2025-11-16;14;829
26;2025-11-16;15;812
26;2025-11-16;16;825
26;2025-11-16;17;879
26;2025-11-16;18;834
26;2025-11-16;19;652
26;2025-11-16;20;473
26;2025-11-16;21;312
26;2025-11-16;22;206
26;2025-11-16;23;109
26;2025-11-17;0;29
26;2025-11-17;1;3
26;2025-11-17;2;0
26;2025-11-17;3;0
26;2025-11-17;4;2
26;2025-11-17;5;84
26;2025-11-17;6;494
26;2025-11-17;7;1044
26;2025-11-17;8;1976
26;2025-11-17;9;1396
26;2025-11-17;10;1140
26;2025-11-17;11;1012
26;2025-11-17;12;1025
26;2025-11-17;13;1118
26;2025-11-17;14;1097
26;2025-11-17;15;1207
26;2025-11-17;16;1410
26;2025-11-17;17;1598
26;2025-11-17;18;1773
26;2025-11-17;19;1204
26;2025-11-17;20;744
26;2025-11-17;21;450
26;2025-11-17;22;227
26;2025-11-17;23;112
26;2025-11-18;0;31
26;2025-11-18;1;1
26;2025-11-18;2;0
26;2025-11-18;3;0
26;2025-11-18;4;2
26;2025-11-18;5;83
26;2025-11-18;6;506
26;2025-11-18;7;1048
26;2025-11-18;8;2111
26;2025-11-18;9;1416
26;2025-11-18;10;1138
26;2025-11-18;11;1040
26;2025-11-18;12;1107
26;2025-11-18;13;1118
26;2025-11-18;14;1146
26;2025-11-18;15;1231
26;2025-11-18;16;1433
26;2025-11-18;17;1656
26;2025-11-18;18;1748
26;2025-11-18;19;1241
26;2025-11-18;20;771
26;2025-11-18;21;454
26;2025-11-18;22;235
26;2025-11-18;23;119
26;2025-11-19;0;32
26;2025-11-19;1;1
26;2025-11-19;2;0
26;2025-11-19;3;0
26;2025-11-19;4;2
26;2025-11-19;5;85
26;2025-11-19;6;499
26;2025-11-19;7;1028
26;2025-11-19;8;2089
26;2025-11-19;9;1399
26;2025-11-19;10;1159
26;2025-11-19;11;1046
26;2025-11-19;12;1097
26;2025-11-19;13;1136
26;2025-11-19;14;1218
26;2025-11-19;15;1276
26;2025-11-19;16;1420
26;2025-11-19;17;1560
26;2025-11-19;18;1724
26;2025-11-19;19;1179
26;2025-11-19;20;764
26;2025-11-19;21;478
26;2025-11-19;22;238
26;2025-11-19;23;128
26;2025-11-20;0;37
26;2025-11-20;1;1
26;2025-11-20;2;0
26;2025-11-20;3;0
26;2025-11-20;4;1
26;2025-11-20;5;82
26;2025-11-20;6;482
26;2025-11-20;7;1024
26;2025-11-20;8;2011
26;2025-11-20;9;1425
26;2025-11-20;10;1131
26;2025-11-20;11;1087
26;2025-11-20;12;1074
26;2025-11-20;13;1108
26;2025-11-20;14;1144
26;2025-11-20;15;1272
26;2025-11-20;16;1410
26;2025-11-20;17;1603
26;2025-11-20;18;1742
26;2025-11-20;19;1218
26;2025-11-20;20;759
26;2025-11-20;21;459
26;2025-11-20;22;238
26;2025-11-20;23;131
26;2025-11-21;0;34
26;2025-11-21;1;2
26;2025-11-21;2;0
26;2025-11-21;3;0
26;2025-11-21;4;2
26;2025-11-21;5;79
26;2025-11-21;6;492
26;2025-11-21;7;1017
26;2025-11-21;8;1908
26;2025-11-21;9;1349
26;2025-11-21;10;1137
26;2025-11-21;11;1036
26;2025-11-21;12;1081
26;2025-11-21;13;1144
26;2025-11-21;14;1169
26;2025-11-21;15;1299
26;2025-11-21;16;1504
26;2025-11-21;17;1620
26;2025-11-21;18;1417
26;2025-11-21;19;1066
26;2025-11-21;20;699
26;2025-11-21;21;447
26;2025-11-21;22;235
26;2025-11-21;23;153
26;2025-11-22;0;44
26;2025-11-22;1;2
26;2025-11-22;2;0
26;2025-11-22;3;0
26;2025-11-22;4;2
26;2025-11-22;5;53
26;2025-11-22;6;297
26;2025-11-22;7;472
26;2025-11-22;8;765
26;2025-11-22;9;764
26;2025-11-22;10;797
26;2025-11-22;11;956
26;2025-11-22;12;928
26;2025-11-22;13;988
26;2025-11-22;14;961
26;2025-11-22;15;943
26;2025-11-22;16;936
26;2025-11-22;17;994
26;2025-11-22;18;971
26;2025-11-22;19;834
26;2025-11-22;20;573
26;2025-11-22;21;374
26;2025-11-22;22;226
26;2025-11-22;23;141
26;2025-11-23;0;46
26;2025-11-23;1;6
26;2025-11-23;2;0
26;2025-11-23;3;0
26;2025-11-23;4;2
26;2025-11-23;5;38
26;2025-11-23;6;218
26;2025-11-23;7;395
26;2025-11-23;8;647
26;2025-11-23;9;661
26;2025-11-23;10;654
26;2025-11-23;11;780
26;2025-11-23;12;829
26;2025-11-23;13;863
26;2025-11-23;14;829
26;2025-11-23;15;812
26;2025-11-23;16;825
26;2025-11-23;17;879
26;2025-11-23;18;834
26;2025-11-23;19;652
26;2025-11-23;20;473
26;2025-11-23;21;312
26;2025-11-23;22;206
26;2025-11-23;23;109
26;2025-11-24;0;29
26;2025-11-24;1;3
26;2025-11-24;2;0
26;2025-11-24;3;0
26;2025-11-24;4;2
26;2025-11-24;5;84
26;2025-11-24;6;494
26;2025-11-24;7;1044
26;2025-11-24;8;1976
26;2025-11-24;9;1396
26;2025-11-24;10;1140
26;2025-11-24;11;1012
26;2025-11-24;12;1025
26;2025-11-24;13;1118
26;2025-11-24;14;1097
26;2025-11-24;15;1207
26;2025-11-24;16;1410
26;2025-11-24;17;1598
26;2025-11-24;18;1773
26;2025-11-24;19;1204
26;2025-11-24;20;744
26;2025-11-24;21;450
26;2025-11-24;22;227
26;2025-11-24;23;112
26;2025-11-25;0;31
26;2025-11-25;1;1
26;2025-11-25;2;0
26;2025-11-25;3;0
26;2025-11-25;4;2
26;2025-11-25;5;83
26;2025-11-25;6;506
26;2025-11-25;7;1048
26;2025-11-25;8;2111
26;2025-11-25;9;1416
26;2025-11-25;10;1138
26;2025-11-25;11;1040
26;2025-11-25;12;1107
26;2025-11-25;13;1118
26;2025-11-25;14;1146
26;2025-11-25;15;1231
26;2025-11-25;16;1433
26;2025-11-25;17;1656
26;2025-11-25;18;1748
26;2025-11-25;19;1241
26;2025-11-25;20;771
26;2025-11-25;21;454
26;2025-11-25;22;235
26;2025-11-25;23;119
26;2025-11-26;0;32
26;2025-11-26;1;1
26;2025-11-26;2;0
26;2025-11-26;3;0
26;2025-11-26;4;2
26;2025-11-26;5;85
26;2025-11-26;6;499
26;2025-11-26;7;1028
26;2025-11-26;8;2089
26;2025-11-26;9;1399
26;2025-11-26;10;1159
26;2025-11-26;11;1046
26;2025-11-26;12;1097
26;2025-11-26;13;1136
26;2025-11-26;14;1218
26;2025-11-26;15;1276
26;2025-11-26;16;1420
26;2025-11-26;17;1560
26;2025-11-26;18;1724
26;2025-11-26;19;1179
26;2025-11-26;20;764
26;2025-11-26;21;478
26;2025-11-26;22;238
26;2025-11-26;23;128
26;2025-11-27;0;37
26;2025-11-27;1;1
26;2025-11-27;2;0
26;2025-11-27;3;0
26;2025-11-27;4;1
26;2025-11-27;5;82
26;2025-11-27;6;482
26;2025-11-27;7;1024
26;2025-11-27;8;2011
26;2025-11-27;9;1425
26;2025-11-27;10;1131
26;2025-11-27;11;1087
26;2025-11-27;12;1074
26;2025-11-27;13;1108
26;2025-11-27;14;1144
26;2025-11-27;15;1272
26;2025-11-27;16;1410
26;2025-11-27;17;1603
26;2025-11-27;18;1742
26;2025-11-27;19;1218
26;2025-11-27;20;759
26;2025-11-27;21;459
26;2025-11-27;22;238
26;2025-11-27;23;131
26;2025-11-28;0;34
26;2025-11-28;1;2
26;2025-11-28;2;0
26;2025-11-28;3;0
26;2025-11-28;4;2
26;2025-11-28;5;79
26;2025-11-28;6;492
26;2025-11-28;7;1017
26;2025-11-28;8;1908
26;2025-11-28;9;1349
26;2025-11-28;10;1137
26;2025-11-28;11;1036
26;2025-11-28;12;1081
26;2025-11-28;13;1144
26;2025-11-28;14;1169
26;2025-11-28;15;1299
26;2025-11-28;16;1504
26;2025-11-28;17;1620
26;2025-11-28;18;1417
26;2025-11-28;19;1066
26;2025-11-28;20;699
26;2025-11-28;21;447
26;2025-11-28;22;235
26;2025-11-28;23;153
26;2025-11-29;0;44
26;2025-11-29;1;2
26;2025-11-29;2;0
26;2025-11-29;3;0
26;2025-11-29;4;2
26;2025-11-29;5;53
26;2025-11-29;6;297
26;2025-11-29;7;472
26;2025-11-29;8;765
26;2025-11-29;9;764
26;2025-11-29;10;797
26;2025-11-29;11;956
26;2025-11-29;12;928
26;2025-11-29;13;988
26;2025-11-29;14;961
26;2025-11-29;15;943
26;2025-11-29;16;936
26;2025-11-29;17;994
26;2025-11-29;18;971
26;2025-11-29;19;834
26;2025-11-29;20;573
26;2025-11-29;21;374
26;2025-11-29;22;226
26;2025-11-29;23;141
26;2025-11-30;0;46
26;2025-11-30;1;6
26;2025-11-30;2;0
26;2025-11-30;3;0
26;2025-11-30;4;2
26;2025-11-30;5;38
26;2025-11-30;6;218
26;2025-11-30;7;395
26;2025-11-30;8;647
26;2025-11-30;9;661
26;2025-11-30;10;654
26;2025-11-30;11;780
26;2025-11-30;12;829
26;2025-11-30;13;863
26;2025-11-30;14;829
26;2025-11-30;15;812
26;2025-11-30;16;825
26;2025-11-30;17;879
26;2025-11-30;18;834
26;2025-11-30;19;652
26;2025-11-30;20;473
26;2025-11-30;21;312
26;2025-11-30;22;206
26;2025-11-30;23;109
26;2025-12-01;0;29
26;2025-12-01;1;3
26;2025-12-01;2;0
26;2025-12-01;3;0
26;2025-12-01;4;2
26;2025-12-01;5;84
26;2025-12-01;6;494
26;2025-12-01;7;1044
26;2025-12-01;8;1976
26;2025-12-01;9;1396
26;2025-12-01;10;1140
26;2025-12-01;11;1012
26;2025-12-01;12;1025
26;2025-12-01;13;1118
26;2025-12-01;14;1097
26;2025-12-01;15;1207
26;2025-12-01;16;1410
26;2025-12-01;17;1598
26;2025-12-01;18;1773
26;2025-12-01;19;1204
26;2025-12-01;20;744
26;2025-12-01;21;450
26;2025-12-01;22;227
26;2025-12-01;23;112
26;2025-12-02;0;31
26;2025-12-02;1;1
26;2025-12-02;2;0
26;2025-12-02;3;0
26;2025-12-02;4;2
26;2025-12-02;5;83
26;2025-12-02;6;506
26;2025-12-02;7;1048
26;2025-12-02;8;2111
26;2025-12-02;9;1416
26;2025-12-02;10;1138
26;2025-12-02;11;1040
26;2025-12-02;12;1107
26;2025-12-02;13;1118
26;2025-12-02;14;1146
26;2025-12-02;15;1231
26;2025-12-02;16;1433
26;2025-12-02;17;1656
26;2025-12-02;18;1748
26;2025-12-02;19;1241
26;2025-12-02;20;771
26;2025-12-02;21;454
26;2025-12-02;22;235
26;2025-12-02;23;119
26;2025-12-03;0;32
26;2025-12-03;1;1
26;2025-12-03;2;0
26;2025-12-03;3;0
26;2025-12-03;4;2
26;2025-12-03;5;85
26;2025-12-03;6;499
26;2025-12-03;7;1028
26;2025-12-03;8;2089
26;2025-12-03;9;1399
26;2025-12-03;10;1159
26;2025-12-03;11;1046
26;2025-12-03;12;1097
26;2025-12-03;13;1136
26;2025-12-03;14;1218
26;2025-12-03;15;1276
26;2025-12-03;16;1420
26;2025-12-03;17;1560
26;2025-12-03;18;1724
26;2025-12-03;19;1179
26;2025-12-03;20;764
26;2025-12-03;21;478
26;2025-12-03;22;238
26;2025-12-03;23;128
26;2025-12-04;0;37
26;2025-12-04;1;1
26;2025-12-04;2;0
26;2025-12-04;3;0
26;2025-12-04;4;1
26;2025-12-04;5;82
26;2025-12-04;6;482
26;2025-12-04;7;1024
26;2025-12-04;8;2011
26;2025-12-04;9;1425
26;2025-12-04;10;1131
26;2025-12-04;11;1087
26;2025-12-04;12;1074
26;2025-12-04;13;1108
26;2025-12-04;14;1144
26;2025-12-04;15;1272
26;2025-12-04;16;1410
26;2025-12-04;17;1603
26;2025-12-04;18;1742
26;2025-12-04;19;1218
26;2025-12-04;20;759
26;2025-12-04;21;459
26;2025-12-04;22;238
26;2025-12-04;23;131
26;2025-12-05;0;34
26;2025-12-05;1;2
26;2025-12-05;2;0
26;2025-12-05;3;0
26;2025-12-05;4;2
26;2025-12-05;5;79
26;2025-12-05;6;492
26;2025-12-05;7;1017
26;2025-12-05;8;1908
26;2025-12-05;9;1349
26;2025-12-05;10;1137
26;2025-12-05;11;1036
26;2025-12-05;12;1081
26;2025-12-05;13;1144
26;2025-12-05;14;1169
26;2025-12-05;15;1299
26;2025-12-05;16;1504
26;2025-12-05;17;1620
26;2025-12-05;18;1417
26;2025-12-05;19;1066
26;2025-12-05;20;699
26;2025-12-05;21;447
26;2025-12-05;22;235
26;2025-12-05;23;153
26;2025-12-06;0;44
26;2025-12-06;1;2
26;2025-12-06;2;0
26;2025-12-06;3;0
26;2025-12-06;4;2
26;2025-12-06;5;53
26;2025-12-06;6;297
26;2025-12-06;7;472
26;2025-12-06;8;765
26;2025-12-06;9;764
26;2025-12-06;10;797
26;2025-12-06;11;956
26;2025-12-06;12;928
26;2025-12-06;13;988
26;2025-12-06;14;961
26;2025-12-06;15;943
26;2025-12-06;16;936
26;2025-12-06;17;994
26;2025-12-06;18;971
26;2025-12-06;19;834
26;2025-12-06;20;573
26;2025-12-06;21;374
26;2025-12-06;22;226
26;2025-12-06;23;141
26;2025-12-07;0;46
26;2025-12-07;1;6
26;2025-12-07;2;0
26;2025-12-07;3;0
26;2025-12-07;4;2
26;2025-12-07;5;38
26;2025-12-07;6;218
26;2025-12-07;7;395
26;2025-12-07;8;647
26;2025-12-07;9;661
26;2025-12-07;10;654
26;2025-12-07;11;780
26;2025-12-07;12;829
26;2025-12-07;13;863
26;2025-12-07;14;829
26;2025-12-07;15;812
26;2025-12-07;16;825
26;2025-12-07;17;879
26;2025-12-07;18;834
26;2025-12-07;19;652
26;2025-12-07;20;473
26;2025-12-07;21;312
26;2025-12-07;22;206
26;2025-12-07;23;109
26;2025-12-08;0;29
26;2025-12-08;1;3
26;2025-12-08;2;0
26;2025-12-08;3;0
26;2025-12-08;4;2
26;2025-12-08;5;84
26;2025-12-08;6;494
26;2025-12-08;7;1044
26;2025-12-08;8;1976
26;2025-12-08;9;1396
26;2025-12-08;10;1140
26;2025-12-08;11;1012
26;2025-12-08;12;1025
26;2025-12-08;13;1118
26;2025-12-08;14;1097
26;2025-12-08;15;1207
26;2025-12-08;16;1410
26;2025-12-08;17;1598
26;2025-12-08;18;1773
26;2025-12-08;19;1204
26;2025-12-08;20;744
26;2025-12-08;21;450
26;2025-12-08;22;227
26;2025-12-08;23;112
26;2025-12-09;0;31
26;2025-12-09;1;1
26;2025-12-09;2;0
26;2025-12-09;3;0
26;2025-12-09;4;2
26;2025-12-09;5;83
26;2025-12-09;6;506
26;2025-12-09;7;1048
26;2025-12-09;8;2111
26;2025-12-09;9;1416
26;2025-12-09;10;1138
26;2025-12-09;11;1040
26;2025-12-09;12;1107
26;2025-12-09;13;1118
26;2025-12-09;14;1146
26;2025-12-09;15;1231
26;2025-12-09;16;1433
26;2025-12-09;17;1656
26;2025-12-09;18;1748
26;2025-12-09;19;1241
26;2025-12-09;20;771
26;2025-12-09;21;454
26;2025-12-09;22;235
26;2025-12-09;23;119
26;2025-12-10;0;32
26;2025-12-10;1;1
26;2025-12-10;2;0
26;2025-12-10;3;0
26;2025-12-10;4;2
26;2025-12-10;5;85
26;2025-12-10;6;499
26;2025-12-10;7;1028
26;2025-12-10;8;2089
26;2025-12-10;9;1399
26;2025-12-10;10;1159
26;2025-12-10;11;1046
26;2025-12-10;12;1097
26;2025-12-10;13;1136
26;2025-12-10;14;1218
26;2025-12-10;15;1276
26;2025-12-10;16;1420
26;2025-12-10;17;1560
26;2025-12-10;18;1724
26;2025-12-10;19;1179
26;2025-12-10;20;764
26;2025-12-10;21;478
26;2025-12-10;22;238
26;2025-12-10;23;128
26;2025-12-11;0;37
26;2025-12-11;1;1
26;2025-12-11;2;0
26;2025-12-11;3;0
26;2025-12-11;4;1
26;2025-12-11;5;82
26;2025-12-11;6;482
26;2025-12-11;7;1024
26;2025-12-11;8;2011
26;2025-12-11;9;1425
26;2025-12-11;10;1131
26;2025-12-11;11;1087
26;2025-12-11;12;1074
26;2025-12-11;13;1108
26;2025-12-11;14;1144
26;2025-12-11;15;1272
26;2025-12-11;16;1410
26;2025-12-11;17;1603
26;2025-12-11;18;1742
26;2025-12-11;19;1218
26;2025-12-11;20;759
26;2025-12-11;21;459
26;2025-12-11;22;238
26;2025-12-11;23;131
26;2025-12-12;0;34
26;2025-12-12;1;2
26;2025-12-12;2;0
26;2025-12-12;3;0
26;2025-12-12;4;2
26;2025-12-12;5;79
26;2025-12-12;6;492
26;2025-12-12;7;1017
26;2025-12-12;8;1908
26;2025-12-12;9;1349
26;2025-12-12;10;1137
26;2025-12-12;11;1036
26;2025-12-12;12;1081
26;2025-12-12;13;1144
26;2025-12-12;14;1169
26;2025-12-12;15;1299
26;2025-12-12;16;1504
26;2025-12-12;17;1620
26;2025-12-12;18;1417
26;2025-12-12;19;1066
26;2025-12-12;20;699
26;2025-12-12;21;447
26;2025-12-12;22;235
26;2025-12-12;23;153
26;2025-12-13;0;44
26;2025-12-13;1;2
26;2025-12-13;2;0
26;2025-12-13;3;0
26;2025-12-13;4;2
26;2025-12-13;5;53
26;2025-12-13;6;297
26;2025-12-13;7;472
26;2025-12-13;8;765
26;2025-12-13;9;764
26;2025-12-13;10;797
26;2025-12-13;11;956
26;2025-12-13;12;928
26;2025-12-13;13;988
26;2025-12-13;14;961
26;2025-12-13;15;943
26;2025-12-13;16;936
26;2025-12-13;17;994
26;2025-12-13;18;971
26;2025-12-13;19;834
26;2025-12-13;20;573
26;2025-12-13;21;374
26;2025-12-13;22;226
26;2025-12-13;23;141
26;2025-12-14;0;46
26;2025-12-14;1;6
26;2025-12-14;2;0
26;2025-12-14;3;0
26;2025-12-14;4;2
26;2025-12-14;5;38
26;2025-12-14;6;218
26;2025-12-14;7;395
26;2025-12-14;8;647
26;2025-12-14;9;661
26;2025-12-14;10;654
26;2025-12-14;11;780
26;2025-12-14;12;829
26;2025-12-14;13;863
26;2025-12-14;14;829
26;2025-12-14;15;812
26;2025-12-14;16;825
26;2025-12-14;17;879
26;2025-12-14;18;834
26;2025-12-14;19;652
26;2025-12-14;20;473
26;2025-12-14;21;312
26;2025-12-14;22;206
26;2025-12-14;23;109
26;2025-12-15;0;29
26;2025-12-15;1;3
26;2025-12-15;2;0
26;2025-12-15;3;0
26;2025-12-15;4;2
26;2025-12-15;5;84
26;2025-12-15;6;494
26;2025-12-15;7;1044
26;2025-12-15;8;1976
26;2025-12-15;9;1396
26;2025-12-15;10;1140
26;2025-12-15;11;1012
26;2025-12-15;12;1025
26;2025-12-15;13;1118
26;2025-12-15;14;1097
26;2025-12-15;15;1207
26;2025-12-15;16;1410
26;2025-12-15;17;1598
26;2025-12-15;18;1773
26;2025-12-15;19;1204
26;2025-12-15;20;744
26;2025-12-15;21;450
26;2025-12-15;22;227
26;2025-12-15;23;112
26;2025-12-16;0;31
26;2025-12-16;1;1
26;2025-12-16;2;0
26;2025-12-16;3;0
26;2025-12-16;4;2
26;2025-12-16;5;83
26;2025-12-16;6;506
26;2025-12-16;7;1048
26;2025-12-16;8;2111
26;2025-12-16;9;1416
26;2025-12-16;10;1138
26;2025-12-16;11;1040
26;2025-12-16;12;1107
26;2025-12-16;13;1118
26;2025-12-16;14;1146
26;2025-12-16;15;1231
26;2025-12-16;16;1433
26;2025-12-16;17;1656
26;2025-12-16;18;1748
26;2025-12-16;19;1241
26;2025-12-16;20;771
26;2025-12-16;21;454
26;2025-12-16;22;235
26;2025-12-16;23;119
26;2025-12-17;0;32
26;2025-12-17;1;1
26;2025-12-17;2;0
26;2025-12-17;3;0
26;2025-12-17;4;2
26;2025-12-17;5;85
26;2025-12-17;6;499
26;2025-12-17;7;1028
26;2025-12-17;8;2089
26;2025-12-17;9;1399
26;2025-12-17;10;1159
26;2025-12-17;11;1046
26;2025-12-17;12;1097
26;2025-12-17;13;1136
26;2025-12-17;14;1218
26;2025-12-17;15;1276
26;2025-12-17;16;1420
26;2025-12-17;17;1560
26;2025-12-17;18;1724
26;2025-12-17;19;1179
26;2025-12-17;20;764
26;2025-12-17;21;478
26;2025-12-17;22;238
26;2025-12-17;23;128
26;2025-12-18;0;37
26;2025-12-18;1;1
26;2025-12-18;2;0
26;2025-12-18;3;0
26;2025-12-18;4;1
26;2025-12-18;5;82
26;2025-12-18;6;482
26;2025-12-18;7;1024
26;2025-12-18;8;2011
26;2025-12-18;9;1425
26;2025-12-18;10;1131
26;2025-12-18;11;1087
26;2025-12-18;12;1074
26;2025-12-18;13;1108
26;2025-12-18;14;1144
26;2025-12-18;15;1272
26;2025-12-18;16;1410
26;2025-12-18;17;1603
26;2025-12-18;18;1742
26;2025-12-18;19;1218
26;2025-12-18;20;759
26;2025-12-18;21;459
26;2025-12-18;22;238
26;2025-12-18;23;131
26;2025-12-19;0;34
26;2025-12-19;1;2
26;2025-12-19;2;0
26;2025-12-19;3;0
26;2025-12-19;4;2
26;2025-12-19;5;79
26;2025-12-19;6;492
26;2025-12-19;7;1017
26;2025-12-19;8;1908
26;2025-12-19;9;1349
26;2025-12-19;10;1137
26;2025-12-19;11;1036
26;2025-12-19;12;1081
26;2025-12-19;13;1144
26;2025-12-19;14;1169
26;2025-12-19;15;1299
26;2025-12-19;16;1504
26;2025-12-19;17;1620
26;2025-12-19;18;1417
26;2025-12-19;19;1066
26;2025-12-19;20;699
26;2025-12-19;21;447
26;2025-12-19;22;235
26;2025-12-19;23;153
26;2025-12-20;0;44
26;2025-12-20;1;2
26;2025-12-20;2;0
26;2025-12-20;3;0
26;2025-12-20;4;2
26;2025-12-20;5;53
26;2025-12-20;6;297
26;2025-12-20;7;472
26;2025-12-20;8;765
26;2025-12-20;9;764
26;2025-12-20;10;797
26;2025-12-20;11;956
26;2025-12-20;12;928
26;2025-12-20;13;988
26;2025-12-20;14;961
26;2025-12-20;15;943
26;2025-12-20;16;936
26;2025-12-20;17;994
26;2025-12-20;18;971
26;2025-12-20;19;834
26;2025-12-20;20;573
26;2025-12-20;21;374
26;2025-12-20;22;226
26;2025-12-20;23;141
26;2025-12-21;0;46
26;2025-12-21;1;6
26;2025-12-21;2;0
26;2025-12-21;3;0
26;2025-12-21;4;2
26;2025-12-21;5;38
26;2025-12-21;6;218
26;2025-12-21;7;395
26;2025-12-21;8;647
26;2025-12-21;9;661
26;2025-12-21;10;654
26;2025-12-21;11;780
26;2025-12-21;12;829
26;2025-12-21;13;863
26;2025-12-21;14;829
26;2025-12-21;15;812
26;2025-12-21;16;825
26;2025-12-21;17;879
26;2025-12-21;18;834
26;2025-12-21;19;652
26;2025-12-21;20;473
26;2025-12-21;21;312
26;2025-12-21;22;206
26;2025-12-21;23;109
26;2025-12-22;0;29
26;2025-12-22;1;3
26;2025-12-22;2;0
26;2025-12-22;3;0
26;2025-12-22;4;2
26;2025-12-22;5;84
26;2025-12-22;6;494
26;2025-12-22;7;1044
26;2025-12-22;8;1976
26;2025-12-22;9;1396
26;2025-12-22;10;1140
26;2025-12-22;11;1012
26;2025-12-22;12;1025
26;2025-12-22;13;1118
26;2025-12-22;14;1097
26;2025-12-22;15;1207
26;2025-12-22;16;1410
26;2025-12-22;17;1598
26;2025-12-22;18;1773
26;2025-12-22;19;1204
26;2025-12-22;20;744
26;2025-12-22;21;450
26;2025-12-22;22;227
26;2025-12-22;23;112
26;2025-12-23;0;31
26;2025-12-23;1;1
26;2025-12-23;2;0
26;2025-12-23;3;0
26;2025-12-23;4;2
26;2025-12-23;5;83
26;2025-12-23;6;506
26;2025-12-23;7;1048
26;2025-12-23;8;2111
26;2025-12-23;9;1416
26;2025-12-23;10;1138
26;2025-12-23;11;1040
26;2025-12-23;12;1107
26;2025-12-23;13;1118
26;2025-12-23;14;1146
26;2025-12-23;15;1231
26;2025-12-23;16;1433
26;2025-12-23;17;1656
26;2025-12-23;18;1748
26;2025-12-23;19;1241
26;2025-12-23;20;771
26;2025-12-23;21;454
26;2025-12-23;22;235
26;2025-12-23;23;119
26;2025-12-24;0;32
26;2025-12-24;1;1
26;2025-12-24;2;0
26;2025-12-24;3;0
26;2025-12-24;4;2
26;2025-12-24;5;85
26;2025-12-24;6;499
26;2025-12-24;7;1028
26;2025-12-24;8;2089
26;2025-12-24;9;1399
26;2025-12-24;10;1159
26;2025-12-24;11;1046
26;2025-12-24;12;1097
26;2025-12-24;13;1136
26;2025-12-24;14;1218
26;2025-12-24;15;1276
26;2025-12-24;16;1420
26;2025-12-24;17;1560
26;2025-12-24;18;1724
26;2025-12-24;19;1179
26;2025-12-24;20;764
26;2025-12-24;21;478
26;2025-12-24;22;238
26;2025-12-24;23;128
26;2025-12-25;0;37
26;2025-12-25;1;1
26;2025-12-25;2;0
26;2025-12-25;3;0
26;2025-12-25;4;1
26;2025-12-25;5;82
26;2025-12-25;6;482
26;2025-12-25;7;1024
26;2025-12-25;8;2011
26;2025-12-25;9;1425
26;2025-12-25;10;1131
26;2025-12-25;11;1087
26;2025-12-25;12;1074
26;2025-12-25;13;1108
26;2025-12-25;14;1144
26;2025-12-25;15;1272
26;2025-12-25;16;1410
26;2025-12-25;17;1603
26;2025-12-25;18;1742
26;2025-12-25;19;1218
26;2025-12-25;20;759
26;2025-12-25;21;459
26;2025-12-25;22;238
26;2025-12-25;23;131
26;2025-12-26;0;34
26;2025-12-26;1;2
26;2025-12-26;2;0
26;2025-12-26;3;0
26;2025-12-26;4;2
26;2025-12-26;5;79
26;2025-12-26;6;492
26;2025-12-26;7;1017
26;2025-12-26;8;1908
26;2025-12-26;9;1349
26;2025-12-26;10;1137
26;2025-12-26;11;1036
26;2025-12-26;12;1081
26;2025-12-26;13;1144
26;2025-12-26;14;1169
26;2025-12-26;15;1299
26;2025-12-26;16;1504
26;2025-12-26;17;1620
26;2025-12-26;18;1417
26;2025-12-26;19;1066
26;2025-12-26;20;699
26;2025-12-26;21;447
26;2025-12-26;22;235
26;2025-12-26;23;153
26;2025-12-27;0;44
26;2025-12-27;1;2
26;2025-12-27;2;0
26;2025-12-27;3;0
26;2025-12-27;4;2
26;2025-12-27;5;53
26;2025-12-27;6;297
26;2025-12-27;7;472
26;2025-12-27;8;765
26;2025-12-27;9;764
26;2025-12-27;10;797
26;2025-12-27;11;956
26;2025-12-27;12;928
26;2025-12-27;13;988
26;2025-12-27;14;961
26;2025-12-27;15;943
26;2025-12-27;16;936
26;2025-12-27;17;994
26;2025-12-27;18;971
26;2025-12-27;19;834
26;2025-12-27;20;573
26;2025-12-27;21;374
26;2025-12-27;22;226
26;2025-12-27;23;141
26;2025-12-28;0;46
26;2025-12-28;1;6
26;2025-12-28;2;0
26;2025-12-28;3;0
26;2025-12-28;4;2
26;2025-12-28;5;38
26;2025-12-28;6;218
26;2025-12-28;7;395
26;2025-12-28;8;647
26;2025-12-28;9;661
26;2025-12-28;10;654
26;2025-12-28;11;780
26;2025-12-28;12;829
26;2025-12-28;13;863
26;2025-12-28;14;829
26;2025-12-28;15;812
26;2025-12-28;16;825
26;2025-12-28;17;879
26;2025-12-28;18;834
26;2025-12-28;19;652
26;2025-12-28;20;473
26;2025-12-28;21;312
26;2025-12-28;22;206
26;2025-12-28;23;109
26;2025-12-29;0;29
26;2025-12-29;1;3
26;2025-12-29;2;0
26;2025-12-29;3;0
26;2025-12-29;4;2
26;2025-12-29;5;84
26;2025-12-29;6;494
26;2025-12-29;7;1044
26;2025-12-29;8;1976
26;2025-12-29;9;1396
26;2025-12-29;10;1140
26;2025-12-29;11;1012
26;2025-12-29;12;1025
26;2025-12-29;13;1118
26;2025-12-29;14;1097
26;2025-12-29;15;1207
26;2025-12-29;16;1410
26;2025-12-29;17;1598
26;2025-12-29;18;1773
26;2025-12-29;19;1204
26;2025-12-29;20;744
26;2025-12-29;21;450
26;2025-12-29;22;227
26;2025-12-29;23;112
26;2025-12-30;0;31
26;2025-12-30;1;1
26;2025-12-30;2;0
26;2025-12-30;3;0
26;2025-12-30;4;2
26;2025-12-30;5;83
26;2025-12-30;6;506
26;2025-12-30;7;1048
26;2025-12-30;8;2111
26;2025-12-30;9;1416
26;2025-12-30;10;1138
26;2025-12-30;11;1040
26;2025-12-30;12;1107
26;2025-12-30;13;1118
26;2025-12-30;14;1146
26;2025-12-30;15;1231
26;2025-12-30;16;1433
26;2025-12-30;17;1656
26;2025-12-30;18;1748
26;2025-12-30;19;1241
26;2025-12-30;20;771
26;2025-12-30;21;454
26;2025-12-30;22;235
26;2025-12-30;23;119
26;2025-12-31;0;46
26;2025-12-31;1;6
26;2025-12-31;2;0
26;2025-12-31;3;0
26;2025-12-31;4;2
26;2025-12-31;5;38
26;2025-12-31;6;218
26;2025-12-31;7;395
26;2025-12-31;8;647
26;2025-12-31;9;661
26;2025-12-31;10;654
26;2025-12-31;11;780
26;2025-12-31;12;829
26;2025-12-31;13;863
26;2025-12-31;14;829
26;2025-12-31;15;812
26;2025-12-31;16;825
26;2025-12-31;17;879
26;2025-12-31;18;834
26;2025-12-31;19;652
26;2025-12-31;20;473
26;2025-12-31;21;312
26;2025-12-31;22;206
26;2025-12-31;23;109
28;2025-11-01;0;0
28;2025-11-01;1;0
28;2025-11-01;2;0
28;2025-11-01;3;0
28;2025-11-01;4;2
28;2025-11-01;5;76
28;2025-11-01;6;252
28;2025-11-01;7;725
28;2025-11-01;8;1131
28;2025-11-01;9;811
28;2025-11-01;10;582
28;2025-11-01;11;518
28;2025-11-01;12;631
28;2025-11-01;13;648
28;2025-11-01;14;602
28;2025-11-01;15;619
28;2025-11-01;16;803
28;2025-11-01;17;886
28;2025-11-01;18;890
28;2025-11-01;19;683
28;2025-11-01;20;464
28;2025-11-01;21;296
28;2025-11-01;22;123
28;2025-11-01;23;12
28;2025-11-02;0;0
28;2025-11-02;1;0
28;2025-11-02;2;0
28;2025-11-02;3;0
28;2025-11-02;4;0
28;2025-11-02;5;39
28;2025-11-02;6;111
28;2025-11-02;7;251
28;2025-11-02;8;383
28;2025-11-02;9;387
28;2025-11-02;10;379
28;2025-11-02;11;392
28;2025-11-02;12;450
28;2025-11-02;13;501
28;2025-11-02;14;491
28;2025-11-02;15;501
28;2025-11-02;16;494
28;2025-11-02;17;507
28;2025-11-02;18;479
28;2025-11-02;19;402
28;2025-11-02;20;314
28;2025-11-02;21;244
28;2025-11-02;22;115
28;2025-11-02;23;11
28;2025-11-03;0;0
28;2025-11-03;1;0
28;2025-11-03;2;0
28;2025-11-03;3;0
28;2025-11-03;4;0
28;2025-11-03;5;39
28;2025-11-03;6;111
28;2025-11-03;7;251
28;2025-11-03;8;383
28;2025-11-03;9;387
28;2025-11-03;10;379
28;2025-11-03;11;392
28;2025-11-03;12;450
28;2025-11-03;13;501
28;2025-11-03;14;491
28;2025-11-03;15;501
28;2025-11-03;16;494
28;2025-11-03;17;507
28;2025-11-03;18;479
28;2025-11-03;19;402
28;2025-11-03;20;314
28;2025-11-03;21;244
28;2025-11-03;22;115
28;2025-11-03;23;11
28;2025-11-04;0;0
28;2025-11-04;1;0
28;2025-11-04;2;0
28;2025-11-04;3;0
28;2025-11-04;4;0
28;2025-11-04;5;39
28;2025-11-04;6;111
28;2025-11-04;7;251
28;2025-11-04;8;383
28;2025-11-04;9;387
28;2025-11-04;10;379
28;2025-11-04;11;392
28;2025-11-04;12;450
28;2025-11-04;13;501
28;2025-11-04;14;491
28;2025-11-04;15;501
28;2025-11-04;16;494
28;2025-11-04;17;507
28;2025-11-04;18;479
28;2025-11-04;19;402
28;2025-11-04;20;314
28;2025-11-04;21;244
28;2025-11-04;22;115
28;2025-11-04;23;11
28;2025-11-05;0;0
28;2025-11-05;1;0
28;2025-11-05;2;0
28;2025-11-05;3;0
28;2025-11-05;4;2
28;2025-11-05;5;79
28;2025-11-05;6;266
28;2025-11-05;7;739
28;2025-11-05;8;1143
28;2025-11-05;9;786
28;2025-11-05;10;570
28;2025-11-05;11;564
28;2025-11-05;12;642
28;2025-11-05;13;684
28;2025-11-05;14;635
28;2025-11-05;15;656
28;2025-11-05;16;810
28;2025-11-05;17;936
28;2025-11-05;18;894
28;2025-11-05;19;694
28;2025-11-05;20;478
28;2025-11-05;21;305
28;2025-11-05;22;141
28;2025-11-05;23;16
28;2025-11-06;0;0
28;2025-11-06;1;0
28;2025-11-06;2;0
28;2025-11-06;3;0
28;2025-11-06;4;1
28;2025-11-06;5;74
28;2025-11-06;6;265
28;2025-11-06;7;763
28;2025-11-06;8;1178
28;2025-11-06;9;828
28;2025-11-06;10;587
28;2025-11-06;11;516
28;2025-11-06;12;663
28;2025-11-06;13;675
28;2025-11-06;14;634
28;2025-11-06;15;653
28;2025-11-06;16;781
28;2025-11-06;17;904
28;2025-11-06;18;930
28;2025-11-06;19;692
28;2025-11-06;20;510
28;2025-11-06;21;316
28;2025-11-06;22;139
28;2025-11-06;23;13
28;2025-11-07;0;0
28;2025-11-07;1;0
28;2025-11-07;2;0
28;2025-11-07;3;0
28;2025-11-07;4;2
28;2025-11-07;5;73
28;2025-11-07;6;245
28;2025-11-07;7;714
28;2025-11-07;8;1071
28;2025-11-07;9;782
28;2025-11-07;10;583
28;2025-11-07;11;513
28;2025-11-07;12;627
28;2025-11-07;13;675
28;2025-11-07;14;659
28;2025-11-07;15;653
28;2025-11-07;16;856
28;2025-11-07;17;912
28;2025-11-07;18;790
28;2025-11-07;19;610
28;2025-11-07;20;440
28;2025-11-07;21;298
28;2025-11-07;22;138
28;2025-11-07;23;16
28;2025-11-08;0;0
28;2025-11-08;1;0
28;2025-11-08;2;0
28;2025-11-08;3;0
28;2025-11-08;4;1
28;2025-11-08;5;43
28;2025-11-08;6;126
28;2025-11-08;7;300
28;2025-11-08;8;453
28;2025-11-08;9;498
28;2025-11-08;10;460
28;2025-11-08;11;446
28;2025-11-08;12;522
28;2025-11-08;13;567
28;2025-11-08;14;556
28;2025-11-08;15;544
28;2025-11-08;16;544
28;2025-11-08;17;564
28;2025-11-08;18;517
28;2025-11-08;19;433
28;2025-11-08;20;329
28;2025-11-08;21;268
28;2025-11-08;22;130
28;2025-11-08;23;14
28;2025-11-09;0;0
28;2025-11-09;1;0
28;2025-11-09;2;0
28;2025-11-09;3;0
28;2025-11-09;4;0
28;2025-11-09;5;39
28;2025-11-09;6;111
28;2025-11-09;7;251
28;2025-11-09;8;383
28;2025-11-09;9;387
28;2025-11-09;10;379
28;2025-11-09;11;392
28;2025-11-09;12;450
28;2025-11-09;13;501
28;2025-11-09;14;491
28;2025-11-09;15;501
28;2025-11-09;16;494
28;2025-11-09;17;507
28;2025-11-09;18;479
28;2025-11-09;19;402
28;2025-11-09;20;314
28;2025-11-09;21;244
28;2025-11-09;22;115
28;2025-11-09;23;11
28;2025-11-10;0;0
28;2025-11-10;1;0
28;2025-11-10;2;0
28;2025-11-10;3;0
28;2025-11-10;4;2
28;2025-11-10;5;76
28;2025-11-10;6;252
28;2025-11-10;7;725
28;2025-11-10;8;1131
28;2025-11-10;9;811
28;2025-11-10;10;582
28;2025-11-10;11;518
28;2025-11-10;12;631
28;2025-11-10;13;648
28;2025-11-10;14;602
28;2025-11-10;15;619
28;2025-11-10;16;803
28;2025-11-10;17;886
28;2025-11-10;18;890
28;2025-11-10;19;683
28;2025-11-10;20;464
28;2025-11-10;21;296
28;2025-11-10;22;123
28;2025-11-10;23;12
28;2025-11-11;0;0
28;2025-11-11;1;0
28;2025-11-11;2;0
28;2025-11-11;3;0
28;2025-11-11;4;2
28;2025-11-11;5;73
28;2025-11-11;6;254
28;2025-11-11;7;740
28;2025-11-11;8;1131
28;2025-11-11;9;821
28;2025-11-11;10;624
28;2025-11-11;11;534
28;2025-11-11;12;627
28;2025-11-11;13;687
28;2025-11-11;14;629
28;2025-11-11;15;649
28;2025-11-11;16;760
28;2025-11-11;17;898
28;2025-11-11;18;892
28;2025-11-11;19;687
28;2025-11-11;20;500
28;2025-11-11;21;302
28;2025-11-11;22;123
28;2025-11-11;23;15
28;2025-11-12;0;0
28;2025-11-12;1;0
28;2025-11-12;2;0
28;2025-11-12;3;0
28;2025-11-12;4;2
28;2025-11-12;5;79
28;2025-11-12;6;266
28;2025-11-12;7;739
28;2025-11-12;8;1143
28;2025-11-12;9;786
28;2025-11-12;10;570
28;2025-11-12;11;564
28;2025-11-12;12;642
28;2025-11-12;13;684
28;2025-11-12;14;635
28;2025-11-12;15;656
28;2025-11-12;16;810
28;2025-11-12;17;936
28;2025-11-12;18;894
28;2025-11-12;19;694
28;2025-11-12;20;478
28;2025-11-12;21;305
28;2025-11-12;22;141
28;2025-11-12;23;16
28;2025-11-13;0;0
28;2025-11-13;1;0
28;2025-11-13;2;0
28;2025-11-13;3;0
28;2025-11-13;4;1
28;2025-11-13;5;74
28;2025-11-13;6;265
28;2025-11-13;7;763
28;2025-11-13;8;1178
28;2025-11-13;9;828
28;2025-11-13;10;587
28;2025-11-13;11;516
28;2025-11-13;12;663
28;2025-11-13;13;675
28;2025-11-13;14;634
28;2025-11-13;15;653
28;2025-11-13;16;781
28;2025-11-13;17;904
28;2025-11-13;18;930
28;2025-11-13;19;692
28;2025-11-13;20;510
28;2025-11-13;21;316
28;2025-11-13;22;139
28;2025-11-13;23;13
28;2025-11-14;0;0
28;2025-11-14;1;0
28;2025-11-14;2;0
28;2025-11-14;3;0
28;2025-11-14;4;2
28;2025-11-14;5;73
28;2025-11-14;6;245
28;2025-11-14;7;714
28;2025-11-14;8;1071
28;2025-11-14;9;782
28;2025-11-14;10;583
28;2025-11-14;11;513
28;2025-11-14;12;627
28;2025-11-14;13;675
28;2025-11-14;14;659
28;2025-11-14;15;653
28;2025-11-14;16;856
28;2025-11-14;17;912
28;2025-11-14;18;790
28;2025-11-14;19;610
28;2025-11-14;20;440
28;2025-11-14;21;298
28;2025-11-14;22;138
28;2025-11-14;23;16
28;2025-11-15;0;0
28;2025-11-15;1;0
28;2025-11-15;2;0
28;2025-11-15;3;0
28;2025-11-15;4;1
28;2025-11-15;5;43
28;2025-11-15;6;126
28;2025-11-15;7;300
28;2025-11-15;8;453
28;2025-11-15;9;498
28;2025-11-15;10;460
28;2025-11-15;11;446
28;2025-11-15;12;522
28;2025-11-15;13;567
28;2025-11-15;14;556
28;2025-11-15;15;544
28;2025-11-15;16;544
28;2025-11-15;17;564
28;2025-11-15;18;517
28;2025-11-15;19;433
28;2025-11-15;20;329
28;2025-11-15;21;268
28;2025-11-15;22;130
28;2025-11-15;23;14
28;2025-11-16;0;0
28;2025-11-16;1;0
28;2025-11-16;2;0
28;2025-11-16;3;0
28;2025-11-16;4;0
28;2025-11-16;5;39
28;2025-11-16;6;111
28;2025-11-16;7;251
28;2025-11-16;8;383
28;2025-11-16;9;387
28;2025-11-16;10;379
28;2025-11-16;11;392
28;2025-11-16;12;450
28;2025-11-16;13;501
28;2025-11-16;14;491
28;2025-11-16;15;501
28;2025-11-16;16;494
28;2025-11-16;17;507
28;2025-11-16;18;479
28;2025-11-16;19;402
28;2025-11-16;20;314
28;2025-11-16;21;244
28;2025-11-16;22;115
28;2025-11-16;23;11
28;2025-11-17;0;0
28;2025-11-17;1;0
28;2025-11-17;2;0
28;2025-11-17;3;0
28;2025-11-17;4;2
28;2025-11-17;5;76
28;2025-11-17;6;252
28;2025-11-17;7;725
28;2025-11-17;8;1131
28;2025-11-17;9;811
28;2025-11-17;10;582
28;2025-11-17;11;518
28;2025-11-17;12;631
28;2025-11-17;13;648
28;2025-11-17;14;602
28;2025-11-17;15;619
28;2025-11-17;16;803
28;2025-11-17;17;886
28;2025-11-17;18;890
28;2025-11-17;19;683
28;2025-11-17;20;464
28;2025-11-17;21;296
28;2025-11-17;22;123
28;2025-11-17;23;12
28;2025-11-18;0;0
28;2025-11-18;1;0
28;2025-11-18;2;0
28;2025-11-18;3;0
28;2025-11-18;4;2
28;2025-11-18;5;73
28;2025-11-18;6;254
28;2025-11-18;7;740
28;2025-11-18;8;1131
28;2025-11-18;9;821
28;2025-11-18;10;624
28;2025-11-18;11;534
28;2025-11-18;12;627
28;2025-11-18;13;687
28;2025-11-18;14;629
28;2025-11-18;15;649
28;2025-11-18;16;760
28;2025-11-18;17;898
28;2025-11-18;18;892
28;2025-11-18;19;687
28;2025-11-18;20;500
28;2025-11-18;21;302
28;2025-11-18;22;123
28;2025-11-18;23;15
28;2025-11-19;0;0
28;2025-11-19;1;0
28;2025-11-19;2;0
28;2025-11-19;3;0
28;2025-11-19;4;2
28;2025-11-19;5;79
28;2025-11-19;6;266
28;2025-11-19;7;739
28;2025-11-19;8;1143
28;2025-11-19;9;786
28;2025-11-19;10;570
28;2025-11-19;11;564
28;2025-11-19;12;642
28;2025-11-19;13;684
28;2025-11-19;14;635
28;2025-11-19;15;656
28;2025-11-19;16;810
28;2025-11-19;17;936
28;2025-11-19;18;894
28;2025-11-19;19;694
28;2025-11-19;20;478
28;2025-11-19;21;305
28;2025-11-19;22;141
28;2025-11-19;23;16
28;2025-11-20;0;0
28;2025-11-20;1;0
28;2025-11-20;2;0
28;2025-11-20;3;0
28;2025-11-20;4;1
28;2025-11-20;5;74
28;2025-11-20;6;265
28;2025-11-20;7;763
28;2025-11-20;8;1178
28;2025-11-20;9;828
28;2025-11-20;10;587
28;2025-11-20;11;516
28;2025-11-20;12;663
28;2025-11-20;13;675
28;2025-11-20;14;634
28;2025-11-20;15;653
28;2025-11-20;16;781
28;2025-11-20;17;904
28;2025-11-20;18;930
28;2025-11-20;19;692
28;2025-11-20;20;510
28;2025-11-20;21;316
28;2025-11-20;22;139
28;2025-11-20;23;13
28;2025-11-21;0;0
28;2025-11-21;1;0
28;2025-11-21;2;0
28;2025-11-21;3;0
28;2025-11-21;4;2
28;2025-11-21;5;73
28;2025-11-21;6;245
28;2025-11-21;7;714
28;2025-11-21;8;1071
28;2025-11-21;9;782
28;2025-11-21;10;583
28;2025-11-21;11;513
28;2025-11-21;12;627
28;2025-11-21;13;675
28;2025-11-21;14;659
28;2025-11-21;15;653
28;2025-11-21;16;856
28;2025-11-21;17;912
28;2025-11-21;18;790
28;2025-11-21;19;610
28;2025-11-21;20;440
28;2025-11-21;21;298
28;2025-11-21;22;138
28;2025-11-21;23;16
28;2025-11-22;0;0
28;2025-11-22;1;0
28;2025-11-22;2;0
28;2025-11-22;3;0
28;2025-11-22;4;1
28;2025-11-22;5;43
28;2025-11-22;6;126
28;2025-11-22;7;300
28;2025-11-22;8;453
28;2025-11-22;9;498
28;2025-11-22;10;460
28;2025-11-22;11;446
28;2025-11-22;12;522
28;2025-11-22;13;567
28;2025-11-22;14;556
28;2025-11-22;15;544
28;2025-11-22;16;544
28;2025-11-22;17;564
28;2025-11-22;18;517
28;2025-11-22;19;433
28;2025-11-22;20;329
28;2025-11-22;21;268
28;2025-11-22;22;130
28;2025-11-22;23;14
28;2025-11-23;0;0
28;2025-11-23;1;0
28;2025-11-23;2;0
28;2025-11-23;3;0
28;2025-11-23;4;0
28;2025-11-23;5;39
28;2025-11-23;6;111
28;2025-11-23;7;251
28;2025-11-23;8;383
28;2025-11-23;9;387
28;2025-11-23;10;379
28;2025-11-23;11;392
28;2025-11-23;12;450
28;2025-11-23;13;501
28;2025-11-23;14;491
28;2025-11-23;15;501
28;2025-11-23;16;494
28;2025-11-23;17;507
28;2025-11-23;18;479
28;2025-11-23;19;402
28;2025-11-23;20;314
28;2025-11-23;21;244
28;2025-11-23;22;115
28;2025-11-23;23;11
28;2025-11-24;0;0
28;2025-11-24;1;0
28;2025-11-24;2;0
28;2025-11-24;3;0
28;2025-11-24;4;2
28;2025-11-24;5;76
28;2025-11-24;6;252
28;2025-11-24;7;725
28;2025-11-24;8;1131
28;2025-11-24;9;811
28;2025-11-24;10;582
28;2025-11-24;11;518
28;2025-11-24;12;631
28;2025-11-24;13;648
28;2025-11-24;14;602
28;2025-11-24;15;619
28;2025-11-24;16;803
28;2025-11-24;17;886
28;2025-11-24;18;890
28;2025-11-24;19;683
28;2025-11-24;20;464
28;2025-11-24;21;296
28;2025-11-24;22;123
28;2025-11-24;23;12
28;2025-11-25;0;0
28;2025-11-25;1;0
28;2025-11-25;2;0
28;2025-11-25;3;0
28;2025-11-25;4;2
28;2025-11-25;5;73
28;2025-11-25;6;254
28;2025-11-25;7;740
28;2025-11-25;8;1131
28;2025-11-25;9;821
28;2025-11-25;10;624
28;2025-11-25;11;534
28;2025-11-25;12;627
28;2025-11-25;13;687
28;2025-11-25;14;629
28;2025-11-25;15;649
28;2025-11-25;16;760
28;2025-11-25;17;898
28;2025-11-25;18;892
28;2025-11-25;19;687
28;2025-11-25;20;500
28;2025-11-25;21;302
28;2025-11-25;22;123
28;2025-11-25;23;15
28;2025-11-26;0;0
28;2025-11-26;1;0
28;2025-11-26;2;0
28;2025-11-26;3;0
28;2025-11-26;4;2
28;2025-11-26;5;79
28;2025-11-26;6;266
28;2025-11-26;7;739
28;2025-11-26;8;1143
28;2025-11-26;9;786
28;2025-11-26;10;570
28;2025-11-26;11;564
28;2025-11-26;12;642
28;2025-11-26;13;684
28;2025-11-26;14;635
28;2025-11-26;15;656
28;2025-11-26;16;810
28;2025-11-26;17;936
28;2025-11-26;18;894
28;2025-11-26;19;694
28;2025-11-26;20;478
28;2025-11-26;21;305
28;2025-11-26;22;141
28;2025-11-26;23;16
28;2025-11-27;0;0
28;2025-11-27;1;0
28;2025-11-27;2;0
28;2025-11-27;3;0
28;2025-11-27;4;1
28;2025-11-27;5;74
28;2025-11-27;6;265
28;2025-11-27;7;763
28;2025-11-27;8;1178
28;2025-11-27;9;828
28;2025-11-27;10;587
28;2025-11-27;11;516
28;2025-11-27;12;663
28;2025-11-27;13;675
28;2025-11-27;14;634
28;2025-11-27;15;653
28;2025-11-27;16;781
28;2025-11-27;17;904
28;2025-11-27;18;930
28;2025-11-27;19;692
28;2025-11-27;20;510
28;2025-11-27;21;316
28;2025-11-27;22;139
28;2025-11-27;23;13
28;2025-11-28;0;0
28;2025-11-28;1;0
28;2025-11-28;2;0
28;2025-11-28;3;0
28;2025-11-28;4;2
28;2025-11-28;5;73
28;2025-11-28;6;245
28;2025-11-28;7;714
28;2025-11-28;8;1071
28;2025-11-28;9;782
28;2025-11-28;10;583
28;2025-11-28;11;513
28;2025-11-28;12;627
28;2025-11-28;13;675
28;2025-11-28;14;659
28;2025-11-28;15;653
28;2025-11-28;16;856
28;2025-11-28;17;912
28;2025-11-28;18;790
28;2025-11-28;19;610
28;2025-11-28;20;440
28;2025-11-28;21;298
28;2025-11-28;22;138
28;2025-11-28;23;16
28;2025-11-29;0;0
28;2025-11-29;1;0
28;2025-11-29;2;0
28;2025-11-29;3;0
28;2025-11-29;4;1
28;2025-11-29;5;43
28;2025-11-29;6;126
28;2025-11-29;7;300
28;2025-11-29;8;453
28;2025-11-29;9;498
28;2025-11-29;10;460
28;2025-11-29;11;446
28;2025-11-29;12;522
28;2025-11-29;13;567
28;2025-11-29;14;556
28;2025-11-29;15;544
28;2025-11-29;16;544
28;2025-11-29;17;564
28;2025-11-29;18;517
28;2025-11-29;19;433
28;2025-11-29;20;329
28;2025-11-29;21;268
28;2025-11-29;22;130
28;2025-11-29;23;14
28;2025-11-30;0;0
28;2025-11-30;1;0
28;2025-11-30;2;0
28;2025-11-30;3;0
28;2025-11-30;4;0
28;2025-11-30;5;39
28;2025-11-30;6;111
28;2025-11-30;7;251
28;2025-11-30;8;383
28;2025-11-30;9;387
28;2025-11-30;10;379
28;2025-11-30;11;392
28;2025-11-30;12;450
28;2025-11-30;13;501
28;2025-11-30;14;491
28;2025-11-30;15;501
28;2025-11-30;16;494
28;2025-11-30;17;507
28;2025-11-30;18;479
28;2025-11-30;19;402
28;2025-11-30;20;314
28;2025-11-30;21;244
28;2025-11-30;22;115
28;2025-11-30;23;11
28;2025-12-01;0;0
28;2025-12-01;1;0
28;2025-12-01;2;0
28;2025-12-01;3;0
28;2025-12-01;4;2
28;2025-12-01;5;76
28;2025-12-01;6;252
28;2025-12-01;7;725
28;2025-12-01;8;1131
28;2025-12-01;9;811
28;2025-12-01;10;582
28;2025-12-01;11;518
28;2025-12-01;12;631
28;2025-12-01;13;648
28;2025-12-01;14;602
28;2025-12-01;15;619
28;2025-12-01;16;803
28;2025-12-01;17;886
28;2025-12-01;18;890
28;2025-12-01;19;683
28;2025-12-01;20;464
28;2025-12-01;21;296
28;2025-12-01;22;123
28;2025-12-01;23;12
28;2025-12-02;0;0
28;2025-12-02;1;0
28;2025-12-02;2;0
28;2025-12-02;3;0
28;2025-12-02;4;2
28;2025-12-02;5;73
28;2025-12-02;6;254
28;2025-12-02;7;740
28;2025-12-02;8;1131
28;2025-12-02;9;821
28;2025-12-02;10;624
28;2025-12-02;11;534
28;2025-12-02;12;627
28;2025-12-02;13;687
28;2025-12-02;14;629
28;2025-12-02;15;649
28;2025-12-02;16;760
28;2025-12-02;17;898
28;2025-12-02;18;892
28;2025-12-02;19;687
28;2025-12-02;20;500
28;2025-12-02;21;302
28;2025-12-02;22;123
28;2025-12-02;23;15
28;2025-12-03;0;0
28;2025-12-03;1;0
28;2025-12-03;2;0
28;2025-12-03;3;0
28;2025-12-03;4;2
28;2025-12-03;5;79
28;2025-12-03;6;266
28;2025-12-03;7;739
28;2025-12-03;8;1143
28;2025-12-03;9;786
28;2025-12-03;10;570
28;2025-12-03;11;564
28;2025-12-03;12;642
28;2025-12-03;13;684
28;2025-12-03;14;635
28;2025-12-03;15;656
28;2025-12-03;16;810
28;2025-12-03;17;936
28;2025-12-03;18;894
28;2025-12-03;19;694
28;2025-12-03;20;478
28;2025-12-03;21;305
28;2025-12-03;22;141
28;2025-12-03;23;16
28;2025-12-04;0;0
28;2025-12-04;1;0
28;2025-12-04;2;0
28;2025-12-04;3;0
28;2025-12-04;4;1
28;2025-12-04;5;74
28;2025-12-04;6;265
28;2025-12-04;7;763
28;2025-12-04;8;1178
28;2025-12-04;9;828
28;2025-12-04;10;587
28;2025-12-04;11;516
28;2025-12-04;12;663
28;2025-12-04;13;675
28;2025-12-04;14;634
28;2025-12-04;15;653
28;2025-12-04;16;781
28;2025-12-04;17;904
28;2025-12-04;18;930
28;2025-12-04;19;692
28;2025-12-04;20;510
28;2025-12-04;21;316
28;2025-12-04;22;139
28;2025-12-04;23;13
28;2025-12-05;0;0
28;2025-12-05;1;0
28;2025-12-05;2;0
28;2025-12-05;3;0
28;2025-12-05;4;2
28;2025-12-05;5;73
28;2025-12-05;6;245
28;2025-12-05;7;714
28;2025-12-05;8;1071
28;2025-12-05;9;782
28;2025-12-05;10;583
28;2025-12-05;11;513
28;2025-12-05;12;627
28;2025-12-05;13;675
28;2025-12-05;14;659
28;2025-12-05;15;653
28;2025-12-05;16;856
28;2025-12-05;17;912
28;2025-12-05;18;790
28;2025-12-05;19;610
28;2025-12-05;20;440
28;2025-12-05;21;298
28;2025-12-05;22;138
28;2025-12-05;23;16
28;2025-12-06;0;0
28;2025-12-06;1;0
28;2025-12-06;2;0
28;2025-12-06;3;0
28;2025-12-06;4;1
28;2025-12-06;5;43
28;2025-12-06;6;126
28;2025-12-06;7;300
28;2025-12-06;8;453
28;2025-12-06;9;498
28;2025-12-06;10;460
28;2025-12-06;11;446
28;2025-12-06;12;522
28;2025-12-06;13;567
28;2025-12-06;14;556
28;2025-12-06;15;544
28;2025-12-06;16;544
28;2025-12-06;17;564
28;2025-12-06;18;517
28;2025-12-06;19;433
28;2025-12-06;20;329
28;2025-12-06;21;268
28;2025-12-06;22;130
28;2025-12-06;23;14
28;2025-12-07;0;0
28;2025-12-07;1;0
28;2025-12-07;2;0
28;2025-12-07;3;0
28;2025-12-07;4;0
28;2025-12-07;5;39
28;2025-12-07;6;111
28;2025-12-07;7;251
28;2025-12-07;8;383
28;2025-12-07;9;387
28;2025-12-07;10;379
28;2025-12-07;11;392
28;2025-12-07;12;450
28;2025-12-07;13;501
28;2025-12-07;14;491
28;2025-12-07;15;501
28;2025-12-07;16;494
28;2025-12-07;17;507
28;2025-12-07;18;479
28;2025-12-07;19;402
28;2025-12-07;20;314
28;2025-12-07;21;244
28;2025-12-07;22;115
28;2025-12-07;23;11
28;2025-12-08;0;0
28;2025-12-08;1;0
28;2025-12-08;2;0
28;2025-12-08;3;0
28;2025-12-08;4;2
28;2025-12-08;5;76
28;2025-12-08;6;252
28;2025-12-08;7;725
28;2025-12-08;8;1131
28;2025-12-08;9;811
28;2025-12-08;10;582
28;2025-12-08;11;518
28;2025-12-08;12;631
28;2025-12-08;13;648
28;2025-12-08;14;602
28;2025-12-08;15;619
28;2025-12-08;16;803
28;2025-12-08;17;886
28;2025-12-08;18;890
28;2025-12-08;19;683
28;2025-12-08;20;464
28;2025-12-08;21;296
28;2025-12-08;22;123
28;2025-12-08;23;12
28;2025-12-09;0;0
28;2025-12-09;1;0
28;2025-12-09;2;0
28;2025-12-09;3;0
28;2025-12-09;4;2
28;2025-12-09;5;73
28;2025-12-09;6;254
28;2025-12-09;7;740
28;2025-12-09;8;1131
28;2025-12-09;9;821
28;2025-12-09;10;624
28;2025-12-09;11;534
28;2025-12-09;12;627
28;2025-12-09;13;687
28;2025-12-09;14;629
28;2025-12-09;15;649
28;2025-12-09;16;760
28;2025-12-09;17;898
28;2025-12-09;18;892
28;2025-12-09;19;687
28;2025-12-09;20;500
28;2025-12-09;21;302
28;2025-12-09;22;123
28;2025-12-09;23;15
28;2025-12-10;0;0
28;2025-12-10;1;0
28;2025-12-10;2;0
28;2025-12-10;3;0
28;2025-12-10;4;2
28;2025-12-10;5;79
28;2025-12-10;6;266
28;2025-12-10;7;739
28;2025-12-10;8;1143
28;2025-12-10;9;786
28;2025-12-10;10;570
28;2025-12-10;11;564
28;2025-12-10;12;642
28;2025-12-10;13;684
28;2025-12-10;14;635
28;2025-12-10;15;656
28;2025-12-10;16;810
28;2025-12-10;17;936
28;2025-12-10;18;894
28;2025-12-10;19;694
28;2025-12-10;20;478
28;2025-12-10;21;305
28;2025-12-10;22;141
28;2025-12-10;23;16
28;2025-12-11;0;0
28;2025-12-11;1;0
28;2025-12-11;2;0
28;2025-12-11;3;0
28;2025-12-11;4;1
28;2025-12-11;5;74
28;2025-12-11;6;265
28;2025-12-11;7;763
28;2025-12-11;8;1178
28;2025-12-11;9;828
28;2025-12-11;10;587
28;2025-12-11;11;516
28;2025-12-11;12;663
28;2025-12-11;13;675
28;2025-12-11;14;634
28;2025-12-11;15;653
28;2025-12-11;16;781
28;2025-12-11;17;904
28;2025-12-11;18;930
28;2025-12-11;19;692
28;2025-12-11;20;510
28;2025-12-11;21;316
28;2025-12-11;22;139
28;2025-12-11;23;13
28;2025-12-12;0;0
28;2025-12-12;1;0
28;2025-12-12;2;0
28;2025-12-12;3;0
28;2025-12-12;4;2
28;2025-12-12;5;73
28;2025-12-12;6;245
28;2025-12-12;7;714
28;2025-12-12;8;1071
28;2025-12-12;9;782
28;2025-12-12;10;583
28;2025-12-12;11;513
28;2025-12-12;12;627
28;2025-12-12;13;675
28;2025-12-12;14;659
28;2025-12-12;15;653
28;2025-12-12;16;856
28;2025-12-12;17;912
28;2025-12-12;18;790
28;2025-12-12;19;610
28;2025-12-12;20;440
28;2025-12-12;21;298
28;2025-12-12;22;138
28;2025-12-12;23;16
28;2025-12-13;0;0
28;2025-12-13;1;0
28;2025-12-13;2;0
28;2025-12-13;3;0
28;2025-12-13;4;1
28;2025-12-13;5;43
28;2025-12-13;6;126
28;2025-12-13;7;300
28;2025-12-13;8;453
28;2025-12-13;9;498
28;2025-12-13;10;460
28;2025-12-13;11;446
28;2025-12-13;12;522
28;2025-12-13;13;567
28;2025-12-13;14;556
28;2025-12-13;15;544
28;2025-12-13;16;544
28;2025-12-13;17;564
28;2025-12-13;18;517
28;2025-12-13;19;433
28;2025-12-13;20;329
28;2025-12-13;21;268
28;2025-12-13;22;130
28;2025-12-13;23;14
28;2025-12-14;0;0
28;2025-12-14;1;0
28;2025-12-14;2;0
28;2025-12-14;3;0
28;2025-12-14;4;0
28;2025-12-14;5;39
28;2025-12-14;6;111
28;2025-12-14;7;251
28;2025-12-14;8;383
28;2025-12-14;9;387
28;2025-12-14;10;379
28;2025-12-14;11;392
28;2025-12-14;12;450
28;2025-12-14;13;501
28;2025-12-14;14;491
28;2025-12-14;15;501
28;2025-12-14;16;494
28;2025-12-14;17;507
28;2025-12-14;18;479
28;2025-12-14;19;402
28;2025-12-14;20;314
28;2025-12-14;21;244
28;2025-12-14;22;115
28;2025-12-14;23;11
28;2025-12-15;0;0
28;2025-12-15;1;0
28;2025-12-15;2;0
28;2025-12-15;3;0
28;2025-12-15;4;2
28;2025-12-15;5;76
28;2025-12-15;6;252
28;2025-12-15;7;725
28;2025-12-15;8;1131
28;2025-12-15;9;811
28;2025-12-15;10;582
28;2025-12-15;11;518
28;2025-12-15;12;631
28;2025-12-15;13;648
28;2025-12-15;14;602
28;2025-12-15;15;619
28;2025-12-15;16;803
28;2025-12-15;17;886
28;2025-12-15;18;890
28;2025-12-15;19;683
28;2025-12-15;20;464
28;2025-12-15;21;296
28;2025-12-15;22;123
28;2025-12-15;23;12
28;2025-12-16;0;0
28;2025-12-16;1;0
28;2025-12-16;2;0
28;2025-12-16;3;0
28;2025-12-16;4;2
28;2025-12-16;5;73
28;2025-12-16;6;254
28;2025-12-16;7;740
28;2025-12-16;8;1131
28;2025-12-16;9;821
28;2025-12-16;10;624
28;2025-12-16;11;534
28;2025-12-16;12;627
28;2025-12-16;13;687
28;2025-12-16;14;629
28;2025-12-16;15;649
28;2025-12-16;16;760
28;2025-12-16;17;898
28;2025-12-16;18;892
28;2025-12-16;19;687
28;2025-12-16;20;500
28;2025-12-16;21;302
28;2025-12-16;22;123
28;2025-12-16;23;15
28;2025-12-17;0;0
28;2025-12-17;1;0
28;2025-12-17;2;0
28;2025-12-17;3;0
28;2025-12-17;4;2
28;2025-12-17;5;79
28;2025-12-17;6;266
28;2025-12-17;7;739
28;2025-12-17;8;1143
28;2025-12-17;9;786
28;2025-12-17;10;570
28;2025-12-17;11;564
28;2025-12-17;12;642
28;2025-12-17;13;684
28;2025-12-17;14;635
28;2025-12-17;15;656
28;2025-12-17;16;810
28;2025-12-17;17;936
28;2025-12-17;18;894
28;2025-12-17;19;694
28;2025-12-17;20;478
28;2025-12-17;21;305
28;2025-12-17;22;141
28;2025-12-17;23;16
28;2025-12-18;0;0
28;2025-12-18;1;0
28;2025-12-18;2;0
28;2025-12-18;3;0
28;2025-12-18;4;1
28;2025-12-18;5;74
28;2025-12-18;6;265
28;2025-12-18;7;763
28;2025-12-18;8;1178
28;2025-12-18;9;828
28;2025-12-18;10;587
28;2025-12-18;11;516
28;2025-12-18;12;663
28;2025-12-18;13;675
28;2025-12-18;14;634
28;2025-12-18;15;653
28;2025-12-18;16;781
28;2025-12-18;17;904
28;2025-12-18;18;930
28;2025-12-18;19;692
28;2025-12-18;20;510
28;2025-12-18;21;316
28;2025-12-18;22;139
28;2025-12-18;23;13
28;2025-12-19;0;0
28;2025-12-19;1;0
28;2025-12-19;2;0
28;2025-12-19;3;0
28;2025-12-19;4;2
28;2025-12-19;5;73
28;2025-12-19;6;245
28;2025-12-19;7;714
28;2025-12-19;8;1071
28;2025-12-19;9;782
28;2025-12-19;10;583
28;2025-12-19;11;513
28;2025-12-19;12;627
28;2025-12-19;13;675
28;2025-12-19;14;659
28;2025-12-19;15;653
28;2025-12-19;16;856
28;2025-12-19;17;912
28;2025-12-19;18;790
28;2025-12-19;19;610
28;2025-12-19;20;440
28;2025-12-19;21;298
28;2025-12-19;22;138
28;2025-12-19;23;16
28;2025-12-20;0;0
28;2025-12-20;1;0
28;2025-12-20;2;0
28;2025-12-20;3;0
28;2025-12-20;4;1
28;2025-12-20;5;43
28;2025-12-20;6;126
28;2025-12-20;7;300
28;2025-12-20;8;453
28;2025-12-20;9;498
28;2025-12-20;10;460
28;2025-12-20;11;446
28;2025-12-20;12;522
28;2025-12-20;13;567
28;2025-12-20;14;556
28;2025-12-20;15;544
28;2025-12-20;16;544
28;2025-12-20;17;564
28;2025-12-20;18;517
28;2025-12-20;19;433
28;2025-12-20;20;329
28;2025-12-20;21;268
28;2025-12-20;22;130
28;2025-12-20;23;14
28;2025-12-21;0;0
28;2025-12-21;1;0
28;2025-12-21;2;0
28;2025-12-21;3;0
28;2025-12-21;4;0
28;2025-12-21;5;39
28;2025-12-21;6;111
28;2025-12-21;7;251
28;2025-12-21;8;383
28;2025-12-21;9;387
28;2025-12-21;10;379
28;2025-12-21;11;392
28;2025-12-21;12;450
28;2025-12-21;13;501
28;2025-12-21;14;491
28;2025-12-21;15;501
28;2025-12-21;16;494
28;2025-12-21;17;507
28;2025-12-21;18;479
28;2025-12-21;19;402
28;2025-12-21;20;314
28;2025-12-21;21;244
28;2025-12-21;22;115
28;2025-12-21;23;11
28;2025-12-22;0;0
28;2025-12-22;1;0
28;2025-12-22;2;0
28;2025-12-22;3;0
28;2025-12-22;4;2
28;2025-12-22;5;76
28;2025-12-22;6;252
28;2025-12-22;7;725
28;2025-12-22;8;1131
28;2025-12-22;9;811
28;2025-12-22;10;582
28;2025-12-22;11;518
28;2025-12-22;12;631
28;2025-12-22;13;648
28;2025-12-22;14;602
28;2025-12-22;15;619
28;2025-12-22;16;803
28;2025-12-22;17;886
28;2025-12-22;18;890
28;2025-12-22;19;683
28;2025-12-22;20;464
28;2025-12-22;21;296
28;2025-12-22;22;123
28;2025-12-22;23;12
28;2025-12-23;0;0
28;2025-12-23;1;0
28;2025-12-23;2;0
28;2025-12-23;3;0
28;2025-12-23;4;2
28;2025-12-23;5;73
28;2025-12-23;6;254
28;2025-12-23;7;740
28;2025-12-23;8;1131
28;2025-12-23;9;821
28;2025-12-23;10;624
28;2025-12-23;11;534
28;2025-12-23;12;627
28;2025-12-23;13;687
28;2025-12-23;14;629
28;2025-12-23;15;649
28;2025-12-23;16;760
28;2025-12-23;17;898
28;2025-12-23;18;892
28;2025-12-23;19;687
28;2025-12-23;20;500
28;2025-12-23;21;302
28;2025-12-23;22;123
28;2025-12-23;23;15
28;2025-12-24;0;0
28;2025-12-24;1;0
28;2025-12-24;2;0
28;2025-12-24;3;0
28;2025-12-24;4;2
28;2025-12-24;5;79
28;2025-12-24;6;266
28;2025-12-24;7;739
28;2025-12-24;8;1143
28;2025-12-24;9;786
28;2025-12-24;10;570
28;2025-12-24;11;564
28;2025-12-24;12;642
28;2025-12-24;13;684
28;2025-12-24;14;635
28;2025-12-24;15;656
28;2025-12-24;16;810
28;2025-12-24;17;936
28;2025-12-24;18;894
28;2025-12-24;19;694
28;2025-12-24;20;478
28;2025-12-24;21;305
28;2025-12-24;22;141
28;2025-12-24;23;16
28;2025-12-25;0;0
28;2025-12-25;1;0
28;2025-12-25;2;0
28;2025-12-25;3;0
28;2025-12-25;4;1
28;2025-12-25;5;74
28;2025-12-25;6;265
28;2025-12-25;7;763
28;2025-12-25;8;1178
28;2025-12-25;9;828
28;2025-12-25;10;587
28;2025-12-25;11;516
28;2025-12-25;12;663
28;2025-12-25;13;675
28;2025-12-25;14;634
28;2025-12-25;15;653
28;2025-12-25;16;781
28;2025-12-25;17;904
28;2025-12-25;18;930
28;2025-12-25;19;692
28;2025-12-25;20;510
28;2025-12-25;21;316
28;2025-12-25;22;139
28;2025-12-25;23;13
28;2025-12-26;0;0
28;2025-12-26;1;0
28;2025-12-26;2;0
28;2025-12-26;3;0
28;2025-12-26;4;2
28;2025-12-26;5;73
28;2025-12-26;6;245
28;2025-12-26;7;714
28;2025-12-26;8;1071
28;2025-12-26;9;782
28;2025-12-26;10;583
28;2025-12-26;11;513
28;2025-12-26;12;627
28;2025-12-26;13;675
28;2025-12-26;14;659
28;2025-12-26;15;653
28;2025-12-26;16;856
28;2025-12-26;17;912
28;2025-12-26;18;790
28;2025-12-26;19;610
28;2025-12-26;20;440
28;2025-12-26;21;298
28;2025-12-26;22;138
28;2025-12-26;23;16
28;2025-12-27;0;0
28;2025-12-27;1;0
28;2025-12-27;2;0
28;2025-12-27;3;0
28;2025-12-27;4;1
28;2025-12-27;5;43
28;2025-12-27;6;126
28;2025-12-27;7;300
28;2025-12-27;8;453
28;2025-12-27;9;498
28;2025-12-27;10;460
28;2025-12-27;11;446
28;2025-12-27;12;522
28;2025-12-27;13;567
28;2025-12-27;14;556
28;2025-12-27;15;544
28;2025-12-27;16;544
28;2025-12-27;17;564
28;2025-12-27;18;517
28;2025-12-27;19;433
28;2025-12-27;20;329
28;2025-12-27;21;268
28;2025-12-27;22;130
28;2025-12-27;23;14
28;2025-12-28;0;0
28;2025-12-28;1;0
28;2025-12-28;2;0
28;2025-12-28;3;0
28;2025-12-28;4;0
28;2025-12-28;5;39
28;2025-12-28;6;111
28;2025-12-28;7;251
28;2025-12-28;8;383
28;2025-12-28;9;387
28;2025-12-28;10;379
28;2025-12-28;11;392
28;2025-12-28;12;450
28;2025-12-28;13;501
28;2025-12-28;14;491
28;2025-12-28;15;501
28;2025-12-28;16;494
28;2025-12-28;17;507
28;2025-12-28;18;479
28;2025-12-28;19;402
28;2025-12-28;20;314
28;2025-12-28;21;244
28;2025-12-28;22;115
28;2025-12-28;23;11
28;2025-12-29;0;0
28;2025-12-29;1;0
28;2025-12-29;2;0
28;2025-12-29;3;0
28;2025-12-29;4;2
28;2025-12-29;5;76
28;2025-12-29;6;252
28;2025-12-29;7;725
28;2025-12-29;8;1131
28;2025-12-29;9;811
28;2025-12-29;10;582
28;2025-12-29;11;518
28;2025-12-29;12;631
28;2025-12-29;13;648
28;2025-12-29;14;602
28;2025-12-29;15;619
28;2025-12-29;16;803
28;2025-12-29;17;886
28;2025-12-29;18;890
28;2025-12-29;19;683
28;2025-12-29;20;464
28;2025-12-29;21;296
28;2025-12-29;22;123
28;2025-12-29;23;12
28;2025-12-30;0;0
28;2025-12-30;1;0
28;2025-12-30;2;0
28;2025-12-30;3;0
28;2025-12-30;4;2
28;2025-12-30;5;73
28;2025-12-30;6;254
28;2025-12-30;7;740
28;2025-12-30;8;1131
28;2025-12-30;9;821
28;2025-12-30;10;624
28;2025-12-30;11;534
28;2025-12-30;12;627
28;2025-12-30;13;687
28;2025-12-30;14;629
28;2025-12-30;15;649
28;2025-12-30;16;760
28;2025-12-30;17;898
28;2025-12-30;18;892
28;2025-12-30;19;687
28;2025-12-30;20;500
28;2025-12-30;21;302
28;2025-12-30;22;123
28;2025-12-30;23;15
28;2025-12-31;0;0
28;2025-12-31;1;0
28;2025-12-31;2;0
28;2025-12-31;3;0
28;2025-12-31;4;0
28;2025-12-31;5;39
28;2025-12-31;6;111
28;2025-12-31;7;251
28;2025-12-31;8;383
28;2025-12-31;9;387
28;2025-12-31;10;379
28;2025-12-31;11;392
28;2025-12-31;12;450
28;2025-12-31;13;501
28;2025-12-31;14;491
28;2025-12-31;15;501
28;2025-12-31;16;494
28;2025-12-31;17;507
28;2025-12-31;18;479
28;2025-12-31;19;402
28;2025-12-31;20;314
28;2025-12-31;21;244
28;2025-12-31;22;115
28;2025-12-31;23;11
50;2025-11-01;0;34
50;2025-11-01;1;3
50;2025-11-01;2;0
50;2025-11-01;3;0
50;2025-11-01;4;3
50;2025-11-01;5;66
50;2025-11-01;6;518
50;2025-11-01;7;1684
50;2025-11-01;8;2662
50;2025-11-01;9;2053
50;2025-11-01;10;1576
50;2025-11-01;11;1451
50;2025-11-01;12;1328
50;2025-11-01;13;1356
50;2025-11-01;14;1315
50;2025-11-01;15;1494
50;2025-11-01;16;1591
50;2025-11-01;17;2228
50;2025-11-01;18;2342
50;2025-11-01;19;1393
50;2025-11-01;20;859
50;2025-11-01;21;580
50;2025-11-01;22;262
50;2025-11-01;23;129
50;2025-11-02;0;47
50;2025-11-02;1;5
50;2025-11-02;2;0
50;2025-11-02;3;0
50;2025-11-02;4;0
50;2025-11-02;5;32
50;2025-11-02;6;196
50;2025-11-02;7;499
50;2025-11-02;8;782
50;2025-11-02;9;743
50;2025-11-02;10;664
50;2025-11-02;11;770
50;2025-11-02;12;791
50;2025-11-02;13;833
50;2025-11-02;14;854
50;2025-11-02;15;819
50;2025-11-02;16;864
50;2025-11-02;17;965
50;2025-11-02;18;892
50;2025-11-02;19;680
50;2025-11-02;20;508
50;2025-11-02;21;388
50;2025-11-02;22;224
50;2025-11-02;23;119
50;2025-11-03;0;47
50;2025-11-03;1;5
50;2025-11-03;2;0
50;2025-11-03;3;0
50;2025-11-03;4;0
50;2025-11-03;5;32
50;2025-11-03;6;196
50;2025-11-03;7;499
50;2025-11-03;8;782
50;2025-11-03;9;743
50;2025-11-03;10;664
50;2025-11-03;11;770
50;2025-11-03;12;791
50;2025-11-03;13;833
50;2025-11-03;14;854
50;2025-11-03;15;819
50;2025-11-03;16;864
50;2025-11-03;17;965
50;2025-11-03;18;892
50;2025-11-03;19;680
50;2025-11-03;20;508
50;2025-11-03;21;388
50;2025-11-03;22;224
50;2025-11-03;23;119
50;2025-11-04;0;47
50;2025-11-04;1;5
50;2025-11-04;2;0
50;2025-11-04;3;0
50;2025-11-04;4;0
50;2025-11-04;5;32
50;2025-11-04;6;196
50;2025-11-04;7;499
50;2025-11-04;8;782
50;2025-11-04;9;743
50;2025-11-04;10;664
50;2025-11-04;11;770
50;2025-11-04;12;791
50;2025-11-04;13;833
50;2025-11-04;14;854
50;2025-11-04;15;819
50;2025-11-04;16;864
50;2025-11-04;17;965
50;2025-11-04;18;892
50;2025-11-04;19;680
50;2025-11-04;20;508
50;2025-11-04;21;388
50;2025-11-04;22;224
50;2025-11-04;23;119
50;2025-11-05;0;36
50;2025-11-05;1;4
50;2025-11-05;2;0
50;2025-11-05;3;0
50;2025-11-05;4;3
50;2025-11-05;5;68
50;2025-11-05;6;533
50;2025-11-05;7;1655
50;2025-11-05;8;2593
50;2025-11-05;9;2035
50;2025-11-05;10;1585
50;2025-11-05;11;1506
50;2025-11-05;12;1401
50;2025-11-05;13;1413
50;2025-11-05;14;1348
50;2025-11-05;15;1500
50;2025-11-05;16;1645
50;2025-11-05;17;2276
50;2025-11-05;18;2327
50;2025-11-05;19;1395
50;2025-11-05;20;848
50;2025-11-05;21;595
50;2025-11-05;22;282
50;2025-11-05;23;140
50;2025-11-06;0;39
50;2025-11-06;1;3
50;2025-11-06;2;0
50;2025-11-06;3;0
50;2025-11-06;4;2
50;2025-11-06;5;65
50;2025-11-06;6;530
50;2025-11-06;7;1688
50;2025-11-06;8;2586
50;2025-11-06;9;2016
50;2025-11-06;10;1608
50;2025-11-06;11;1486
50;2025-11-06;12;1407
50;2025-11-06;13;1388
50;2025-11-06;14;1325
50;2025-11-06;15;1509
50;2025-11-06;16;1641
50;2025-11-06;17;2212
50;2025-11-06;18;2321
50;2025-11-06;19;1353
50;2025-11-06;20;911
50;2025-11-06;21;608
50;2025-11-06;22;282
50;2025-11-06;23;151
50;2025-11-07;0;41
50;2025-11-07;1;3
50;2025-11-07;2;0
50;2025-11-07;3;0
50;2025-11-07;4;2
50;2025-11-07;5;65
50;2025-11-07;6;531
50;2025-11-07;7;1647
50;2025-11-07;8;2576
50;2025-11-07;9;1988
50;2025-11-07;10;1472
50;2025-11-07;11;1533
50;2025-11-07;12;1432
50;2025-11-07;13;1408
50;2025-11-07;14;1354
50;2025-11-07;15;1636
50;2025-11-07;16;1899
50;2025-11-07;17;2056
50;2025-11-07;18;1756
50;2025-11-07;19;1164
50;2025-11-07;20;788
50;2025-11-07;21;538
50;2025-11-07;22;293
50;2025-11-07;23;163
50;2025-11-08;0;55
50;2025-11-08;1;4
50;2025-11-08;2;0
50;2025-11-08;3;0
50;2025-11-08;4;1
50;2025-11-08;5;38
50;2025-11-08;6;229
50;2025-11-08;7;603
50;2025-11-08;8;944
50;2025-11-08;9;872
50;2025-11-08;10;773
50;2025-11-08;11;848
50;2025-11-08;12;866
50;2025-11-08;13;896
50;2025-11-08;14;885
50;2025-11-08;15;898
50;2025-11-08;16;887
50;2025-11-08;17;1021
50;2025-11-08;18;942
50;2025-11-08;19;748
50;2025-11-08;20;536
50;2025-11-08;21;404
50;2025-11-08;22;243
50;2025-11-08;23;142
50;2025-11-09;0;47
50;2025-11-09;1;5
50;2025-11-09;2;0
50;2025-11-09;3;0
50;2025-11-09;4;0
50;2025-11-09;5;32
50;2025-11-09;6;196
50;2025-11-09;7;499
50;2025-11-09;8;782
50;2025-11-09;9;743
50;2025-11-09;10;664
50;2025-11-09;11;770
50;2025-11-09;12;791
50;2025-11-09;13;833
50;2025-11-09;14;854
50;2025-11-09;15;819
50;2025-11-09;16;864
50;2025-11-09;17;965
50;2025-11-09;18;892
50;2025-11-09;19;680
50;2025-11-09;20;508
50;2025-11-09;21;388
50;2025-11-09;22;224
50;2025-11-09;23;119
50;2025-11-10;0;34
50;2025-11-10;1;3
50;2025-11-10;2;0
50;2025-11-10;3;0
50;2025-11-10;4;3
50;2025-11-10;5;66
50;2025-11-10;6;518
50;2025-11-10;7;1684
50;2025-11-10;8;2662
50;2025-11-10;9;2053
50;2025-11-10;10;1576
50;2025-11-10;11;1451
50;2025-11-10;12;1328
50;2025-11-10;13;1356
50;2025-11-10;14;1315
50;2025-11-10;15;1494
50;2025-11-10;16;1591
50;2025-11-10;17;2228
50;2025-11-10;18;2342
50;2025-11-10;19;1393
50;2025-11-10;20;859
50;2025-11-10;21;580
50;2025-11-10;22;262
50;2025-11-10;23;129
50;2025-11-11;0;35
50;2025-11-11;1;3
50;2025-11-11;2;0
50;2025-11-11;3;0
50;2025-11-11;4;2
50;2025-11-11;5;66
50;2025-11-11;6;546
50;2025-11-11;7;1733
50;2025-11-11;8;2699
50;2025-11-11;9;2108
50;2025-11-11;10;1611
50;2025-11-11;11;1514
50;2025-11-11;12;1430
50;2025-11-11;13;1412
50;2025-11-11;14;1356
50;2025-11-11;15;1570
50;2025-11-11;16;1565
50;2025-11-11;17;2247
50;2025-11-11;18;2438
50;2025-11-11;19;1417
50;2025-11-11;20;903
50;2025-11-11;21;608
50;2025-11-11;22;276
50;2025-11-11;23;130
50;2025-11-12;0;36
50;2025-11-12;1;4
50;2025-11-12;2;0
50;2025-11-12;3;0
50;2025-11-12;4;3
50;2025-11-12;5;68
50;2025-11-12;6;533
50;2025-11-12;7;1655
50;2025-11-12;8;2593
50;2025-11-12;9;2035
50;2025-11-12;10;1585
50;2025-11-12;11;1506
50;2025-11-12;12;1401
50;2025-11-12;13;1413
50;2025-11-12;14;1348
50;2025-11-12;15;1500
50;2025-11-12;16;1645
50;2025-11-12;17;2276
50;2025-11-12;18;2327
50;2025-11-12;19;1395
50;2025-11-12;20;848
50;2025-11-12;21;595
50;2025-11-12;22;282
50;2025-11-12;23;140
50;2025-11-13;0;39
50;2025-11-13;1;3
50;2025-11-13;2;0
50;2025-11-13;3;0
50;2025-11-13;4;2
50;2025-11-13;5;65
50;2025-11-13;6;530
50;2025-11-13;7;1688
50;2025-11-13;8;2586
50;2025-11-13;9;2016
50;2025-11-13;10;1608
50;2025-11-13;11;1486
50;2025-11-13;12;1407
50;2025-11-13;13;1388
50;2025-11-13;14;1325
50;2025-11-13;15;1509
50;2025-11-13;16;1641
50;2025-11-13;17;2212
50;2025-11-13;18;2321
50;2025-11-13;19;1353
50;2025-11-13;20;911
50;2025-11-13;21;608
50;2025-11-13;22;282
50;2025-11-13;23;151
50;2025-11-14;0;41
50;2025-11-14;1;3
50;2025-11-14;2;0
50;2025-11-14;3;0
50;2025-11-14;4;2
50;2025-11-14;5;65
50;2025-11-14;6;531
50;2025-11-14;7;1647
50;2025-11-14;8;2576
50;2025-11-14;9;1988
50;2025-11-14;10;1472
50;2025-11-14;11;1533
50;2025-11-14;12;1432
50;2025-11-14;13;1408
50;2025-11-14;14;1354
50;2025-11-14;15;1636
50;2025-11-14;16;1899
50;2025-11-14;17;2056
50;2025-11-14;18;1756
50;2025-11-14;19;1164
50;2025-11-14;20;788
50;2025-11-14;21;538
50;2025-11-14;22;293
50;2025-11-14;23;163
50;2025-11-15;0;55
50;2025-11-15;1;4
50;2025-11-15;2;0
50;2025-11-15;3;0
50;2025-11-15;4;1
50;2025-11-15;5;38
50;2025-11-15;6;229
50;2025-11-15;7;603
50;2025-11-15;8;944
50;2025-11-15;9;872
50;2025-11-15;10;773
50;2025-11-15;11;848
50;2025-11-15;12;866
50;2025-11-15;13;896
50;2025-11-15;14;885
50;2025-11-15;15;898
50;2025-11-15;16;887
50;2025-11-15;17;1021
50;2025-11-15;18;942
50;2025-11-15;19;748
50;2025-11-15;20;536
50;2025-11-15;21;404
50;2025-11-15;22;243
50;2025-11-15;23;142
50;2025-11-16;0;47
50;2025-11-16;1;5
50;2025-11-16;2;0
50;2025-11-16;3;0
50;2025-11-16;4;0
50;2025-11-16;5;32
50;2025-11-16;6;196
50;2025-11-16;7;499
50;2025-11-16;8;782
50;2025-11-16;9;743
50;2025-11-16;10;664
50;2025-11-16;11;770
50;2025-11-16;12;791
50;2025-11-16;13;833
50;2025-11-16;14;854
50;2025-11-16;15;819
50;2025-11-16;16;864
50;2025-11-16;17;965
50;2025-11-16;18;892
50;2025-11-16;19;680
50;2025-11-16;20;508
50;2025-11-16;21;388
50;2025-11-16;22;224
50;2025-11-16;23;119
50;2025-11-17;0;34
50;2025-11-17;1;3
50;2025-11-17;2;0
50;2025-11-17;3;0
50;2025-11-17;4;3
50;2025-11-17;5;66
50;2025-11-17;6;518
50;2025-11-17;7;1684
50;2025-11-17;8;2662
50;2025-11-17;9;2053
50;2025-11-17;10;1576
50;2025-11-17;11;1451
50;2025-11-17;12;1328
50;2025-11-17;13;1356
50;2025-11-17;14;1315
50;2025-11-17;15;1494
50;2025-11-17;16;1591
50;2025-11-17;17;2228
50;2025-11-17;18;2342
50;2025-11-17;19;1393
50;2025-11-17;20;859
50;2025-11-17;21;580
50;2025-11-17;22;262
50;2025-11-17;23;129
50;2025-11-18;0;35
50;2025-11-18;1;3
50;2025-11-18;2;0
50;2025-11-18;3;0
50;2025-11-18;4;2
50;2025-11-18;5;66
50;2025-11-18;6;546
50;2025-11-18;7;1733
50;2025-11-18;8;2699
50;2025-11-18;9;2108
50;2025-11-18;10;1611
50;2025-11-18;11;1514
50;2025-11-18;12;1430
50;2025-11-18;13;1412
50;2025-11-18;14;1356
50;2025-11-18;15;1570
50;2025-11-18;16;1565
50;2025-11-18;17;2247
50;2025-11-18;18;2438
50;2025-11-18;19;1417
50;2025-11-18;20;903
50;2025-11-18;21;608
50;2025-11-18;22;276
50;2025-11-18;23;130
50;2025-11-19;0;36
50;2025-11-19;1;4
50;2025-11-19;2;0
50;2025-11-19;3;0
50;2025-11-19;4;3
50;2025-11-19;5;68
50;2025-11-19;6;533
50;2025-11-19;7;1655
50;2025-11-19;8;2593
50;2025-11-19;9;2035
50;2025-11-19;10;1585
50;2025-11-19;11;1506
50;2025-11-19;12;1401
50;2025-11-19;13;1413
50;2025-11-19;14;1348
50;2025-11-19;15;1500
50;2025-11-19;16;1645
50;2025-11-19;17;2276
50;2025-11-19;18;2327
50;2025-11-19;19;1395
50;2025-11-19;20;848
50;2025-11-19;21;595
50;2025-11-19;22;282
50;2025-11-19;23;140
50;2025-11-20;0;39
50;2025-11-20;1;3
50;2025-11-20;2;0
50;2025-11-20;3;0
50;2025-11-20;4;2
50;2025-11-20;5;65
50;2025-11-20;6;530
50;2025-11-20;7;1688
50;2025-11-20;8;2586
50;2025-11-20;9;2016
50;2025-11-20;10;1608
50;2025-11-20;11;1486
50;2025-11-20;12;1407
50;2025-11-20;13;1388
50;2025-11-20;14;1325
50;2025-11-20;15;1509
50;2025-11-20;16;1641
50;2025-11-20;17;2212
50;2025-11-20;18;2321
50;2025-11-20;19;1353
50;2025-11-20;20;911
50;2025-11-20;21;608
50;2025-11-20;22;282
50;2025-11-20;23;151
50;2025-11-21;0;41
50;2025-11-21;1;3
50;2025-11-21;2;0
50;2025-11-21;3;0
50;2025-11-21;4;2
50;2025-11-21;5;65
50;2025-11-21;6;531
50;2025-11-21;7;1647
50;2025-11-21;8;2576
50;2025-11-21;9;1988
50;2025-11-21;10;1472
50;2025-11-21;11;1533
50;2025-11-21;12;1432
50;2025-11-21;13;1408
50;2025-11-21;14;1354
50;2025-11-21;15;1636
50;2025-11-21;16;1899
50;2025-11-21;17;2056
50;2025-11-21;18;1756
50;2025-11-21;19;1164
50;2025-11-21;20;788
50;2025-11-21;21;538
50;2025-11-21;22;293
50;2025-11-21;23;163
50;2025-11-22;0;55
50;2025-11-22;1;4
50;2025-11-22;2;0
50;2025-11-22;3;0
50;2025-11-22;4;1
50;2025-11-22;5;38
50;2025-11-22;6;229
50;2025-11-22;7;603
50;2025-11-22;8;944
50;2025-11-22;9;872
50;2025-11-22;10;773
50;2025-11-22;11;848
50;2025-11-22;12;866
50;2025-11-22;13;896
50;2025-11-22;14;885
50;2025-11-22;15;898
50;2025-11-22;16;887
50;2025-11-22;17;1021
50;2025-11-22;18;942
50;2025-11-22;19;748
50;2025-11-22;20;536
50;2025-11-22;21;404
50;2025-11-22;22;243
50;2025-11-22;23;142
50;2025-11-23;0;47
50;2025-11-23;1;5
50;2025-11-23;2;0
50;2025-11-23;3;0
50;2025-11-23;4;0
50;2025-11-23;5;32
50;2025-11-23;6;196
50;2025-11-23;7;499
50;2025-11-23;8;782
50;2025-11-23;9;743
50;2025-11-23;10;664
50;2025-11-23;11;770
50;2025-11-23;12;791
50;2025-11-23;13;833
50;2025-11-23;14;854
50;2025-11-23;15;819
50;2025-11-23;16;864
50;2025-11-23;17;965
50;2025-11-23;18;892
50;2025-11-23;19;680
50;2025-11-23;20;508
50;2025-11-23;21;388
50;2025-11-23;22;224
50;2025-11-23;23;119
50;2025-11-24;0;34
50;2025-11-24;1;3
50;2025-11-24;2;0
50;2025-11-24;3;0
50;2025-11-24;4;3
50;2025-11-24;5;66
50;2025-11-24;6;518
50;2025-11-24;7;1684
50;2025-11-24;8;2662
50;2025-11-24;9;2053
50;2025-11-24;10;1576
50;2025-11-24;11;1451
50;2025-11-24;12;1328
50;2025-11-24;13;1356
50;2025-11-24;14;1315
50;2025-11-24;15;1494
50;2025-11-24;16;1591
50;2025-11-24;17;2228
50;2025-11-24;18;2342
50;2025-11-24;19;1393
50;2025-11-24;20;859
50;2025-11-24;21;580
50;2025-11-24;22;262
50;2025-11-24;23;129
50;2025-11-25;0;35
50;2025-11-25;1;3
50;2025-11-25;2;0
50;2025-11-25;3;0
50;2025-11-25;4;2
50;2025-11-25;5;66
50;2025-11-25;6;546
50;2025-11-25;7;1733
50;2025-11-25;8;2699
50;2025-11-25;9;2108
50;2025-11-25;10;1611
50;2025-11-25;11;1514
50;2025-11-25;12;1430
50;2025-11-25;13;1412
50;2025-11-25;14;1356
50;2025-11-25;15;1570
50;2025-11-25;16;1565
50;2025-11-25;17;2247
50;2025-11-25;18;2438
50;2025-11-25;19;1417
50;2025-11-25;20;903
50;2025-11-25;21;608
50;2025-11-25;22;276
50;2025-11-25;23;130
50;2025-11-26;0;36
50;2025-11-26;1;4
50;2025-11-26;2;0
50;2025-11-26;3;0
50;2025-11-26;4;3
50;2025-11-26;5;68
50;2025-11-26;6;533
50;2025-11-26;7;1655
50;2025-11-26;8;2593
50;2025-11-26;9;2035
50;2025-11-26;10;1585
50;2025-11-26;11;1506
50;2025-11-26;12;1401
50;2025-11-26;13;1413
50;2025-11-26;14;1348
50;2025-11-26;15;1500
50;2025-11-26;16;1645
50;2025-11-26;17;2276
50;2025-11-26;18;2327
50;2025-11-26;19;1395
50;2025-11-26;20;848
50;2025-11-26;21;595
50;2025-11-26;22;282
50;2025-11-26;23;140
50;2025-11-27;0;39
50;2025-11-27;1;3
50;2025-11-27;2;0
50;2025-11-27;3;0
50;2025-11-27;4;2
50;2025-11-27;5;65
50;2025-11-27;6;530
50;2025-11-27;7;1688
50;2025-11-27;8;2586
50;2025-11-27;9;2016
50;2025-11-27;10;1608
50;2025-11-27;11;1486
50;2025-11-27;12;1407
50;2025-11-27;13;1388
50;2025-11-27;14;1325
50;2025-11-27;15;1509
50;2025-11-27;16;1641
50;2025-11-27;17;2212
50;2025-11-27;18;2321
50;2025-11-27;19;1353
50;2025-11-27;20;911
50;2025-11-27;21;608
50;2025-11-27;22;282
50;2025-11-27;23;151
50;2025-11-28;0;41
50;2025-11-28;1;3
50;2025-11-28;2;0
50;2025-11-28;3;0
50;2025-11-28;4;2
50;2025-11-28;5;65
50;2025-11-28;6;531
50;2025-11-28;7;1647
50;2025-11-28;8;2576
50;2025-11-28;9;1988
50;2025-11-28;10;1472
50;2025-11-28;11;1533
50;2025-11-28;12;1432
50;2025-11-28;13;1408
50;2025-11-28;14;1354
50;2025-11-28;15;1636
50;2025-11-28;16;1899
50;2025-11-28;17;2056
50;2025-11-28;18;1756
50;2025-11-28;19;1164
50;2025-11-28;20;788
50;2025-11-28;21;538
50;2025-11-28;22;293
50;2025-11-28;23;163
50;2025-11-29;0;55
50;2025-11-29;1;4
50;2025-11-29;2;0
50;2025-11-29;3;0
50;2025-11-29;4;1
50;2025-11-29;5;38
50;2025-11-29;6;229
50;2025-11-29;7;603
50;2025-11-29;8;944
50;2025-11-29;9;872
50;2025-11-29;10;773
50;2025-11-29;11;848
50;2025-11-29;12;866
50;2025-11-29;13;896
50;2025-11-29;14;885
50;2025-11-29;15;898
50;2025-11-29;16;887
50;2025-11-29;17;1021
50;2025-11-29;18;942
50;2025-11-29;19;748
50;2025-11-29;20;536
50;2025-11-29;21;404
50;2025-11-29;22;243
50;2025-11-29;23;142
50;2025-11-30;0;47
50;2025-11-30;1;5
50;2025-11-30;2;0
50;2025-11-30;3;0
50;2025-11-30;4;0
50;2025-11-30;5;32
50;2025-11-30;6;196
50;2025-11-30;7;499
50;2025-11-30;8;782
50;2025-11-30;9;743
50;2025-11-30;10;664
50;2025-11-30;11;770
50;2025-11-30;12;791
50;2025-11-30;13;833
50;2025-11-30;14;854
50;2025-11-30;15;819
50;2025-11-30;16;864
50;2025-11-30;17;965
50;2025-11-30;18;892
50;2025-11-30;19;680
50;2025-11-30;20;508
50;2025-11-30;21;388
50;2025-11-30;22;224
50;2025-11-30;23;119
50;2025-12-01;0;34
50;2025-12-01;1;3
50;2025-12-01;2;0
50;2025-12-01;3;0
50;2025-12-01;4;3
50;2025-12-01;5;66
50;2025-12-01;6;518
50;2025-12-01;7;1684
50;2025-12-01;8;2662
50;2025-12-01;9;2053
50;2025-12-01;10;1576
50;2025-12-01;11;1451
50;2025-12-01;12;1328
50;2025-12-01;13;1356
50;2025-12-01;14;1315
50;2025-12-01;15;1494
50;2025-12-01;16;1591
50;2025-12-01;17;2228
50;2025-12-01;18;2342
50;2025-12-01;19;1393
50;2025-12-01;20;859
50;2025-12-01;21;580
50;2025-12-01;22;262
50;2025-12-01;23;129
50;2025-12-02;0;35
50;2025-12-02;1;3
50;2025-12-02;2;0
50;2025-12-02;3;0
50;2025-12-02;4;2
50;2025-12-02;5;66
50;2025-12-02;6;546
50;2025-12-02;7;1733
50;2025-12-02;8;2699
50;2025-12-02;9;2108
50;2025-12-02;10;1611
50;2025-12-02;11;1514
50;2025-12-02;12;1430
50;2025-12-02;13;1412
50;2025-12-02;14;1356
50;2025-12-02;15;1570
50;2025-12-02;16;1565
50;2025-12-02;17;2247
50;2025-12-02;18;2438
50;2025-12-02;19;1417
50;2025-12-02;20;903
50;2025-12-02;21;608
50;2025-12-02;22;276
50;2025-12-02;23;130
50;2025-12-03;0;36
50;2025-12-03;1;4
50;2025-12-03;2;0
50;2025-12-03;3;0
50;2025-12-03;4;3
50;2025-12-03;5;68
50;2025-12-03;6;533
50;2025-12-03;7;1655
50;2025-12-03;8;2593
50;2025-12-03;9;2035
50;2025-12-03;10;1585
50;2025-12-03;11;1506
50;2025-12-03;12;1401
50;2025-12-03;13;1413
50;2025-12-03;14;1348
50;2025-12-03;15;1500
50;2025-12-03;16;1645
50;2025-12-03;17;2276
50;2025-12-03;18;2327
50;2025-12-03;19;1395
50;2025-12-03;20;848
50;2025-12-03;21;595
50;2025-12-03;22;282
50;2025-12-03;23;140
50;2025-12-04;0;39
50;2025-12-04;1;3
50;2025-12-04;2;0
50;2025-12-04;3;0
50;2025-12-04;4;2
50;2025-12-04;5;65
50;2025-12-04;6;530
50;2025-12-04;7;1688
50;2025-12-04;8;2586
50;2025-12-04;9;2016
50;2025-12-04;10;1608
50;2025-12-04;11;1486
50;2025-12-04;12;1407
50;2025-12-04;13;1388
50;2025-12-04;14;1325
50;2025-12-04;15;1509
50;2025-12-04;16;1641
50;2025-12-04;17;2212
50;2025-12-04;18;2321
50;2025-12-04;19;1353
50;2025-12-04;20;911
50;2025-12-04;21;608
50;2025-12-04;22;282
50;2025-12-04;23;151
50;2025-12-05;0;41
50;2025-12-05;1;3
50;2025-12-05;2;0
50;2025-12-05;3;0
50;2025-12-05;4;2
50;2025-12-05;5;65
50;2025-12-05;6;531
50;2025-12-05;7;1647
50;2025-12-05;8;2576
50;2025-12-05;9;1988
50;2025-12-05;10;1472
50;2025-12-05;11;1533
50;2025-12-05;12;1432
50;2025-12-05;13;1408
50;2025-12-05;14;1354
50;2025-12-05;15;1636
50;2025-12-05;16;1899
50;2025-12-05;17;2056
50;2025-12-05;18;1756
50;2025-12-05;19;1164
50;2025-12-05;20;788
50;2025-12-05;21;538
50;2025-12-05;22;293
50;2025-12-05;23;163
50;2025-12-06;0;55
50;2025-12-06;1;4
50;2025-12-06;2;0
50;2025-12-06;3;0
50;2025-12-06;4;1
50;2025-12-06;5;38
50;2025-12-06;6;229
50;2025-12-06;7;603
50;2025-12-06;8;944
50;2025-12-06;9;872
50;2025-12-06;10;773
50;2025-12-06;11;848
50;2025-12-06;12;866
50;2025-12-06;13;896
50;2025-12-06;14;885
50;2025-12-06;15;898
50;2025-12-06;16;887
50;2025-12-06;17;1021
50;2025-12-06;18;942
50;2025-12-06;19;748
50;2025-12-06;20;536
50;2025-12-06;21;404
50;2025-12-06;22;243
50;2025-12-06;23;142
50;2025-12-07;0;47
50;2025-12-07;1;5
50;2025-12-07;2;0
50;2025-12-07;3;0
50;2025-12-07;4;0
50;2025-12-07;5;32
50;2025-12-07;6;196
50;2025-12-07;7;499
50;2025-12-07;8;782
50;2025-12-07;9;743
50;2025-12-07;10;664
50;2025-12-07;11;770
50;2025-12-07;12;791
50;2025-12-07;13;833
50;2025-12-07;14;854
50;2025-12-07;15;819
50;2025-12-07;16;864
50;2025-12-07;17;965
50;2025-12-07;18;892
50;2025-12-07;19;680
50;2025-12-07;20;508
50;2025-12-07;21;388
50;2025-12-07;22;224
50;2025-12-07;23;119
50;2025-12-08;0;34
50;2025-12-08;1;3
50;2025-12-08;2;0
50;2025-12-08;3;0
50;2025-12-08;4;3
50;2025-12-08;5;66
50;2025-12-08;6;518
50;2025-12-08;7;1684
50;2025-12-08;8;2662
50;2025-12-08;9;2053
50;2025-12-08;10;1576
50;2025-12-08;11;1451
50;2025-12-08;12;1328
50;2025-12-08;13;1356
50;2025-12-08;14;1315
50;2025-12-08;15;1494
50;2025-12-08;16;1591
50;2025-12-08;17;2228
50;2025-12-08;18;2342
50;2025-12-08;19;1393
50;2025-12-08;20;859
50;2025-12-08;21;580
50;2025-12-08;22;262
50;2025-12-08;23;129
50;2025-12-09;0;35
50;2025-12-09;1;3
50;2025-12-09;2;0
50;2025-12-09;3;0
50;2025-12-09;4;2
50;2025-12-09;5;66
50;2025-12-09;6;546
50;2025-12-09;7;1733
50;2025-12-09;8;2699
50;2025-12-09;9;2108
50;2025-12-09;10;1611
50;2025-12-09;11;1514
50;2025-12-09;12;1430
50;2025-12-09;13;1412
50;2025-12-09;14;1356
50;2025-12-09;15;1570
50;2025-12-09;16;1565
50;2025-12-09;17;2247
50;2025-12-09;18;2438
50;2025-12-09;19;1417
50;2025-12-09;20;903
50;2025-12-09;21;608
50;2025-12-09;22;276
50;2025-12-09;23;130
50;2025-12-10;0;36
50;2025-12-10;1;4
50;2025-12-10;2;0
50;2025-12-10;3;0
50;2025-12-10;4;3
50;2025-12-10;5;68
50;2025-12-10;6;533
50;2025-12-10;7;1655
50;2025-12-10;8;2593
50;2025-12-10;9;2035
50;2025-12-10;10;1585
50;2025-12-10;11;1506
50;2025-12-10;12;1401
50;2025-12-10;13;1413
50;2025-12-10;14;1348
50;2025-12-10;15;1500
50;2025-12-10;16;1645
50;2025-12-10;17;2276
50;2025-12-10;18;2327
50;2025-12-10;19;1395
50;2025-12-10;20;848
50;2025-12-10;21;595
50;2025-12-10;22;282
50;2025-12-10;23;140
50;2025-12-11;0;39
50;2025-12-11;1;3
50;2025-12-11;2;0
50;2025-12-11;3;0
50;2025-12-11;4;2
50;2025-12-11;5;65
50;2025-12-11;6;530
50;2025-12-11;7;1688
50;2025-12-11;8;2586
50;2025-12-11;9;2016
50;2025-12-11;10;1608
50;2025-12-11;11;1486
50;2025-12-11;12;1407
50;2025-12-11;13;1388
50;2025-12-11;14;1325
50;2025-12-11;15;1509
50;2025-12-11;16;1641
50;2025-12-11;17;2212
50;2025-12-11;18;2321
50;2025-12-11;19;1353
50;2025-12-11;20;911
50;2025-12-11;21;608
50;2025-12-11;22;282
50;2025-12-11;23;151
50;2025-12-12;0;41
50;2025-12-12;1;3
50;2025-12-12;2;0
50;2025-12-12;3;0
50;2025-12-12;4;2
50;2025-12-12;5;65
50;2025-12-12;6;531
50;2025-12-12;7;1647
50;2025-12-12;8;2576
50;2025-12-12;9;1988
50;2025-12-12;10;1472
50;2025-12-12;11;1533
50;2025-12-12;12;1432
50;2025-12-12;13;1408
50;2025-12-12;14;1354
50;2025-12-12;15;1636
50;2025-12-12;16;1899
50;2025-12-12;17;2056
50;2025-12-12;18;1756
50;2025-12-12;19;1164
50;2025-12-12;20;788
50;2025-12-12;21;538
50;2025-12-12;22;293
50;2025-12-12;23;163
50;2025-12-13;0;55
50;2025-12-13;1;4
50;2025-12-13;2;0
50;2025-12-13;3;0
50;2025-12-13;4;1
50;2025-12-13;5;38
50;2025-12-13;6;229
50;2025-12-13;7;603
50;2025-12-13;8;944
50;2025-12-13;9;872
50;2025-12-13;10;773
50;2025-12-13;11;848
50;2025-12-13;12;866
50;2025-12-13;13;896
50;2025-12-13;14;885
50;2025-12-13;15;898
50;2025-12-13;16;887
50;2025-12-13;17;1021
50;2025-12-13;18;942
50;2025-12-13;19;748
50;2025-12-13;20;536
50;2025-12-13;21;404
50;2025-12-13;22;243
50;2025-12-13;23;142
50;2025-12-14;0;47
50;2025-12-14;1;5
50;2025-12-14;2;0
50;2025-12-14;3;0
50;2025-12-14;4;0
50;2025-12-14;5;32
50;2025-12-14;6;196
50;2025-12-14;7;499
50;2025-12-14;8;782
50;2025-12-14;9;743
50;2025-12-14;10;664
50;2025-12-14;11;770
50;2025-12-14;12;791
50;2025-12-14;13;833
50;2025-12-14;14;854
50;2025-12-14;15;819
50;2025-12-14;16;864
50;2025-12-14;17;965
50;2025-12-14;18;892
50;2025-12-14;19;680
50;2025-12-14;20;508
50;2025-12-14;21;388
50;2025-12-14;22;224
50;2025-12-14;23;119
50;2025-12-15;0;34
50;2025-12-15;1;3
50;2025-12-15;2;0
50;2025-12-15;3;0
50;2025-12-15;4;3
50;2025-12-15;5;66
50;2025-12-15;6;518
50;2025-12-15;7;1684
50;2025-12-15;8;2662
50;2025-12-15;9;2053
50;2025-12-15;10;1576
50;2025-12-15;11;1451
50;2025-12-15;12;1328
50;2025-12-15;13;1356
50;2025-12-15;14;1315
50;2025-12-15;15;1494
50;2025-12-15;16;1591
50;2025-12-15;17;2228
50;2025-12-15;18;2342
50;2025-12-15;19;1393
50;2025-12-15;20;859
50;2025-12-15;21;580
50;2025-12-15;22;262
50;2025-12-15;23;129
50;2025-12-16;0;35
50;2025-12-16;1;3
50;2025-12-16;2;0
50;2025-12-16;3;0
50;2025-12-16;4;2
50;2025-12-16;5;66
50;2025-12-16;6;546
50;2025-12-16;7;1733
50;2025-12-16;8;2699
50;2025-12-16;9;2108
50;2025-12-16;10;1611
50;2025-12-16;11;1514
50;2025-12-16;12;1430
50;2025-12-16;13;1412
50;2025-12-16;14;1356
50;2025-12-16;15;1570
50;2025-12-16;16;1565
50;2025-12-16;17;2247
50;2025-12-16;18;2438
50;2025-12-16;19;1417
50;2025-12-16;20;903
50;2025-12-16;21;608
50;2025-12-16;22;276
50;2025-12-16;23;130
50;2025-12-17;0;36
50;2025-12-17;1;4
50;2025-12-17;2;0
50;2025-12-17;3;0
50;2025-12-17;4;3
50;2025-12-17;5;68
50;2025-12-17;6;533
50;2025-12-17;7;1655
50;2025-12-17;8;2593
50;2025-12-17;9;2035
50;2025-12-17;10;1585
50;2025-12-17;11;1506
50;2025-12-17;12;1401
50;2025-12-17;13;1413
50;2025-12-17;14;1348
50;2025-12-17;15;1500
50;2025-12-17;16;1645
50;2025-12-17;17;2276
50;2025-12-17;18;2327
50;2025-12-17;19;1395
50;2025-12-17;20;848
50;2025-12-17;21;595
50;2025-12-17;22;282
50;2025-12-17;23;140
50;2025-12-18;0;39
50;2025-12-18;1;3
50;2025-12-18;2;0
50;2025-12-18;3;0
50;2025-12-18;4;2
50;2025-12-18;5;65
50;2025-12-18;6;530
50;2025-12-18;7;1688
50;2025-12-18;8;2586
50;2025-12-18;9;2016
50;2025-12-18;10;1608
50;2025-12-18;11;1486
50;2025-12-18;12;1407
50;2025-12-18;13;1388
50;2025-12-18;14;1325
50;2025-12-18;15;1509
50;2025-12-18;16;1641
50;2025-12-18;17;2212
50;2025-12-18;18;2321
50;2025-12-18;19;1353
50;2025-12-18;20;911
50;2025-12-18;21;608
50;2025-12-18;22;282
50;2025-12-18;23;151
50;2025-12-19;0;41
50;2025-12-19;1;3
50;2025-12-19;2;0
50;2025-12-19;3;0
50;2025-12-19;4;2
50;2025-12-19;5;65
50;2025-12-19;6;531
50;2025-12-19;7;1647
50;2025-12-19;8;2576
50;2025-12-19;9;1988
50;2025-12-19;10;1472
50;2025-12-19;11;1533
50;2025-12-19;12;1432
50;2025-12-19;13;1408
50;2025-12-19;14;1354
50;2025-12-19;15;1636
50;2025-12-19;16;1899
50;2025-12-19;17;2056
50;2025-12-19;18;1756
50;2025-12-19;19;1164
50;2025-12-19;20;788
50;2025-12-19;21;538
50;2025-12-19;22;293
50;2025-12-19;23;163
50;2025-12-20;0;55
50;2025-12-20;1;4
50;2025-12-20;2;0
50;2025-12-20;3;0
50;2025-12-20;4;1
50;2025-12-20;5;38
50;2025-12-20;6;229
50;2025-12-20;7;603
50;2025-12-20;8;944
50;2025-12-20;9;872
50;2025-12-20;10;773
50;2025-12-20;11;848
50;2025-12-20;12;866
50;2025-12-20;13;896
50;2025-12-20;14;885
50;2025-12-20;15;898
50;2025-12-20;16;887
50;2025-12-20;17;1021
50;2025-12-20;18;942
50;2025-12-20;19;748
50;2025-12-20;20;536
50;2025-12-20;21;404
50;2025-12-20;22;243
50;2025-12-20;23;142
50;2025-12-21;0;47
50;2025-12-21;1;5
50;2025-12-21;2;0
50;2025-12-21;3;0
50;2025-12-21;4;0
50;2025-12-21;5;32
50;2025-12-21;6;196
50;2025-12-21;7;499
50;2025-12-21;8;782
50;2025-12-21;9;743
50;2025-12-21;10;664
50;2025-12-21;11;770
50;2025-12-21;12;791
50;2025-12-21;13;833
50;2025-12-21;14;854
50;2025-12-21;15;819
50;2025-12-21;16;864
50;2025-12-21;17;965
50;2025-12-21;18;892
50;2025-12-21;19;680
50;2025-12-21;20;508
50;2025-12-21;21;388
50;2025-12-21;22;224
50;2025-12-21;23;119
50;2025-12-22;0;34
50;2025-12-22;1;3
50;2025-12-22;2;0
50;2025-12-22;3;0
50;2025-12-22;4;3
50;2025-12-22;5;66
50;2025-12-22;6;518
50;2025-12-22;7;1684
50;2025-12-22;8;2662
50;2025-12-22;9;2053
50;2025-12-22;10;1576
50;2025-12-22;11;1451
50;2025-12-22;12;1328
50;2025-12-22;13;1356
50;2025-12-22;14;1315
50;2025-12-22;15;1494
50;2025-12-22;16;1591
50;2025-12-22;17;2228
50;2025-12-22;18;2342
50;2025-12-22;19;1393
50;2025-12-22;20;859
50;2025-12-22;21;580
50;2025-12-22;22;262
50;2025-12-22;23;129
50;2025-12-23;0;35
50;2025-12-23;1;3
50;2025-12-23;2;0
50;2025-12-23;3;0
50;2025-12-23;4;2
50;2025-12-23;5;66
50;2025-12-23;6;546
50;2025-12-23;7;1733
50;2025-12-23;8;2699
50;2025-12-23;9;2108
50;2025-12-23;10;1611
50;2025-12-23;11;1514
50;2025-12-23;12;1430
50;2025-12-23;13;1412
50;2025-12-23;14;1356
50;2025-12-23;15;1570
50;2025-12-23;16;1565
50;2025-12-23;17;2247
50;2025-12-23;18;2438
50;2025-12-23;19;1417
50;2025-12-23;20;903
50;2025-12-23;21;608
50;2025-12-23;22;276
50;2025-12-23;23;130
50;2025-12-24;0;36
50;2025-12-24;1;4
50;2025-12-24;2;0
50;2025-12-24;3;0
50;2025-12-24;4;3
50;2025-12-24;5;68
50;2025-12-24;6;533
50;2025-12-24;7;1655
50;2025-12-24;8;2593
50;2025-12-24;9;2035
50;2025-12-24;10;1585
50;2025-12-24;11;1506
50;2025-12-24;12;1401
50;2025-12-24;13;1413
50;2025-12-24;14;1348
50;2025-12-24;15;1500
50;2025-12-24;16;1645
50;2025-12-24;17;2276
50;2025-12-24;18;2327
50;2025-12-24;19;1395
50;2025-12-24;20;848
50;2025-12-24;21;595
50;2025-12-24;22;282
50;2025-12-24;23;140
50;2025-12-25;0;39
50;2025-12-25;1;3
50;2025-12-25;2;0
50;2025-12-25;3;0
50;2025-12-25;4;2
50;2025-12-25;5;65
50;2025-12-25;6;530
50;2025-12-25;7;1688
50;2025-12-25;8;2586
50;2025-12-25;9;2016
50;2025-12-25;10;1608
50;2025-12-25;11;1486
50;2025-12-25;12;1407
50;2025-12-25;13;1388
50;2025-12-25;14;1325
50;2025-12-25;15;1509
50;2025-12-25;16;1641
50;2025-12-25;17;2212
50;2025-12-25;18;2321
50;2025-12-25;19;1353
50;2025-12-25;20;911
50;2025-12-25;21;608
50;2025-12-25;22;282
50;2025-12-25;23;151
50;2025-12-26;0;41
50;2025-12-26;1;3
50;2025-12-26;2;0
50;2025-12-26;3;0
50;2025-12-26;4;2
50;2025-12-26;5;65
50;2025-12-26;6;531
50;2025-12-26;7;1647
50;2025-12-26;8;2576
50;2025-12-26;9;1988
50;2025-12-26;10;1472
50;2025-12-26;11;1533
50;2025-12-26;12;1432
50;2025-12-26;13;1408
50;2025-12-26;14;1354
50;2025-12-26;15;1636
50;2025-12-26;16;1899
50;2025-12-26;17;2056
50;2025-12-26;18;1756
50;2025-12-26;19;1164
50;2025-12-26;20;788
50;2025-12-26;21;538
50;2025-12-26;22;293
50;2025-12-26;23;163
50;2025-12-27;0;55
50;2025-12-27;1;4
50;2025-12-27;2;0
50;2025-12-27;3;0
50;2025-12-27;4;1
50;2025-12-27;5;38
50;2025-12-27;6;229
50;2025-12-27;7;603
50;2025-12-27;8;944
50;2025-12-27;9;872
50;2025-12-27;10;773
50;2025-12-27;11;848
50;2025-12-27;12;866
50;2025-12-27;13;896
50;2025-12-27;14;885
50;2025-12-27;15;898
50;2025-12-27;16;887
50;2025-12-27;17;1021
50;2025-12-27;18;942
50;2025-12-27;19;748
50;2025-12-27;20;536
50;2025-12-27;21;404
50;2025-12-27;22;243
50;2025-12-27;23;142
50;2025-12-28;0;47
50;2025-12-28;1;5
50;2025-12-28;2;0
50;2025-12-28;3;0
50;2025-12-28;4;0
50;2025-12-28;5;32
50;2025-12-28;6;196
50;2025-12-28;7;499
50;2025-12-28;8;782
50;2025-12-28;9;743
50;2025-12-28;10;664
50;2025-12-28;11;770
50;2025-12-28;12;791
50;2025-12-28;13;833
50;2025-12-28;14;854
50;2025-12-28;15;819
50;2025-12-28;16;864
50;2025-12-28;17;965
50;2025-12-28;18;892
50;2025-12-28;19;680
50;2025-12-28;20;508
50;2025-12-28;21;388
50;2025-12-28;22;224
50;2025-12-28;23;119
50;2025-12-29;0;34
50;2025-12-29;1;3
50;2025-12-29;2;0
50;2025-12-29;3;0
50;2025-12-29;4;3
50;2025-12-29;5;66
50;2025-12-29;6;518
50;2025-12-29;7;1684
50;2025-12-29;8;2662
50;2025-12-29;9;2053
50;2025-12-29;10;1576
50;2025-12-29;11;1451
50;2025-12-29;12;1328
50;2025-12-29;13;1356
50;2025-12-29;14;1315
50;2025-12-29;15;1494
50;2025-12-29;16;1591
50;2025-12-29;17;2228
50;2025-12-29;18;2342
50;2025-12-29;19;1393
50;2025-12-29;20;859
50;2025-12-29;21;580
50;2025-12-29;22;262
50;2025-12-29;23;129
50;2025-12-30;0;35
50;2025-12-30;1;3
50;2025-12-30;2;0
50;2025-12-30;3;0
50;2025-12-30;4;2
50;2025-12-30;5;66
50;2025-12-30;6;546
50;2025-12-30;7;1733
50;2025-12-30;8;2699
50;2025-12-30;9;2108
50;2025-12-30;10;1611
50;2025-12-30;11;1514
50;2025-12-30;12;1430
50;2025-12-30;13;1412
50;2025-12-30;14;1356
50;2025-12-30;15;1570
50;2025-12-30;16;1565
50;2025-12-30;17;2247
50;2025-12-30;18;2438
50;2025-12-30;19;1417
50;2025-12-30;20;903
50;2025-12-30;21;608
50;2025-12-30;22;276
50;2025-12-30;23;130
50;2025-12-31;0;47
50;2025-12-31;1;5
50;2025-12-31;2;0
50;2025-12-31;3;0
50;2025-12-31;4;0
50;2025-12-31;5;32
50;2025-12-31;6;196
50;2025-12-31;7;499
50;2025-12-31;8;782
50;2025-12-31;9;743
50;2025-12-31;10;664
50;2025-12-31;11;770
50;2025-12-31;12;791
50;2025-12-31;13;833
50;2025-12-31;14;854
50;2025-12-31;15;819
50;2025-12-31;16;864
50;2025-12-31;17;965
50;2025-12-31;18;892
50;2025-12-31;19;680
50;2025-12-31;20;508
50;2025-12-31;21;388
50;2025-12-31;22;224
50;2025-12-31;23;119
